ID,Parent ID,Level,Name,Also Known As,Plain-English Description,Example,Personal/Commercial/Both,US Notes,Full Path
life,,1,Life Insurance,Life coverage,"Pays money to chosen people (beneficiaries) when the insured person dies, and some types also build cash value you can use while alive.",A parent buys a policy so their family can pay off the mortgage and college costs if the parent dies.,Personal,"Regulated by states; policy forms filed with each state insurance department. State guaranty associations protect policyholders if an insurer fails (typically at least $300,000 death benefit).",Life Insurance
life.term,life,2,Term Life,Temporary life insurance,"Covers you only for a fixed period, such as 10, 20 or 30 years, and pays out only if you die within that period. It has no cash value, which makes it the cheapest life cover.",A 30-year-old buys a 30-year term policy that matches the length of their mortgage.,Personal,The most common individual life product sold in the US by policy count.,Life Insurance > Term Life
life.term.level,life.term,3,Level Term,Guaranteed level term,"The death benefit and premium stay the same for the whole term (e.g. 10, 15, 20 or 30 years).","A family buys $500,000 of cover that stays at $500,000 for 20 years.",Personal,,Life Insurance > Term Life > Level Term
life.term.decreasing,life.term,3,Decreasing Term,Mortgage protection insurance,"The death benefit shrinks over time, usually in line with a mortgage balance.",A couple buys cover that falls each year as their mortgage is paid down.,Personal,Often marketed by mortgage servicers via direct mail.,Life Insurance > Term Life > Decreasing Term
life.term.art,life.term,3,Annually Renewable Term (ART),Yearly renewable term (YRT),"One-year cover that can be renewed each year without a new medical exam, with the premium rising as you age.","A person needs cover for a short, uncertain period and renews year by year.",Personal,YRT is also the most common basis for life reinsurance.,Life Insurance > Term Life > Annually Renewable Term (ART)
life.term.convertible,life.term,3,Convertible Term,,Term cover that can be switched into a permanent policy later without new medical questions.,"Someone buys cheap term cover now, planning to convert to whole life when their income grows.",Personal,Most US level term policies include a conversion privilege up to a set age.,Life Insurance > Term Life > Convertible Term
life.term.rop,life.term,3,Return of Premium Term (ROP),,Term cover that refunds the premiums you paid if you are still alive at the end of the term. It costs more than plain term.,"A buyer who dislikes ""wasting"" premiums picks a policy that returns them at the end of 30 years.",Personal,,Life Insurance > Term Life > Return of Premium Term (ROP)
life.term.credit_life,life.term,3,Credit Life Insurance,Credit insurance,Pays off a specific loan if the borrower dies; often offered by the lender at the time of the loan.,A car buyer is offered a policy that clears the auto loan if the buyer dies.,Personal,Rates and sales practices are tightly regulated by states; must be optional for the borrower.,Life Insurance > Term Life > Credit Life Insurance
life.permanent,life,2,Permanent Life,Cash value life insurance,"Covers you for your whole life as long as premiums are paid, and most types build a cash value you can borrow against or withdraw.",A business owner buys permanent cover to leave money to heirs regardless of when they die.,Personal,Cash value grows tax-deferred if the policy meets the IRC Section 7702 definition of life insurance; overfunded policies become Modified Endowment Contracts (MECs).,Life Insurance > Permanent Life
life.permanent.whole,life.permanent,3,Whole Life,Ordinary life; Straight life,"Lifelong cover with fixed premiums, a guaranteed death benefit and a guaranteed cash value that grows slowly.",A grandparent buys a whole life policy to leave a guaranteed sum to grandchildren.,Personal,,Life Insurance > Permanent Life > Whole Life
life.permanent.whole.participating,life.permanent.whole,4,Participating Whole Life,Par whole life; Dividend-paying whole life,"Whole life that may pay yearly dividends from the insurer's surplus, which can buy paid-up additions, reduce premiums or be taken as cash.",A policyholder uses dividends from a mutual insurer to buy paid-up additions.,Personal,"Sold mainly by mutual insurers (e.g. Northwestern Mutual, MassMutual, New York Life). Dividends are not guaranteed.",Life Insurance > Permanent Life > Whole Life > Participating Whole Life
life.permanent.whole.non_participating,life.permanent.whole,4,Non-Participating Whole Life,Non-par whole life,"Whole life with fixed guarantees and no dividends, usually at a lower premium.",A buyer wants predictable costs without dividends.,Personal,,Life Insurance > Permanent Life > Whole Life > Non-Participating Whole Life
life.permanent.whole.limited_pay,life.permanent.whole,4,Limited Pay Whole Life,10-pay; 20-pay; Paid-up at 65,"Whole life where premiums are paid for a set number of years or until a certain age, but cover lasts for life.",A 40-year-old pays for 20 years so nothing is owed in retirement.,Personal,,Life Insurance > Permanent Life > Whole Life > Limited Pay Whole Life
life.permanent.whole.single_premium,life.permanent.whole,4,Single Premium Whole Life (SPWL),,Whole life bought with one lump-sum payment.,A retiree moves an inheritance into a single-premium policy for their heirs.,Personal,"Usually a Modified Endowment Contract (MEC), so loans and withdrawals are taxed less favorably.",Life Insurance > Permanent Life > Whole Life > Single Premium Whole Life (SPWL)
life.permanent.whole.final_expense,life.permanent.whole,4,Final Expense Insurance,Burial insurance; Funeral insurance,"Small whole life policy (often $5,000-$25,000), with simplified medical questions, meant to cover funeral and end-of-life costs.","A 70-year-old buys $10,000 of cover so their children won't have to pay for the funeral.",Personal,Heavily marketed to seniors aged 50-85.,Life Insurance > Permanent Life > Whole Life > Final Expense Insurance
life.permanent.whole.guaranteed_issue,life.permanent.whole,4,Guaranteed Issue Whole Life,Guaranteed acceptance life,"Whole life that accepts anyone in the eligible age range with no health questions; benefits are usually limited in the first two years (a ""graded"" death benefit).",A person with serious health conditions who can't qualify elsewhere buys a small guaranteed policy.,Personal,,Life Insurance > Permanent Life > Whole Life > Guaranteed Issue Whole Life
life.permanent.whole.industrial,life.permanent.whole,4,Industrial / Home Service Life,Debit life,Very small whole life policies historically sold door to door with weekly or monthly premium collection.,A family in the 1950s paid a collector each week for a small burial policy.,Personal,Largely a legacy product; few new sales today.,Life Insurance > Permanent Life > Whole Life > Industrial / Home Service Life
life.permanent.universal,life.permanent,3,Universal Life (UL),Flexible premium adjustable life,Permanent cover with flexible premiums and an adjustable death benefit; the cash value earns interest credited in different ways depending on the type.,A self-employed person with uneven income varies their payments each year.,Personal,,Life Insurance > Permanent Life > Universal Life (UL)
life.permanent.universal.current_assumption,life.permanent.universal,4,Current Assumption Universal Life,Traditional UL; Fixed UL,"The cash value earns an interest rate declared by the insurer, with a minimum guaranteed rate.","A buyer wants flexible permanent cover with steady, insurer-declared interest.",Personal,,Life Insurance > Permanent Life > Universal Life (UL) > Current Assumption Universal Life
life.permanent.universal.gul,life.permanent.universal,4,Guaranteed Universal Life (GUL),No-lapse guarantee UL,"UL built mainly for a guaranteed lifelong death benefit at the lowest cost, with little cash value.",A retiree wants guaranteed cover to age 100+ for estate planning at a lower price than whole life.,Personal,Popular for estate planning. Reserves for older policies follow NAIC Actuarial Guideline 38 (AXXX); policies issued from 2020 use principles-based reserving (VM-20).,Life Insurance > Permanent Life > Universal Life (UL) > Guaranteed Universal Life (GUL)
life.permanent.universal.iul,life.permanent.universal,4,Indexed Universal Life (IUL),Equity-indexed UL; Fixed indexed UL,"Cash value earns interest linked to a stock market index (e.g. the S&P 500), subject to a cap and a floor (often 0%). The floor stops index losses, but policy charges and cost of insurance can still reduce the cash value.",A buyer wants some market-linked growth in their policy without direct stock market losses.,Personal,Illustrations are regulated by NAIC Actuarial Guideline 49-A. Not a registered security.,Life Insurance > Permanent Life > Universal Life (UL) > Indexed Universal Life (IUL)
life.permanent.universal.vul,life.permanent.universal,4,Variable Universal Life (VUL),,"Cash value is invested in sub-accounts similar to mutual funds, so it can grow or lose value.",An investor comfortable with risk picks equity funds inside their life policy.,Personal,Regulated as a security: sold with a prospectus by FINRA-registered representatives.,Life Insurance > Permanent Life > Universal Life (UL) > Variable Universal Life (VUL)
life.permanent.universal.survivorship,life.permanent.universal,4,Survivorship Universal Life,Second-to-die; Joint and last survivor,Covers two people (usually spouses) and pays out only after both have died.,A wealthy couple buys cover to pay estate taxes their heirs will owe after both die.,Personal,Often owned by an Irrevocable Life Insurance Trust (ILIT) to keep proceeds out of the taxable estate.,Life Insurance > Permanent Life > Universal Life (UL) > Survivorship Universal Life
life.permanent.variable_life,life.permanent,3,Variable Life,Variable whole life,Permanent cover with fixed premiums where the cash value and possibly the death benefit depend on investment performance.,A policyholder chooses investment sub-accounts inside a fixed-premium policy.,Personal,Regulated as a security (SEC/FINRA) as well as by state insurance departments.,Life Insurance > Permanent Life > Variable Life
life.annuities,life,2,Annuities,,"Turns a lump sum or series of payments into a stream of income, often for life. Annuities protect against outliving your savings rather than dying early.",A retiree uses part of their savings to buy guaranteed monthly income for life.,Personal,Sold by life insurers; earnings grow tax-deferred. Fixed annuities are state-regulated; variable and registered index-linked annuities are also SEC/FINRA-regulated.,Life Insurance > Annuities
life.annuities.immediate,life.annuities,3,Immediate Annuity,Single Premium Immediate Annuity (SPIA); Income annuity,"A lump sum is paid in and income starts right away, usually within a year.","A 67-year-old pays $200,000 and receives about $1,200 a month for life.",Personal,,Life Insurance > Annuities > Immediate Annuity
life.annuities.deferred,life.annuities,3,Deferred Annuity,,Money grows for years before income starts.,A 50-year-old invests now to start income at 65.,Personal,Withdrawals before age 59 1/2 usually face a 10% IRS penalty on earnings.,Life Insurance > Annuities > Deferred Annuity
life.annuities.deferred.fixed,life.annuities.deferred,4,Fixed Annuity,Multi-Year Guaranteed Annuity (MYGA),Earns a guaranteed fixed interest rate for a set period.,A cautious saver locks in a 5% rate for 5 years.,Personal,,Life Insurance > Annuities > Deferred Annuity > Fixed Annuity
life.annuities.deferred.fia,life.annuities.deferred,4,Fixed Indexed Annuity (FIA),Equity-indexed annuity,"Interest is linked to a market index with a cap and a zero floor, so principal isn't lost to market drops (though surrender charges and rider fees can reduce what you get back if you withdraw early).",A pre-retiree wants some index-linked growth with no loss of principal.,Personal,"State-regulated insurance product, not a security.",Life Insurance > Annuities > Deferred Annuity > Fixed Indexed Annuity (FIA)
life.annuities.deferred.variable,life.annuities.deferred,4,Variable Annuity,,"Money is invested in sub-accounts, so value can rise or fall; optional riders can guarantee income or a death benefit.",An investor holds funds inside a variable annuity with a lifetime income rider.,Personal,Sold with a prospectus; FINRA Rule 2330 governs suitability.,Life Insurance > Annuities > Deferred Annuity > Variable Annuity
life.annuities.deferred.variable.gmdb,life.annuities.deferred.variable,5,Guaranteed Minimum Death Benefit (GMDB),Enhanced death benefit,A variable annuity rider guaranteeing heirs receive at least a set amount (e.g. premiums paid or a high-water mark) even if investments fell.,Markets drop 30% but the owner's heirs still get the full amount invested.,Personal,,Life Insurance > Annuities > Deferred Annuity > Variable Annuity > Guaranteed Minimum Death Benefit (GMDB)
life.annuities.deferred.variable.glwb,life.annuities.deferred.variable,5,Guaranteed Lifetime Withdrawal Benefit (GLWB),GMWB; Lifetime income rider,"A rider that lets you withdraw a set percentage each year for life, even if the account value runs out.","A retiree withdraws 5% of a $400,000 benefit base every year for life.",Personal,The most common living benefit rider on US variable and indexed annuities.,Life Insurance > Annuities > Deferred Annuity > Variable Annuity > Guaranteed Lifetime Withdrawal Benefit (GLWB)
life.annuities.deferred.variable.gmib,life.annuities.deferred.variable,5,Guaranteed Minimum Income Benefit (GMIB),,A rider guaranteeing a minimum level of lifetime income if the contract is annuitized after a waiting period.,An owner annuitizes at 70 using a guaranteed income base.,Personal,Less widely sold today than GLWBs.,Life Insurance > Annuities > Deferred Annuity > Variable Annuity > Guaranteed Minimum Income Benefit (GMIB)
life.annuities.deferred.variable.gmab,life.annuities.deferred.variable,5,Guaranteed Minimum Accumulation Benefit (GMAB),,"A rider guaranteeing the account will be worth at least a set amount after a waiting period, such as 10 years.",After 10 years the account is topped up to the original premium.,Personal,,Life Insurance > Annuities > Deferred Annuity > Variable Annuity > Guaranteed Minimum Accumulation Benefit (GMAB)
life.annuities.deferred.rila,life.annuities.deferred,4,Registered Index-Linked Annuity (RILA),Buffered annuity; Structured annuity,"Index-linked returns with a buffer or floor that limits (but does not remove) losses, in exchange for higher caps.",A saver accepts losses beyond -10% in exchange for a higher upside cap.,Personal,SEC-registered; one of the fastest-growing US annuity categories since 2020.,Life Insurance > Annuities > Deferred Annuity > Registered Index-Linked Annuity (RILA)
life.annuities.deferred.qlac,life.annuities.deferred,4,Qualifying Longevity Annuity Contract (QLAC),Longevity annuity,"A deferred annuity bought with retirement account (e.g. IRA, 401(k)) money that can start paying as late as age 85.",A retiree uses part of an IRA to guarantee income from age 85.,Personal,"Premium limit set by IRS and indexed for inflation ($210,000 for 2025 and 2026, up from $200,000 set by SECURE 2.0). Excluded from required minimum distributions until payments start.",Life Insurance > Annuities > Deferred Annuity > Qualifying Longevity Annuity Contract (QLAC)
life.annuities.joint,life.annuities,3,Joint and Survivor Annuity,,"Keeps paying income while either of two people is alive, sometimes at a reduced rate after the first dies.",A married couple buys an annuity that pays until the second spouse dies.,Personal,ERISA requires this as the default form for married participants in many pension plans.,Life Insurance > Annuities > Joint and Survivor Annuity
life.annuities.structured_settlement,life.annuities,3,Structured Settlement Annuity,,An annuity used to pay a lawsuit or injury settlement as a stream of payments instead of a lump sum.,An injury victim receives monthly payments for 30 years from a settlement.,Personal,Payments for physical injury are generally tax-free under IRC Section 104.,Life Insurance > Annuities > Structured Settlement Annuity
life.annuities.pension_risk_transfer,life.annuities,3,Pension Risk Transfer (Group Annuity),Pension buyout; Group annuity contract,"An employer pays an insurer to take over its pension obligations, and the insurer pays retirees' pensions.",A manufacturer transfers its retirees' pensions to a life insurer.,Commercial,Governed by ERISA and Department of Labor Interpretive Bulletin 95-1 on selecting annuity providers.,Life Insurance > Annuities > Pension Risk Transfer (Group Annuity)
life.group_life,life,2,Group & Business Life Insurance,Employee benefits,Life and related covers bought by an employer for staff as part of a benefits package.,"A tech company offers life cover, disability cover and a retirement plan to all employees.",Commercial,Most employer benefit plans are governed by ERISA.,Life Insurance > Group & Business Life Insurance
life.group_life.group_term,life.group_life,3,Group Term Life,Basic life,"Employer-paid life cover, usually a flat amount or a multiple of salary, lasting while the person is employed.",An employee's family receives 2x salary if they die while employed.,Commercial,"Employer-paid coverage above $50,000 creates taxable imputed income for the employee (IRC Section 79).",Life Insurance > Group & Business Life Insurance > Group Term Life
life.group_life.supplemental,life.group_life,3,Supplemental / Voluntary Life,Optional life,"Extra life cover that employees can buy through work at group rates, paid via payroll.","An employee adds $300,000 of extra cover beyond the free employer-paid amount.",Both,,Life Insurance > Group & Business Life Insurance > Supplemental / Voluntary Life
life.group_life.dependent_life,life.group_life,3,Dependent Life,Spouse and child life,Small group life coverage on an employee's spouse and children.,"An employee adds $20,000 of cover for their spouse.",Both,,Life Insurance > Group & Business Life Insurance > Dependent Life
life.group_life.key_person,life.group_life,3,Key Person Insurance,Key man insurance,"A business insures the life of a vital employee or owner, and the business receives the payout.",A startup insures its founder CTO so it can afford to replace her if she dies.,Commercial,Employer-owned policies must meet IRC Section 101(j) notice and consent rules for tax-free proceeds.,Life Insurance > Group & Business Life Insurance > Key Person Insurance
life.group_life.buy_sell,life.group_life,3,Buy-Sell Funding,Cross-purchase; Entity redemption,Life cover used to fund an agreement where surviving owners buy a deceased owner's share of the business.,Two partners each insure the other so the survivor can buy out the family of the deceased.,Commercial,,Life Insurance > Group & Business Life Insurance > Buy-Sell Funding
life.group_life.coli,life.group_life,3,Corporate-Owned Life Insurance (COLI),Bank-owned life insurance (BOLI),"Life policies owned by a company on employees, often used to fund executive benefit obligations.",A bank owns policies on executives to help fund deferred compensation.,Commercial,,Life Insurance > Group & Business Life Insurance > Corporate-Owned Life Insurance (COLI)
life.group_life.split_dollar,life.group_life,3,Split-Dollar Life,,An arrangement where an employer and employee share the cost and benefits of a permanent life policy.,A company pays premiums on an executive's policy and recovers them at death.,Commercial,Taxed under IRS split-dollar regulations (2003).,Life Insurance > Group & Business Life Insurance > Split-Dollar Life
life.life_riders,life,2,Life Insurance Riders,Add-ons; Optional benefits,"Optional extras added to a life policy, often for an extra premium.",A buyer adds a waiver of premium rider to a term policy.,Personal,,Life Insurance > Life Insurance Riders
life.life_riders.adb,life.life_riders,3,Accidental Death Benefit Rider,Double indemnity,Pays an extra amount if death is caused by an accident.,A policy pays double the face amount after a fatal car crash.,Personal,,Life Insurance > Life Insurance Riders > Accidental Death Benefit Rider
life.life_riders.wop,life.life_riders,3,Waiver of Premium Rider,,"Stops premiums being due if the policyholder becomes totally disabled, keeping the cover in force.","After a disabling stroke, the insured's policy stays active without further payments.",Personal,,Life Insurance > Life Insurance Riders > Waiver of Premium Rider
life.life_riders.abr,life.life_riders,3,Accelerated Death Benefit Rider,Living benefits rider,"Lets a terminally, chronically or critically ill insured receive part of the death benefit while still alive.",A patient given 6 months to live gets an advance on their policy to pay for care.,Personal,Terminal illness acceleration is generally tax-free under the HIPAA 1996 rules.,Life Insurance > Life Insurance Riders > Accelerated Death Benefit Rider
life.life_riders.abr.terminal,life.life_riders.abr,4,Terminal Illness Rider,,Pays part of the death benefit early if life expectancy is 12 or 24 months or less.,A cancer patient receives 75% of the benefit early.,Personal,,Life Insurance > Life Insurance Riders > Accelerated Death Benefit Rider > Terminal Illness Rider
life.life_riders.abr.chronic,life.life_riders.abr,4,Chronic Illness Rider,,Pays part of the death benefit early if you can't perform 2 of 6 activities of daily living.,A policyholder unable to bathe or dress unaided receives monthly payments.,Personal,,Life Insurance > Life Insurance Riders > Accelerated Death Benefit Rider > Chronic Illness Rider
life.life_riders.abr.critical,life.life_riders.abr,4,Critical Illness Rider,,Pays part of the death benefit early on diagnosis of a listed condition such as heart attack or stroke.,"A policyholder draws $50,000 after a heart attack.",Personal,,Life Insurance > Life Insurance Riders > Accelerated Death Benefit Rider > Critical Illness Rider
life.life_riders.ltc_rider,life.life_riders,3,Long-Term Care Rider,,"Lets the death benefit be used to pay for long-term care costs, meeting federal tax-qualified LTC rules.",An insured with dementia uses part of the death benefit to pay for memory care.,Personal,Tax-qualified under IRC Section 7702B when it meets federal standards.,Life Insurance > Life Insurance Riders > Long-Term Care Rider
life.life_riders.child_rider,life.life_riders,3,Child Term Rider,Children's term,Adds small term cover for the policyholder's children.,"A parent adds $10,000 of cover for all children on their own policy.",Personal,,Life Insurance > Life Insurance Riders > Child Term Rider
life.life_riders.gir,life.life_riders,3,Guaranteed Insurability Rider,Guaranteed purchase option,Lets you buy more cover at set times or life events without new medical checks.,A policyholder increases cover after the birth of a child without a medical exam.,Personal,,Life Insurance > Life Insurance Riders > Guaranteed Insurability Rider
life.life_riders.pua,life.life_riders,3,Paid-Up Additions Rider,PUA rider,"Lets you pay extra premium into a whole life policy to buy small amounts of fully paid-up cover, boosting cash value.","A policyholder adds $5,000 a year of PUAs to grow cash value faster.",Personal,Must be managed to avoid MEC status.,Life Insurance > Life Insurance Riders > Paid-Up Additions Rider
health,,1,Health Insurance,Medical insurance; Health coverage,"Pays for medical care, or pays cash, when you are ill, injured or disabled.",A family's plan pays most of the hospital bill when a child needs surgery.,Both,"Private plans are regulated by states and by federal law (ACA, ERISA, HIPAA). Government programs are listed under Social & Government Programs.",Health Insurance
health.major_medical,health,2,Major Medical (Comprehensive),Health plan,"Comprehensive health cover for doctor visits, hospital stays, prescriptions and preventive care, bought individually or through an employer.",A freelancer buys an individual plan on the marketplace.,Both,"Under the ACA, major medical plans must cover 10 essential health benefits, can't deny pre-existing conditions, and have annual out-of-pocket maximums.",Health Insurance > Major Medical (Comprehensive)
health.major_medical.plan_types,health.major_medical,3,Network Plan Types,Managed care plans,Plan designs that control cost through provider networks and rules on referrals.,An employee chooses between an HMO and a PPO during open enrollment.,Both,,Health Insurance > Major Medical (Comprehensive) > Network Plan Types
health.major_medical.plan_types.hmo,health.major_medical.plan_types,4,Health Maintenance Organization (HMO),,You must use the plan's network and usually need a referral from your primary care physician (PCP) to see a specialist; out-of-network care is not covered except emergencies.,A family accepts a narrow network for lower premiums.,Both,Licensed under state HMO laws; example: Kaiser Permanente.,Health Insurance > Major Medical (Comprehensive) > Network Plan Types > Health Maintenance Organization (HMO)
health.major_medical.plan_types.ppo,health.major_medical.plan_types,4,Preferred Provider Organization (PPO),,"You can see any doctor without referrals; in-network care costs less, and out-of-network care is partly covered.",A person who travels a lot picks a PPO to see specialists anywhere.,Both,The most common plan type in employer coverage.,Health Insurance > Major Medical (Comprehensive) > Network Plan Types > Preferred Provider Organization (PPO)
health.major_medical.plan_types.epo,health.major_medical.plan_types,4,Exclusive Provider Organization (EPO),,"Like a PPO with no referrals, but only in-network care is covered (except emergencies).",A worker happy with the local network picks an EPO to save money.,Both,,Health Insurance > Major Medical (Comprehensive) > Network Plan Types > Exclusive Provider Organization (EPO)
health.major_medical.plan_types.pos,health.major_medical.plan_types,4,Point of Service (POS),,"A hybrid: you choose a PCP and need referrals like an HMO, but can go out of network at higher cost like a PPO.",A family wants a gatekeeper doctor with some out-of-network flexibility.,Both,,Health Insurance > Major Medical (Comprehensive) > Network Plan Types > Point of Service (POS)
health.major_medical.plan_types.hdhp,health.major_medical.plan_types,4,High Deductible Health Plan (HDHP),HSA-eligible plan; Consumer-directed health plan,A plan with a high deductible and lower premium; it can be paired with a tax-advantaged Health Savings Account (HSA).,A healthy 28-year-old picks an HDHP and saves the premium difference in an HSA.,Both,The IRS sets minimum deductibles and maximum out-of-pocket limits yearly for HSA eligibility.,Health Insurance > Major Medical (Comprehensive) > Network Plan Types > High Deductible Health Plan (HDHP)
health.major_medical.plan_types.indemnity,health.major_medical.plan_types,4,Fee-for-Service Indemnity Plan,Traditional indemnity,Pays a share of any provider's bills with no network; now rare and expensive.,A patient sees any doctor and is reimbursed 80% after the deductible.,Both,,Health Insurance > Major Medical (Comprehensive) > Network Plan Types > Fee-for-Service Indemnity Plan
health.major_medical.individual_market,health.major_medical,3,Individual Market Plans,Marketplace plans; Obamacare plans,"Health plans people buy for themselves, on or off the government exchanges.",A self-employed person compares plans on HealthCare.gov and qualifies for a subsidy.,Personal,"Sold on HealthCare.gov or a state-run exchange (e.g. Covered California). Premium tax credits are available on-exchange by income; the temporary 'enhanced' credits expired at the end of 2025, so from 2026 households above 400% of the federal poverty level again get no credit. Open enrollment starts Nov 1 each year (HealthCare.gov runs to Jan 15; state exchange dates vary).",Health Insurance > Major Medical (Comprehensive) > Individual Market Plans
health.major_medical.individual_market.bronze,health.major_medical.individual_market,4,Bronze Plan,,"Covers about 60% of average costs: lowest premium, highest out-of-pocket.",A young healthy person wants protection mostly against large bills.,Personal,Actuarial value approx. 60%.,Health Insurance > Major Medical (Comprehensive) > Individual Market Plans > Bronze Plan
health.major_medical.individual_market.silver,health.major_medical.individual_market,4,Silver Plan,,Covers about 70% of average costs; the only tier eligible for extra cost-sharing reductions for lower incomes.,A low-income household picks silver to get reduced deductibles.,Personal,The second-lowest-cost silver plan is the benchmark for subsidies.,Health Insurance > Major Medical (Comprehensive) > Individual Market Plans > Silver Plan
health.major_medical.individual_market.silver.csr_73,health.major_medical.individual_market.silver,5,Silver 73% CSR Variant,Enhanced silver 73,A silver plan version with lower deductibles and copays (about 73% actuarial value) for enrollees with incomes of 200-250% of the federal poverty level.,A household at 220% of poverty gets a lower deductible automatically.,Personal,Cost-sharing reductions are available only on-exchange with a silver plan.,Health Insurance > Major Medical (Comprehensive) > Individual Market Plans > Silver Plan > Silver 73% CSR Variant
health.major_medical.individual_market.silver.csr_87,health.major_medical.individual_market.silver,5,Silver 87% CSR Variant,Enhanced silver 87,A silver plan version with about 87% actuarial value for incomes of 150-200% of the federal poverty level.,A single adult at 175% of poverty pays a much lower deductible.,Personal,,Health Insurance > Major Medical (Comprehensive) > Individual Market Plans > Silver Plan > Silver 87% CSR Variant
health.major_medical.individual_market.silver.csr_94,health.major_medical.individual_market.silver,5,Silver 94% CSR Variant,Enhanced silver 94,A silver plan version with about 94% actuarial value for incomes of 100-150% of the federal poverty level.,A low-income worker gets near-platinum cost sharing at a silver price.,Personal,,Health Insurance > Major Medical (Comprehensive) > Individual Market Plans > Silver Plan > Silver 94% CSR Variant
health.major_medical.individual_market.gold,health.major_medical.individual_market,4,Gold Plan,,"Covers about 80% of average costs: higher premium, lower out-of-pocket.",Someone with regular prescriptions picks gold.,Personal,Actuarial value approx. 80%.,Health Insurance > Major Medical (Comprehensive) > Individual Market Plans > Gold Plan
health.major_medical.individual_market.platinum,health.major_medical.individual_market,4,Platinum Plan,,"Covers about 90% of average costs: highest premium, lowest out-of-pocket.",A person expecting major surgery chooses platinum.,Personal,Not offered in every state.,Health Insurance > Major Medical (Comprehensive) > Individual Market Plans > Platinum Plan
health.major_medical.individual_market.catastrophic,health.major_medical.individual_market,4,Catastrophic Plan,,Very high deductible plan for people under 30 or with a hardship exemption; covers preventive care and 3 primary care visits before the deductible.,A 25-year-old buys a catastrophic plan as a safety net.,Personal,Not eligible for premium tax credits. Treated as HSA-eligible from 2026.,Health Insurance > Major Medical (Comprehensive) > Individual Market Plans > Catastrophic Plan
health.major_medical.group_health,health.major_medical,3,Employer Group Health,Employer-sponsored insurance (ESI),"Health cover an employer offers to employees and their families, usually sharing the premium cost.",A company covers employees and their dependents under one plan.,Commercial,The largest source of US health coverage. Employers with 50+ full-time employees face the ACA employer mandate.,Health Insurance > Major Medical (Comprehensive) > Employer Group Health
health.major_medical.group_health.fully_insured,health.major_medical.group_health,4,Fully Insured Plan,,The employer pays premiums and the insurer carries the claims risk.,A 50-person firm buys a standard group plan from an insurer.,Commercial,Subject to state insurance mandates.,Health Insurance > Major Medical (Comprehensive) > Employer Group Health > Fully Insured Plan
health.major_medical.group_health.self_funded,health.major_medical.group_health,4,Self-Funded (ASO) Plan,Self-insured plan; Administrative Services Only,The employer pays claims from its own funds and hires an insurer or third-party administrator (TPA) only to process them.,A large retailer self-funds health claims to control costs.,Commercial,"Governed by federal ERISA, which preempts most state insurance mandates.",Health Insurance > Major Medical (Comprehensive) > Employer Group Health > Self-Funded (ASO) Plan
health.major_medical.group_health.stop_loss,health.major_medical.group_health,4,Medical Stop-Loss,Excess risk insurance,Protects a self-funded employer against very large individual claims (specific) or high total claims (aggregate).,"A self-funded employer is reimbursed for an employee's $1 million cancer treatment above a $150,000 deductible.",Commercial,"Regulated by states as insurance to the employer, not as health insurance.",Health Insurance > Major Medical (Comprehensive) > Employer Group Health > Medical Stop-Loss
health.major_medical.group_health.level_funded,health.major_medical.group_health,4,Level-Funded Plan,,A small-business form of self-funding with fixed monthly payments that include stop-loss cover and possible year-end refunds.,A 40-person company gets a refund when claims are lower than expected.,Commercial,,Health Insurance > Major Medical (Comprehensive) > Employer Group Health > Level-Funded Plan
health.major_medical.group_health.ichra,health.major_medical.group_health,4,Individual Coverage HRA (ICHRA),,The employer gives tax-free money that employees use to buy their own individual-market plans.,A startup gives each employee $500 a month to buy a marketplace plan.,Commercial,"Created by a 2019 federal rule, available from Jan 1, 2020.",Health Insurance > Major Medical (Comprehensive) > Employer Group Health > Individual Coverage HRA (ICHRA)
health.major_medical.group_health.cobra,health.major_medical.group_health,4,COBRA Continuation Coverage,,"Lets employees and families keep their employer group plan for a limited time (usually 18 months) after leaving a job, paying the full premium.",A laid-off worker keeps the family on the group plan for 18 months.,Personal,"Federal law for employers with 20+ employees; many states have ""mini-COBRA"" laws for smaller employers.",Health Insurance > Major Medical (Comprehensive) > Employer Group Health > COBRA Continuation Coverage
health.major_medical.short_term,health.major_medical,3,Short-Term Limited-Duration Insurance (STLDI),Short-term health,"Temporary health cover that doesn't have to follow ACA rules, so it can exclude pre-existing conditions.",Someone between jobs buys a 3-month plan.,Personal,"A 2024 federal rule limited STLDI to 3 months (4 months with renewals), but in August 2025 the federal agencies said they would not enforce those limits while they write a new rule. Some states restrict or ban it outright.",Health Insurance > Major Medical (Comprehensive) > Short-Term Limited-Duration Insurance (STLDI)
health.major_medical.health_sharing,health.major_medical,3,Health Care Sharing Ministries,Health sharing plans,Members of a faith-based group share each other's medical bills; this is not insurance and has no guarantee of payment.,A family joins a sharing ministry and submits bills to be shared by members.,Personal,Not regulated as insurance in most states; exempt from ACA rules.,Health Insurance > Major Medical (Comprehensive) > Health Care Sharing Ministries
health.medicare_private,health,2,Private Medicare Plans,Medicare private options,Private insurance products that work with or replace federal Medicare benefits.,A 65-year-old chooses between Medigap and a Medicare Advantage plan.,Personal,Regulated by CMS (federal) plus state insurance departments for Medigap. Original Medicare itself is under Social & Government Programs.,Health Insurance > Private Medicare Plans
health.medicare_private.medicare_advantage,health.medicare_private,3,Medicare Advantage (Part C),MA plan,"A private plan that replaces Original Medicare, often as an HMO or PPO, usually including drug coverage and extras like dental and vision.",A retiree picks a $0-premium HMO Medicare Advantage plan with dental.,Personal,Covers more than half of eligible Medicare beneficiaries (54% in 2025). Annual Medicare open enrollment runs Oct 15-Dec 7.,Health Insurance > Private Medicare Plans > Medicare Advantage (Part C)
health.medicare_private.medicare_advantage.ma_hmo,health.medicare_private.medicare_advantage,4,Medicare Advantage HMO,,A Medicare Advantage plan with a network and referrals.,A retiree uses doctors in the plan's local network.,Personal,,Health Insurance > Private Medicare Plans > Medicare Advantage (Part C) > Medicare Advantage HMO
health.medicare_private.medicare_advantage.ma_ppo,health.medicare_private.medicare_advantage,4,Medicare Advantage PPO,,A Medicare Advantage plan that also partly covers out-of-network care.,A retiree who spends winters in another state picks a PPO.,Personal,,Health Insurance > Private Medicare Plans > Medicare Advantage (Part C) > Medicare Advantage PPO
health.medicare_private.medicare_advantage.snp,health.medicare_private.medicare_advantage,4,Special Needs Plan (SNP),,"A Medicare Advantage plan for people who are also on Medicaid (D-SNP), have certain chronic conditions (C-SNP) or live in institutions (I-SNP).",A low-income senior on both Medicare and Medicaid joins a D-SNP.,Personal,,Health Insurance > Private Medicare Plans > Medicare Advantage (Part C) > Special Needs Plan (SNP)
health.medicare_private.medicare_advantage.snp.d_snp,health.medicare_private.medicare_advantage.snp,5,Dual Eligible SNP (D-SNP),,For people who have both Medicare and Medicaid; coordinates benefits of the two programs.,A low-income senior gets Medicare and Medicaid benefits through one plan.,Personal,The largest SNP type.,Health Insurance > Private Medicare Plans > Medicare Advantage (Part C) > Special Needs Plan (SNP) > Dual Eligible SNP (D-SNP)
health.medicare_private.medicare_advantage.snp.c_snp,health.medicare_private.medicare_advantage.snp,5,Chronic Condition SNP (C-SNP),,"For people with specific severe chronic conditions such as diabetes, heart failure or ESRD.",A retiree with heart failure joins a plan with specialised care coordination.,Personal,,Health Insurance > Private Medicare Plans > Medicare Advantage (Part C) > Special Needs Plan (SNP) > Chronic Condition SNP (C-SNP)
health.medicare_private.medicare_advantage.snp.i_snp,health.medicare_private.medicare_advantage.snp,5,Institutional SNP (I-SNP),,For people who live in nursing homes or need that level of care at home.,A nursing home resident's plan provides on-site care teams.,Personal,,Health Insurance > Private Medicare Plans > Medicare Advantage (Part C) > Special Needs Plan (SNP) > Institutional SNP (I-SNP)
health.medicare_private.medicare_advantage.pffs,health.medicare_private.medicare_advantage,4,Private Fee-for-Service (PFFS),,A Medicare Advantage plan that sets its own payment terms with any provider willing to accept them.,Rare today; available in a few rural areas.,Personal,,Health Insurance > Private Medicare Plans > Medicare Advantage (Part C) > Private Fee-for-Service (PFFS)
health.medicare_private.medicare_advantage.msa,health.medicare_private.medicare_advantage,4,Medicare Medical Savings Account (MSA),,A high-deductible Medicare Advantage plan paired with a savings account funded by Medicare.,A healthy retiree uses the deposit toward costs before the deductible.,Personal,Limited availability.,Health Insurance > Private Medicare Plans > Medicare Advantage (Part C) > Medicare Medical Savings Account (MSA)
health.medicare_private.part_d,health.medicare_private,3,Medicare Part D (Prescription Drug Plan),PDP,Standalone private plans that cover prescription drugs for people on Original Medicare.,A retiree with Original Medicare adds a Part D plan for their medications.,Personal,"The Inflation Reduction Act capped Part D out-of-pocket drug spending at $2,000 in 2025; the cap is indexed and is $2,100 in 2026.",Health Insurance > Private Medicare Plans > Medicare Part D (Prescription Drug Plan)
health.medicare_private.medigap,health.medicare_private,3,Medicare Supplement (Medigap),Med Supp,"Private policies that pay gaps in Original Medicare, such as deductibles and 20% coinsurance, sold as standardized plans lettered A-N.",A 66-year-old buys Medigap Plan G to limit out-of-pocket costs.,Personal,"Plans standardized by federal law; Massachusetts, Minnesota and Wisconsin use their own designs.",Health Insurance > Private Medicare Plans > Medicare Supplement (Medigap)
health.medicare_private.medigap.plan_g,health.medicare_private.medigap,4,Medigap Plan G,,Covers almost all gaps except the Part B deductible; the most popular plan for new enrollees.,A new retiree picks Plan G for predictable costs.,Personal,,Health Insurance > Private Medicare Plans > Medicare Supplement (Medigap) > Medigap Plan G
health.medicare_private.medigap.plan_n,health.medicare_private.medigap,4,Medigap Plan N,,"Lower premium than G, with small copays for office and ER visits.",A retiree who rarely sees a doctor picks Plan N.,Personal,,Health Insurance > Private Medicare Plans > Medicare Supplement (Medigap) > Medigap Plan N
health.medicare_private.medigap.plan_f,health.medicare_private.medigap,4,Medigap Plan F,,Covers all gaps including the Part B deductible.,A retiree eligible before 2020 keeps Plan F.,Personal,"Plans C and F are closed to people newly eligible for Medicare on or after Jan 1, 2020 (MACRA), because new plans can no longer cover the Part B deductible.",Health Insurance > Private Medicare Plans > Medicare Supplement (Medigap) > Medigap Plan F
health.medicare_private.medigap.high_deductible_g,health.medicare_private.medigap,4,High-Deductible Plan G,HDG,"Same benefits as Plan G after a yearly deductible, for a much lower premium.",A healthy retiree takes the high deductible to save on premiums.,Personal,,Health Insurance > Private Medicare Plans > Medicare Supplement (Medigap) > High-Deductible Plan G
health.supplemental,health,2,Supplemental Health (Voluntary Benefits),Fixed indemnity plans; Worksite benefits,"Pays fixed cash amounts for specific events, on top of major medical, to help with out-of-pocket costs.",A worker gets a cash payment after an accident to help cover the deductible.,Personal,"Commonly sold at the worksite through payroll deduction (e.g. Aflac, Colonial Life). ""Excepted benefits"" not subject to ACA rules.",Health Insurance > Supplemental Health (Voluntary Benefits)
health.supplemental.critical_illness,health.supplemental,3,Critical Illness Insurance,Specified disease insurance,"Pays a lump sum on diagnosis of a listed serious illness like cancer, heart attack or stroke.","A woman diagnosed with breast cancer receives $20,000 to use as she wishes.",Personal,,Health Insurance > Supplemental Health (Voluntary Benefits) > Critical Illness Insurance
health.supplemental.cancer,health.supplemental,3,Cancer Insurance,,Pays benefits specifically for cancer diagnosis and treatment.,A person with a family history of cancer buys a cancer-only policy.,Personal,Some states prohibit or restrict disease-specific policies.,Health Insurance > Supplemental Health (Voluntary Benefits) > Cancer Insurance
health.supplemental.hospital_indemnity,health.supplemental,3,Hospital Indemnity,Hospital confinement indemnity,"Pays a fixed amount per day or per admission while hospitalized, regardless of actual bills.",A patient gets $200 per day for a 5-day hospital stay.,Personal,,Health Insurance > Supplemental Health (Voluntary Benefits) > Hospital Indemnity
health.supplemental.accident,health.supplemental,3,Accident Insurance,,"Pays set amounts for injuries such as fractures, dislocations or ER visits caused by accidents.",A child breaks an arm playing soccer and the family receives a fixed payment.,Personal,,Health Insurance > Supplemental Health (Voluntary Benefits) > Accident Insurance
health.supplemental.add,health.supplemental,3,Accidental Death & Dismemberment (AD&D),,"Pays fixed sums for accidental death or loss of limbs, sight, speech or hearing.",An employee's family receives an AD&D benefit after a fatal work accident.,Both,Often bundled with group life.,Health Insurance > Supplemental Health (Voluntary Benefits) > Accidental Death & Dismemberment (AD&D)
health.supplemental.dental,health.supplemental,3,Dental Insurance,,"Covers preventive, basic and major dental work, often with a yearly maximum.",A family plan covers two cleanings a year and 50% of crowns.,Both,Often structured as DPPO or DHMO; pediatric dental is an ACA essential health benefit.,Health Insurance > Supplemental Health (Voluntary Benefits) > Dental Insurance
health.supplemental.dental.dppo,health.supplemental.dental,4,Dental PPO (DPPO),,Dental plan with a network but some out-of-network coverage.,An employee keeps their current dentist who is out of network.,Both,,Health Insurance > Supplemental Health (Voluntary Benefits) > Dental Insurance > Dental PPO (DPPO)
health.supplemental.dental.dhmo,health.supplemental.dental,4,Dental HMO (DHMO),Prepaid dental,"Low-cost dental plan requiring an assigned network dentist, with fixed copays.",A family pays $10 copays at an assigned dentist.,Both,,Health Insurance > Supplemental Health (Voluntary Benefits) > Dental Insurance > Dental HMO (DHMO)
health.supplemental.vision,health.supplemental,3,Vision Insurance,,Covers eye exams and part of the cost of glasses or contact lenses.,An employee gets a yearly eye exam and a $150 frame allowance.,Both,Major carriers include VSP and EyeMed.,Health Insurance > Supplemental Health (Voluntary Benefits) > Vision Insurance
health.disability,health,2,Disability Insurance,Disability income insurance,Replaces part of your income if illness or injury stops you from working.,A surgeon who injures a hand receives 60% of her income until she recovers.,Both,,Health Insurance > Disability Insurance
health.disability.std,health.disability,3,Short-Term Disability (STD),,"Pays part of your salary for a short period, typically 3 to 6 months, after a short waiting period.",An employee on leave after surgery gets 60% pay for 8 weeks.,Both,"Mandatory state programs exist in CA, HI, NJ, NY, RI and PR (see Social & Government Programs).",Health Insurance > Disability Insurance > Short-Term Disability (STD)
health.disability.ltd,health.disability,3,Long-Term Disability (LTD),,"Pays part of your salary for long periods, often until retirement age, after a waiting period (often 90 days).",A worker with a serious back injury receives benefits for years.,Both,Group LTD claims are governed by ERISA.,Health Insurance > Disability Insurance > Long-Term Disability (LTD)
health.disability.ltd.own_occ,health.disability.ltd,4,Own-Occupation Definition,Own occ; True own occ,"Pays if you can't do your own specific job, even if you could do another job.",A dentist with a hand tremor is paid even though she could teach.,Both,Common in individual policies for physicians and dentists.,Health Insurance > Disability Insurance > Long-Term Disability (LTD) > Own-Occupation Definition
health.disability.ltd.any_occ,health.disability.ltd,4,Any-Occupation Definition,Any occ,Pays only if you can't do any job you're reasonably suited for by education and experience; cheaper but harder to claim.,Benefits stop because the person could still do desk work.,Both,Group LTD often switches from own-occ to any-occ after 24 months.,Health Insurance > Disability Insurance > Long-Term Disability (LTD) > Any-Occupation Definition
health.disability.individual_di,health.disability,3,Individual Disability Income,IDI,"A disability policy owned by the individual, portable between jobs, often non-cancelable with guaranteed premiums.",A self-employed lawyer buys an IDI policy.,Personal,,Health Insurance > Disability Insurance > Individual Disability Income
health.disability.business_overhead,health.disability,3,Business Overhead Expense (BOE),,"Pays a small business's fixed expenses (rent, staff wages) while the owner is disabled.",A dentist's rent and staff salaries are paid during recovery.,Commercial,,Health Insurance > Disability Insurance > Business Overhead Expense (BOE)
health.disability.disability_buy_out,health.disability,3,Disability Buy-Out,,Funds the purchase of a disabled business owner's share by the other owners.,Partners buy out a colleague who became permanently disabled.,Commercial,,Health Insurance > Disability Insurance > Disability Buy-Out
health.ltc,health,2,Long-Term Care Insurance,LTC insurance,"Pays for help with daily living (bathing, dressing, eating) at home, in assisted living or in a nursing home.",An 80-year-old with Alzheimer's has nursing home fees paid by her LTC policy.,Personal,Medicare does not cover long-term custodial care; Medicaid does but only after assets are spent down.,Health Insurance > Long-Term Care Insurance
health.ltc.traditional_ltc,health.ltc,3,Traditional Standalone LTC,,"A policy that pays only for long-term care, with premiums that can rise over time.",A 55-year-old buys standalone LTC for future care.,Personal,Many older blocks have seen large state-approved rate increases.,Health Insurance > Long-Term Care Insurance > Traditional Standalone LTC
health.ltc.hybrid_ltc,health.ltc,3,Hybrid Life/LTC,Linked-benefit; Asset-based LTC,"Life insurance or an annuity with long-term care benefits built in, so money is paid either for care or at death.","A couple buys a hybrid so their premiums aren't ""lost"" if they never need care.",Personal,,Health Insurance > Long-Term Care Insurance > Hybrid Life/LTC
health.ltc.partnership,health.ltc,3,Long-Term Care Partnership Policy,State Partnership plan,A qualifying LTC policy that lets you keep extra assets and still qualify for Medicaid if you use up your benefits.,"A buyer protects $300,000 of assets by buying a Partnership policy with $300,000 of benefits.",Personal,Available in most states under the Deficit Reduction Act of 2005.,Health Insurance > Long-Term Care Insurance > Long-Term Care Partnership Policy
health.tax_advantaged_accounts,health,2,Tax-Advantaged Health Accounts,Health spending accounts,Savings or reimbursement accounts that pay medical costs with pre-tax money. They are not insurance but are closely linked to health plans.,An employee pays a deductible from an HSA.,Personal,,Health Insurance > Tax-Advantaged Health Accounts
health.tax_advantaged_accounts.hsa,health.tax_advantaged_accounts,3,Health Savings Account (HSA),,"A personal savings account for medical costs, only available with an HSA-eligible HDHP; money rolls over and can be invested.","A worker contributes $4,000 a year and invests the balance.",Personal,"Contribution limits set yearly by the IRS; triple tax advantage. From 2026, all bronze and catastrophic plans count as HSA-eligible, and people with certain direct primary care arrangements can contribute (One Big Beautiful Bill Act; IRS Notice 2026-5).",Health Insurance > Tax-Advantaged Health Accounts > Health Savings Account (HSA)
health.tax_advantaged_accounts.fsa,health.tax_advantaged_accounts,3,Flexible Spending Account (FSA),Health FSA,An employer account funded by pre-tax salary for medical costs; unused money is mostly lost at year end.,"An employee sets aside $2,000 for glasses and copays.",Personal,Limited carryover or grace period allowed by IRS.,Health Insurance > Tax-Advantaged Health Accounts > Flexible Spending Account (FSA)
health.tax_advantaged_accounts.hra,health.tax_advantaged_accounts,3,Health Reimbursement Arrangement (HRA),,An employer-funded account that reimburses employees' medical costs.,"An employer reimburses up to $1,500 of deductible costs.",Commercial,,Health Insurance > Tax-Advantaged Health Accounts > Health Reimbursement Arrangement (HRA)
property,,1,Home & Personal Property Insurance,Home insurance; Homeowners and renters insurance,"Pays to repair or replace homes and belongings that are damaged, destroyed or stolen. This branch covers personal (household) property; business property is under Commercial Lines.",A homeowner claims for repairs after a kitchen fire.,Personal,Regulated by states. Most standard forms come from ISO (Insurance Services Office); some insurers use their own or AAIS forms.,Home & Personal Property Insurance
property.homeowners,property,2,Homeowners Insurance (HO Forms),HO policy,"Package policy for homes that combines cover for the dwelling, other structures, belongings, loss of use (extra living costs) and personal liability. The current ISO homeowners forms are HO-2, HO-3, HO-4, HO-5, HO-6 and HO-8; HO-1 has been withdrawn in nearly all states, and 'HO-7' is an industry label for mobile home cover, not an ISO form.",A family's HO-3 pays to rebuild the roof after a storm and to put them up in a hotel.,Personal,"Not legally required, but mortgage lenders require it. Coverage parts are labelled A (Dwelling), B (Other Structures), C (Personal Property), D (Loss of Use), E (Personal Liability), F (Medical Payments).",Home & Personal Property Insurance > Homeowners Insurance (HO Forms)
property.homeowners.ho1,property.homeowners,3,HO-1 Basic Form,,"Covers the house against a short named list of perils such as fire, lightning, windstorm and theft.",Offered as a bare-minimum option.,Personal,Rarely offered today; unavailable in most states.,Home & Personal Property Insurance > Homeowners Insurance (HO Forms) > HO-1 Basic Form
property.homeowners.ho2,property.homeowners,3,HO-2 Broad Form,,"Covers the house and belongings against a longer named list of perils, including falling objects, weight of snow and burst pipes.",A buyer wants cheaper named-peril cover rather than open-peril.,Personal,,Home & Personal Property Insurance > Homeowners Insurance (HO Forms) > HO-2 Broad Form
property.homeowners.ho3,property.homeowners,3,HO-3 Special Form,,"The most common US home policy: the house is covered for all causes of loss except those excluded (open perils), while belongings are covered for named perils.",Most mortgage-holding homeowners have an HO-3.,Personal,Accounts for the large majority of US homeowners policies. Flood and earthquake are excluded.,Home & Personal Property Insurance > Homeowners Insurance (HO Forms) > HO-3 Special Form
property.homeowners.ho4,property.homeowners,3,HO-4 Renters Insurance,Tenant insurance; Contents broad form,"Covers a renter's belongings, liability and extra living expenses, but not the building.",A student's laptop is stolen from an apartment and replaced by the renters policy.,Personal,Many landlords require it in the lease.,Home & Personal Property Insurance > Homeowners Insurance (HO Forms) > HO-4 Renters Insurance
property.homeowners.ho5,property.homeowners,3,HO-5 Comprehensive Form,,"Open-peril cover for both the house and belongings, the broadest protection.",A homeowner with valuable furnishings chooses HO-5.,Personal,,Home & Personal Property Insurance > Homeowners Insurance (HO Forms) > HO-5 Comprehensive Form
property.homeowners.ho6,property.homeowners,3,HO-6 Condo Insurance,Unit-owners policy,"Covers a condo owner's belongings, interior walls, fixtures and improvements, and liability; the building shell is covered by the association's master policy.",A condo owner claims for new kitchen cabinets after a pipe burst.,Personal,"Coverage needed depends on the HOA's master policy (""bare walls"" vs ""all-in"").",Home & Personal Property Insurance > Homeowners Insurance (HO Forms) > HO-6 Condo Insurance
property.homeowners.ho6.loss_assessment,property.homeowners.ho6,4,Loss Assessment Coverage,,Pays your share of a special assessment the condo or HOA charges owners after a covered loss to common property.,"The HOA charges each owner $5,000 after lobby fire damage exceeds its policy.",Personal,,Home & Personal Property Insurance > Homeowners Insurance (HO Forms) > HO-6 Condo Insurance > Loss Assessment Coverage
property.homeowners.ho7,property.homeowners,3,Mobile / Manufactured Home Insurance,Manufactured home insurance; HO-7 (non-ISO label),"Covers mobile and manufactured homes, which often need specialised cover.",A retiree insures a manufactured home in a park.,Personal,Many insurers use their own mobile home forms or an endorsement to HO-2/HO-3.,Home & Personal Property Insurance > Homeowners Insurance (HO Forms) > Mobile / Manufactured Home Insurance
property.homeowners.ho8,property.homeowners,3,HO-8 Modified Coverage Form,Older home form,For older homes whose rebuilding cost is far above market value; pays for repair using standard materials or actual cash value.,A 1900s house with ornate plaster is insured under an HO-8.,Personal,,Home & Personal Property Insurance > Homeowners Insurance (HO Forms) > HO-8 Modified Coverage Form
property.home_endorsements,property,2,Homeowners Endorsements,Riders; Add-ons,Optional changes to a home policy that add or broaden cover.,A homeowner adds sewer backup and replacement cost for contents.,Personal,,Home & Personal Property Insurance > Homeowners Endorsements
property.home_endorsements.water_backup,property.home_endorsements,3,Water Backup & Sump Overflow,Sewer backup,Covers damage when water backs up through drains or a sump pump fails. Excluded by default.,A basement floods from a sewer backup during a heavy storm.,Personal,,Home & Personal Property Insurance > Homeowners Endorsements > Water Backup & Sump Overflow
property.home_endorsements.service_line,property.home_endorsements,3,Service Line Coverage,,"Covers repair of buried utility lines (water, sewer, power) on your property.",A cracked sewer line under the lawn is replaced.,Personal,,Home & Personal Property Insurance > Homeowners Endorsements > Service Line Coverage
property.home_endorsements.rc_contents,property.home_endorsements,3,Replacement Cost on Contents,,Pays to replace belongings with new ones rather than their depreciated value.,A 5-year-old sofa is replaced with a new equivalent.,Personal,,Home & Personal Property Insurance > Homeowners Endorsements > Replacement Cost on Contents
property.home_endorsements.extended_rc,property.home_endorsements,3,Extended / Guaranteed Replacement Cost,,Pays extra (e.g. 125%) or the full cost to rebuild if costs exceed the dwelling limit.,"Construction costs surge after a wildfire, and the extra 25% covers the gap.",Personal,Guaranteed replacement cost has become rare.,Home & Personal Property Insurance > Homeowners Endorsements > Extended / Guaranteed Replacement Cost
property.home_endorsements.ordinance_law,property.home_endorsements,3,Ordinance or Law Coverage,Building code upgrade,Pays extra rebuilding costs to meet current building codes.,A rebuilt home must meet new electrical codes.,Personal,,Home & Personal Property Insurance > Homeowners Endorsements > Ordinance or Law Coverage
property.home_endorsements.home_business,property.home_endorsements,3,Home Business Endorsement,,Adds cover for business property and liability for small businesses run from home.,A home bakery adds cover for its equipment and customers.,Personal,,Home & Personal Property Insurance > Homeowners Endorsements > Home Business Endorsement
property.home_endorsements.identity_theft_endorsement,property.home_endorsements,3,Identity Fraud Expense,,Pays costs to restore your identity after identity theft.,Fees and lost wages from fixing credit reports are reimbursed.,Personal,,Home & Personal Property Insurance > Homeowners Endorsements > Identity Fraud Expense
property.dwelling_fire,property,2,Dwelling Fire Policies (DP Forms),Landlord policy; Dwelling property,"Policies for homes that aren't owner-occupied, such as rentals or vacant homes, covering the building but not the tenant's belongings.",A landlord insures a rented house with a DP-3.,Personal,Liability is usually added by endorsement or a separate policy.,Home & Personal Property Insurance > Dwelling Fire Policies (DP Forms)
property.dwelling_fire.dp1,property.dwelling_fire,3,DP-1 Basic Form,,"Named perils (fire, lightning, internal explosion) with optional extended coverage, usually paid at actual cash value.",A cheap policy for a vacant cabin.,Personal,,Home & Personal Property Insurance > Dwelling Fire Policies (DP Forms) > DP-1 Basic Form
property.dwelling_fire.dp2,property.dwelling_fire,3,DP-2 Broad Form,,"Broader named perils, usually paid at replacement cost.",A small landlord wants mid-level cover.,Personal,,Home & Personal Property Insurance > Dwelling Fire Policies (DP Forms) > DP-2 Broad Form
property.dwelling_fire.dp3,property.dwelling_fire,3,DP-3 Special Form,,"Open-peril cover for the dwelling at replacement cost, the most common landlord form.",An investor insures three rental homes on DP-3.,Personal,,Home & Personal Property Insurance > Dwelling Fire Policies (DP Forms) > DP-3 Special Form
property.catastrophe,property,2,Natural Catastrophe Coverage,Cat coverage,Separate or add-on cover for natural disasters that standard home policies exclude or limit.,A coastal homeowner buys separate flood and windstorm policies.,Both,,Home & Personal Property Insurance > Natural Catastrophe Coverage
property.catastrophe.flood,property.catastrophe,3,Flood Insurance,,"Covers damage from rising water and surface flooding, which almost all homeowners policies exclude.",A Houston family's flood policy pays after a hurricane floods their ground floor.,Both,Lenders require flood insurance for federally backed mortgages in FEMA Special Flood Hazard Areas.,Home & Personal Property Insurance > Natural Catastrophe Coverage > Flood Insurance
property.catastrophe.flood.nfip,property.catastrophe.flood,4,National Flood Insurance Program (NFIP),Federal flood insurance,"The federal flood program run by FEMA, sold through private insurers (""Write Your Own"") and agents. Covers up to $250,000 for a home's building and $100,000 for contents.",A homeowner in a flood zone buys NFIP cover required by the lender.,Both,"Premiums set by FEMA's Risk Rating 2.0 method; usually a 30-day waiting period. The program needs periodic reauthorization by Congress (most recently extended to Dec 11, 2026); if it lapses, FEMA pays claims but cannot sell or renew policies.",Home & Personal Property Insurance > Natural Catastrophe Coverage > Flood Insurance > National Flood Insurance Program (NFIP)
property.catastrophe.flood.private_flood,property.catastrophe.flood,4,Private Flood Insurance,,"Flood cover from private insurers, often with higher limits, shorter waits or extra living expenses.",A high-value home buys private flood for cover above NFIP limits.,Both,Lenders must accept qualifying private flood policies under federal rules.,Home & Personal Property Insurance > Natural Catastrophe Coverage > Flood Insurance > Private Flood Insurance
property.catastrophe.earthquake,property.catastrophe,3,Earthquake Insurance,,"Covers damage from earthquakes, typically with a deductible of 5-25% of the dwelling limit.",A Seattle homeowner adds earthquake cover with a 15% deductible.,Both,Available as an endorsement or separate policy in most states.,Home & Personal Property Insurance > Natural Catastrophe Coverage > Earthquake Insurance
property.catastrophe.earthquake.cea,property.catastrophe.earthquake,4,California Earthquake Authority (CEA),,"A publicly managed, privately funded body that writes most residential earthquake insurance in California.",A homeowner in Los Angeles buys CEA cover through their home insurer.,Personal,California insurers must offer earthquake cover to homeowners every two years.,Home & Personal Property Insurance > Natural Catastrophe Coverage > Earthquake Insurance > California Earthquake Authority (CEA)
property.catastrophe.windstorm,property.catastrophe,3,Windstorm / Hurricane Coverage,Wind pool,Covers wind and hurricane damage. In some coastal areas wind is excluded from home policies and must be bought separately.,A Texas coastal homeowner buys wind cover from the state wind pool.,Both,"State residual markets include Citizens Property Insurance (FL), TWIA (TX) and other coastal plans. Hurricane deductibles are often a percentage of the dwelling limit.",Home & Personal Property Insurance > Natural Catastrophe Coverage > Windstorm / Hurricane Coverage
property.catastrophe.fair_plan,property.catastrophe,3,FAIR Plans,Fair Access to Insurance Requirements Plan,"State-created insurers of last resort for property owners who can't get cover in the regular market, often due to wildfire or urban risk.",A California homeowner dropped by their insurer gets fire cover from the California FAIR Plan.,Both,About 33 states plus DC have FAIR plans; usually named-peril cover that may need a separate 'difference in conditions' policy.,Home & Personal Property Insurance > Natural Catastrophe Coverage > FAIR Plans
property.catastrophe.sinkhole,property.catastrophe,3,Sinkhole Coverage,Catastrophic ground cover collapse,Covers damage from ground collapsing into underground cavities.,A Florida home cracks from a sinkhole and the add-on pays for repairs.,Personal,Florida policies must include catastrophic ground cover collapse; full sinkhole cover is optional.,Home & Personal Property Insurance > Natural Catastrophe Coverage > Sinkhole Coverage
property.valuables,property,2,Scheduled Personal Property,Personal articles floater; Valuables coverage,"Extra cover for high-value items like jewelry, art and collectibles, usually with no deductible and worldwide open-peril cover.","An engagement ring worth $15,000 is listed on a floater.",Personal,"Standard homeowners policies have low sub-limits (e.g. $1,500) for theft of jewelry.",Home & Personal Property Insurance > Scheduled Personal Property
property.valuables.jewelry,property.valuables,3,Jewelry Coverage,,"Covers rings, watches and other jewelry against loss, theft and damage, including mysterious disappearance.",A lost diamond earring is replaced.,Personal,,Home & Personal Property Insurance > Scheduled Personal Property > Jewelry Coverage
property.valuables.fine_art,property.valuables,3,Fine Art & Collectibles,,"Covers paintings, sculptures, wine and collections at agreed values.",A collector insures a painting for its appraised value.,Personal,,Home & Personal Property Insurance > Scheduled Personal Property > Fine Art & Collectibles
property.valuables.musical_instruments,property.valuables,3,Musical Instruments,,"Covers instruments on and off premises, including while travelling.",A cellist's instrument is damaged on a flight.,Personal,,Home & Personal Property Insurance > Scheduled Personal Property > Musical Instruments
property.valuables.device,property.valuables,3,Device / Cell Phone Protection,Gadget insurance,"Covers phones, laptops and other devices against damage, theft and breakdown.",A cracked phone screen is repaired.,Personal,Often sold by carriers and retailers; some plans are service contracts rather than insurance.,Home & Personal Property Insurance > Scheduled Personal Property > Device / Cell Phone Protection
property.high_net_worth,property,2,High-Net-Worth Homeowners,Private client insurance,"Premium home programs for expensive homes and collections, with broader cover, cash settlement options and higher limits.",A family with a $5 million home buys a private client policy.,Personal,"Written by specialist carriers such as Chubb, PURE and AIG Private Client.",Home & Personal Property Insurance > High-Net-Worth Homeowners
property.home_warranty,property,2,Home Warranty,Home service contract,A service contract that pays to repair or replace home systems and appliances that break from normal wear.,A home warranty pays to fix a failed furnace in winter.,Personal,Regulated as service contracts rather than insurance in many states.,Home & Personal Property Insurance > Home Warranty
casualty,,1,Casualty & Liability Insurance,Liability insurance; Third-party coverage,"Pays for injury or damage you cause to other people or their property, including legal defense costs.","A shop pays nothing out of pocket when a customer slips and sues, because its liability policy covers it.",Both,"Liability rules (negligence, damages caps, joint and several liability) vary by state tort law.",Casualty & Liability Insurance
casualty.personal_liability,casualty,2,Personal Liability,,Liability cover for individuals and families for accidents in daily life.,A dog bites a neighbor and the owner's policy pays the medical bills.,Personal,,Casualty & Liability Insurance > Personal Liability
casualty.personal_liability.homeowners_liability,casualty.personal_liability,3,Homeowners Liability (Coverage E),Section II liability,Liability cover included in home and renters policies for injuries on your property or caused by you anywhere.,A guest trips on a loose step and the homeowners policy pays the claim.,Personal,"Typical limits $100,000-$500,000.",Casualty & Liability Insurance > Personal Liability > Homeowners Liability (Coverage E)
casualty.personal_liability.medical_payments_others,casualty.personal_liability,3,Medical Payments to Others (Coverage F),MedPay,"Pays small medical bills of guests injured on your property regardless of fault, to avoid lawsuits.",A visiting child's stitches after a fall are paid.,Personal,"Typical limits $1,000-$5,000.",Casualty & Liability Insurance > Personal Liability > Medical Payments to Others (Coverage F)
casualty.personal_liability.personal_umbrella,casualty.personal_liability,3,Personal Umbrella,Excess personal liability,Extra liability cover (often $1 million or more) above your home and auto limits.,A driver causes a serious crash and the umbrella pays the amount above the auto limit.,Personal,Insurers usually require minimum underlying auto and home limits.,Casualty & Liability Insurance > Personal Liability > Personal Umbrella
casualty.personal_liability.watercraft_liability,casualty.personal_liability,3,Watercraft Liability,,Liability cover for injuries or damage caused while operating a boat or jet ski.,A jet-ski rider injures a swimmer and the policy pays.,Personal,Home policies cover only small boats; larger craft need a boat policy.,Casualty & Liability Insurance > Personal Liability > Watercraft Liability
casualty.personal_liability.excess_personal_dog,casualty.personal_liability,3,Canine Liability,Dog bite liability,Standalone liability for dog owners whose breed or history is excluded by their home insurer.,An owner of an excluded breed buys a separate canine liability policy.,Personal,Some insurers exclude certain breeds; several states restrict breed-based underwriting.,Casualty & Liability Insurance > Personal Liability > Canine Liability
casualty.general_liability,casualty,2,Commercial General Liability (CGL),General liability; GL,"Covers a business against third-party claims for bodily injury, property damage, and personal and advertising injury.",A cafe pays a customer's claim after they burn themselves on a faulty cup.,Commercial,Standard ISO CG 00 01 (occurrence) and CG 00 02 (claims-made) forms. Commonly required in leases and contracts.,Casualty & Liability Insurance > Commercial General Liability (CGL)
casualty.general_liability.coverage_a,casualty.general_liability,3,Coverage A: Bodily Injury & Property Damage,,Pays for injuries and damage your business causes to others.,A contractor's worker drops a beam on a client's car.,Commercial,,Casualty & Liability Insurance > Commercial General Liability (CGL) > Coverage A: Bodily Injury & Property Damage
casualty.general_liability.coverage_a.premises_operations,casualty.general_liability.coverage_a,4,Premises & Operations,,Covers injuries or damage on your premises or from your ongoing work.,A shopper slips on a wet floor in a supermarket.,Commercial,,Casualty & Liability Insurance > Commercial General Liability (CGL) > Coverage A: Bodily Injury & Property Damage > Premises & Operations
casualty.general_liability.coverage_a.products_completed,casualty.general_liability.coverage_a,4,Products & Completed Operations,Products liability,"Covers injuries or damage caused by products you made or sold, or work you finished.",A toaster manufacturer is sued after a product catches fire.,Commercial,Subject to its own aggregate limit.,Casualty & Liability Insurance > Commercial General Liability (CGL) > Coverage A: Bodily Injury & Property Damage > Products & Completed Operations
casualty.general_liability.coverage_b,casualty.general_liability,3,Coverage B: Personal & Advertising Injury,,"Covers claims like libel, slander, false arrest and copyright infringement in advertising.",A competitor sues over a misleading ad.,Commercial,,Casualty & Liability Insurance > Commercial General Liability (CGL) > Coverage B: Personal & Advertising Injury
casualty.general_liability.coverage_c,casualty.general_liability,3,Coverage C: Medical Payments,,Pays small medical bills for people hurt on your premises regardless of fault.,A customer's ER visit after tripping is paid.,Commercial,,Casualty & Liability Insurance > Commercial General Liability (CGL) > Coverage C: Medical Payments
casualty.general_liability.occurrence_form,casualty.general_liability,3,Occurrence Form,,"Covers incidents that happen during the policy period, even if the claim is made years later.",A claim for a 2022 injury filed in 2025 is paid by the 2022 policy.,Commercial,The standard for most CGL policies.,Casualty & Liability Insurance > Commercial General Liability (CGL) > Occurrence Form
casualty.general_liability.claims_made_form,casualty.general_liability,3,Claims-Made Form,,"Covers claims first made during the policy period, subject to a retroactive date; tail cover extends the reporting window.",A claim made in 2025 is handled by the 2025 policy.,Commercial,,Casualty & Liability Insurance > Commercial General Liability (CGL) > Claims-Made Form
casualty.specialty_liability,casualty,2,Specialty Casualty Lines,,Liability covers for specific exposures that CGL excludes or limits.,A bar buys liquor liability because GL excludes it.,Commercial,,Casualty & Liability Insurance > Specialty Casualty Lines
casualty.specialty_liability.product_liability_standalone,casualty.specialty_liability,3,Standalone Products Liability,,Products liability written separately for manufacturers and distributors with large product exposures.,A medical device maker buys dedicated products cover.,Commercial,,Casualty & Liability Insurance > Specialty Casualty Lines > Standalone Products Liability
casualty.specialty_liability.product_recall,casualty.specialty_liability,3,Product Recall,Product contamination,"Pays the costs of recalling faulty or contaminated products, and sometimes lost profits.",A food maker recalls a batch contaminated with listeria.,Commercial,"Recalls may be ordered by FDA, USDA, CPSC or NHTSA.",Casualty & Liability Insurance > Specialty Casualty Lines > Product Recall
casualty.specialty_liability.liquor,casualty.specialty_liability,3,Liquor Liability,Dram shop liability,"Covers bars, restaurants and liquor stores against claims that alcohol they served led to injury.",A bar is sued after an intoxicated customer causes a crash.,Commercial,"Dram shop laws in many states make businesses that serve alcohol liable for harm caused by intoxicated customers, and some states (e.g. Minnesota) require liquor licensees to prove liability cover. The CGL excludes this risk for businesses that make, sell or serve alcohol.",Casualty & Liability Insurance > Specialty Casualty Lines > Liquor Liability
casualty.specialty_liability.environmental,casualty.specialty_liability,3,Environmental / Pollution Liability,Pollution legal liability (PLL),"Covers clean-up costs and third-party claims from pollution, which CGL mostly excludes.",A factory's chemical leak into a river is cleaned up under the policy.,Commercial,Exposure driven by federal CERCLA (Superfund) and state environmental laws.,Casualty & Liability Insurance > Specialty Casualty Lines > Environmental / Pollution Liability
casualty.specialty_liability.environmental.contractors_pollution,casualty.specialty_liability.environmental,4,Contractors Pollution Liability (CPL),,Covers pollution caused by a contractor's work at job sites.,A contractor disturbs asbestos and must pay for cleanup.,Commercial,,Casualty & Liability Insurance > Specialty Casualty Lines > Environmental / Pollution Liability > Contractors Pollution Liability (CPL)
casualty.specialty_liability.environmental.storage_tank,casualty.specialty_liability.environmental,4,Storage Tank Liability,,Covers leaks from underground or aboveground fuel tanks.,A gas station's leaking underground tank contaminates soil.,Commercial,EPA requires financial responsibility for underground storage tank owners.,Casualty & Liability Insurance > Specialty Casualty Lines > Environmental / Pollution Liability > Storage Tank Liability
casualty.specialty_liability.owners_contractors_protective,casualty.specialty_liability,3,Owners & Contractors Protective (OCP),,"Covers a project owner for liability arising from a contractor's work, bought by the contractor.",A city requires a road contractor to buy OCP naming the city.,Commercial,,Casualty & Liability Insurance > Specialty Casualty Lines > Owners & Contractors Protective (OCP)
casualty.specialty_liability.railroad_protective,casualty.specialty_liability,3,Railroad Protective Liability,,Covers a railroad for liability from contractors working on or near its tracks.,A contractor building a bridge over rail lines buys this for the railroad.,Commercial,,Casualty & Liability Insurance > Specialty Casualty Lines > Railroad Protective Liability
casualty.specialty_liability.special_events_liability,casualty.specialty_liability,3,Special Event Liability,,Short-term liability for one-off events.,A nonprofit gala buys one-day liability cover required by the venue.,Both,,Casualty & Liability Insurance > Specialty Casualty Lines > Special Event Liability
casualty.workers_comp,casualty,2,Workers' Compensation & Employers' Liability,Workers' comp; WC/EL,"Covers employees who are injured or become ill because of their work, paying medical bills and lost wages regardless of fault; in exchange, employees generally can't sue the employer.",A roofer who falls from a ladder receives medical care and weekly wage benefits.,Commercial,Required by state law in every state except Texas (where it is optional). Benefits and rules set by each state. Standard NCCI policy form.,Casualty & Liability Insurance > Workers' Compensation & Employers' Liability
casualty.workers_comp.part_one,casualty.workers_comp,3,Part One: Workers' Compensation,,"Pays the benefits required by state workers' comp law: medical care, wage replacement, rehabilitation and death benefits.",An injured warehouse worker gets two-thirds of wages while off work.,Commercial,,Casualty & Liability Insurance > Workers' Compensation & Employers' Liability > Part One: Workers' Compensation
casualty.workers_comp.part_two,casualty.workers_comp,3,Part Two: Employers' Liability,,Covers lawsuits by employees or others (e.g. spouses) related to work injuries that fall outside the workers' comp system.,An injured worker's spouse sues for loss of consortium.,Commercial,"Typical limits $100,000 / $500,000 / $100,000.",Casualty & Liability Insurance > Workers' Compensation & Employers' Liability > Part Two: Employers' Liability
casualty.workers_comp.part_three,casualty.workers_comp,3,Part Three: Other States Coverage,,Extends cover when employees work in states not listed on the policy.,An employee is injured on a project in another state.,Commercial,,Casualty & Liability Insurance > Workers' Compensation & Employers' Liability > Part Three: Other States Coverage
casualty.workers_comp.state_fund,casualty.workers_comp,3,Monopolistic State Funds,,"In four states, employers must buy workers' comp from the state fund rather than private insurers.",An Ohio employer buys cover from the Ohio Bureau of Workers' Compensation.,Commercial,"Ohio, Washington, North Dakota and Wyoming. Employers there buy ""stop gap"" employers' liability separately.",Casualty & Liability Insurance > Workers' Compensation & Employers' Liability > Monopolistic State Funds
casualty.workers_comp.competitive_state_fund,casualty.workers_comp,3,Competitive State Funds,,State-run workers' comp insurers that compete with private insurers and often act as the insurer of last resort.,A small contractor denied by private carriers gets cover from the state fund.,Commercial,"Examples: SCIF (California), NYSIF (New York), Texas Mutual (created by the Texas legislature and now a private mutual that acts as the state's insurer of last resort).",Casualty & Liability Insurance > Workers' Compensation & Employers' Liability > Competitive State Funds
casualty.workers_comp.assigned_risk,casualty.workers_comp,3,Assigned Risk / Residual Market,,A pool that provides workers' comp to employers that can't get it in the voluntary market.,A new roofing firm with no history is placed in the assigned risk plan.,Commercial,Administered by NCCI in many states.,Casualty & Liability Insurance > Workers' Compensation & Employers' Liability > Assigned Risk / Residual Market
casualty.workers_comp.federal_comp,casualty.workers_comp,3,Federal Workers' Compensation Programs,,Federal laws that replace state workers' comp for certain workers.,A dock worker is covered under the Longshore Act.,Commercial,,Casualty & Liability Insurance > Workers' Compensation & Employers' Liability > Federal Workers' Compensation Programs
casualty.workers_comp.federal_comp.uslh,casualty.workers_comp.federal_comp,4,USL&H (Longshore) Coverage,Longshore and Harbor Workers' Compensation Act,Covers maritime workers like dock workers and ship repairers not covered by state comp.,A shipyard worker injured on a pier is covered.,Commercial,Federal (Department of Labor).,Casualty & Liability Insurance > Workers' Compensation & Employers' Liability > Federal Workers' Compensation Programs > USL&H (Longshore) Coverage
casualty.workers_comp.federal_comp.jones_act,casualty.workers_comp.federal_comp,4,Jones Act / Maritime Employers Liability,MEL,"Covers seamen (crew members), who sue their employer under the Jones Act rather than using workers' comp.",A deckhand injured on a tugboat claims under the Jones Act.,Commercial,,Casualty & Liability Insurance > Workers' Compensation & Employers' Liability > Federal Workers' Compensation Programs > Jones Act / Maritime Employers Liability
casualty.workers_comp.federal_comp.feca,casualty.workers_comp.federal_comp,4,FECA (Federal Employees),,Covers federal government employees' work injuries.,A postal worker hurt on the job receives FECA benefits.,Commercial,Administered by the Department of Labor; not bought from insurers.,Casualty & Liability Insurance > Workers' Compensation & Employers' Liability > Federal Workers' Compensation Programs > FECA (Federal Employees)
casualty.workers_comp.federal_comp.defense_base_act,casualty.workers_comp.federal_comp,4,Defense Base Act (DBA),,Covers civilian contractors working overseas on US government contracts.,A contractor employee injured at an overseas base is covered.,Commercial,Extension of the Longshore Act.,Casualty & Liability Insurance > Workers' Compensation & Employers' Liability > Federal Workers' Compensation Programs > Defense Base Act (DBA)
casualty.workers_comp.occupational_accident,casualty.workers_comp,3,Occupational Accident Insurance,Occ acc,"Accident cover for independent contractors, such as owner-operator truckers, who aren't eligible for workers' comp.",An owner-operator trucker injured while loading gets medical and disability benefits.,Commercial,,Casualty & Liability Insurance > Workers' Compensation & Employers' Liability > Occupational Accident Insurance
casualty.workers_comp.peo,casualty.workers_comp,3,PEO Workers' Comp,Master policy,Workers' comp provided through a Professional Employer Organization that co-employs a small business's staff.,A small company gets workers' comp through its PEO.,Commercial,,Casualty & Liability Insurance > Workers' Compensation & Employers' Liability > PEO Workers' Comp
casualty.umbrella_excess,casualty,2,Commercial Umbrella & Excess Liability,,"Extra liability limits above primary general liability, auto and employers' liability policies.",A trucking company buys $10 million of excess cover above its primary auto policy.,Commercial,,Casualty & Liability Insurance > Commercial Umbrella & Excess Liability
casualty.umbrella_excess.commercial_umbrella,casualty.umbrella_excess,3,Commercial Umbrella,,"Adds limits above several primary policies and may cover some gaps they leave, after a self-insured retention.","A manufacturer buys a $5 million umbrella over GL, auto and EL.",Commercial,,Casualty & Liability Insurance > Commercial Umbrella & Excess Liability > Commercial Umbrella
casualty.umbrella_excess.follow_form,casualty.umbrella_excess,3,Follow-Form Excess,,Adds limits using exactly the same terms as the underlying policy.,A second $10 million layer follows the umbrella's terms.,Commercial,"Large programs stack several excess layers into a ""tower"".",Casualty & Liability Insurance > Commercial Umbrella & Excess Liability > Follow-Form Excess
casualty.legal_expense,casualty,2,Legal Expense Insurance,Prepaid legal plans,"Pays for access to lawyers for personal legal matters such as wills, traffic tickets and disputes.",An employee uses a prepaid legal plan to draft a will.,Personal,Often offered as a voluntary employee benefit; regulated differently by state.,Casualty & Liability Insurance > Legal Expense Insurance
auto,,1,Auto Insurance,Car insurance; Motor vehicle insurance,"Covers vehicles and drivers for damage to the vehicle, injuries, and harm caused to others. Some liability cover is legally required in nearly every state.",A driver's policy pays for another car's repairs after a rear-end collision.,Both,"Minimum liability limits, no-fault rules and required coverages are set by each state. New Hampshire does not require auto insurance for most drivers but requires proof of financial responsibility after a crash.",Auto Insurance
auto.personal_auto,auto,2,Personal Auto Policy (PAP),Private passenger auto,"Cover for cars, SUVs, pickups and minivans owned and used by individuals.",A commuter insures the family SUV.,Personal,Based on the ISO Personal Auto Policy form in many states.,Auto Insurance > Personal Auto Policy (PAP)
auto.personal_auto.liability,auto.personal_auto,3,Liability Coverage,Liability-only; Part A,Pays for injury and damage you cause to others; the legal minimum in almost every state. It doesn't pay for your own car.,An owner of an old car buys only liability cover.,Personal,"Limits are written as split limits such as 25/50/25 ($25k per person, $50k per accident bodily injury, $25k property damage). State minimums vary widely.",Auto Insurance > Personal Auto Policy (PAP) > Liability Coverage
auto.personal_auto.liability.bi_liability,auto.personal_auto.liability,4,Bodily Injury Liability,BI,"Pays for injuries you cause to other people, including medical costs, lost wages and legal claims.",A driver who injures a pedestrian has the victim's bills paid by the policy.,Personal,,Auto Insurance > Personal Auto Policy (PAP) > Liability Coverage > Bodily Injury Liability
auto.personal_auto.liability.pd_liability,auto.personal_auto.liability,4,Property Damage Liability,PD,"Pays for damage you cause to other people's property, such as cars, fences or buildings.","A driver hits a mailbox and a parked car, and both are paid for.",Personal,,Auto Insurance > Personal Auto Policy (PAP) > Liability Coverage > Property Damage Liability
auto.personal_auto.liability.csl,auto.personal_auto.liability,4,Combined Single Limit (CSL),,One total limit per accident that covers both bodily injury and property damage.,"A policy has a $300,000 combined limit instead of split limits.",Personal,,Auto Insurance > Personal Auto Policy (PAP) > Liability Coverage > Combined Single Limit (CSL)
auto.personal_auto.liability.sr22,auto.personal_auto.liability,4,SR-22 / FR-44 Filings,Certificate of financial responsibility,A form an insurer files with the state to prove a high-risk driver carries required liability cover.,"After a DUI, a driver's insurer files an SR-22 for 3 years.",Personal,FR-44 (higher limits) is used in Florida and Virginia after DUIs.,Auto Insurance > Personal Auto Policy (PAP) > Liability Coverage > SR-22 / FR-44 Filings
auto.personal_auto.physical_damage,auto.personal_auto,3,Physical Damage Coverage,Full coverage (informal); Part D,Covers damage to your own vehicle. Lenders and lessors require it.,A new car owner with a loan buys collision and comprehensive as the lender requires.,Personal,,Auto Insurance > Personal Auto Policy (PAP) > Physical Damage Coverage
auto.personal_auto.physical_damage.collision,auto.personal_auto.physical_damage,4,Collision Coverage,,"Pays for damage to your car from hitting another vehicle or object, regardless of fault.",A driver slides into a guardrail on ice and collision pays for repairs.,Personal,,Auto Insurance > Personal Auto Policy (PAP) > Physical Damage Coverage > Collision Coverage
auto.personal_auto.physical_damage.comprehensive,auto.personal_auto.physical_damage,4,Comprehensive (Other Than Collision),OTC; Comp,"Pays for damage to your car from non-crash events such as theft, hail, fire, flood, vandalism or hitting an animal.",Hail dents a car's roof and the policy pays.,Personal,,Auto Insurance > Personal Auto Policy (PAP) > Physical Damage Coverage > Comprehensive (Other Than Collision)
auto.personal_auto.physical_damage.glass,auto.personal_auto.physical_damage,4,Full Glass Coverage,Zero-deductible glass,Pays to repair or replace windshields and windows with no deductible.,A cracked windshield is replaced at no cost.,Personal,"Required to be offered with no deductible in some states (e.g. Florida, Kentucky, South Carolina).",Auto Insurance > Personal Auto Policy (PAP) > Physical Damage Coverage > Full Glass Coverage
auto.personal_auto.first_party_injury,auto.personal_auto,3,First-Party Injury Coverages,,"Pays medical costs for you and your passengers, regardless of who caused the crash.",A driver's own policy pays for her hospital visit after a crash.,Personal,,Auto Insurance > Personal Auto Policy (PAP) > First-Party Injury Coverages
auto.personal_auto.first_party_injury.pip,auto.personal_auto.first_party_injury,4,Personal Injury Protection (PIP),No-fault insurance,"Pays your medical bills, lost wages and other costs after a crash no matter who caused it.",A Michigan driver's PIP pays his medical bills after a crash.,Personal,"Required in no-fault states such as FL, MI, NY, NJ, PA, MA, MN, HI, KS, KY, ND, UT. NJ, PA and KY let drivers choose limited or full tort options.",Auto Insurance > Personal Auto Policy (PAP) > First-Party Injury Coverages > Personal Injury Protection (PIP)
auto.personal_auto.first_party_injury.medpay,auto.personal_auto.first_party_injury,4,Medical Payments Coverage (MedPay),,Pays medical bills for you and passengers regardless of fault; narrower than PIP.,A passenger's ambulance ride is covered.,Personal,Optional in most states.,Auto Insurance > Personal Auto Policy (PAP) > First-Party Injury Coverages > Medical Payments Coverage (MedPay)
auto.personal_auto.first_party_injury.um_uim,auto.personal_auto.first_party_injury,4,Uninsured / Underinsured Motorist (UM/UIM),,Pays for your injuries (and in some states car damage) if the at-fault driver has no insurance or too little.,A hit-and-run driver injures you and your UM cover pays.,Personal,Required in about 20 states and must be offered (rejectable in writing) in most others.,Auto Insurance > Personal Auto Policy (PAP) > First-Party Injury Coverages > Uninsured / Underinsured Motorist (UM/UIM)
auto.personal_auto.auto_endorsements,auto.personal_auto,3,Auto Endorsements & Add-Ons,Optional coverages,Optional extras added to a car policy.,A driver adds rental reimbursement and roadside assistance.,Personal,,Auto Insurance > Personal Auto Policy (PAP) > Auto Endorsements & Add-Ons
auto.personal_auto.auto_endorsements.gap,auto.personal_auto.auto_endorsements,4,GAP Insurance,Guaranteed Asset Protection; Loan/lease payoff,Covers the difference between what you owe on a car loan or lease and the car's value if it is totaled.,A new car is totaled six months after purchase and GAP covers the loan shortfall.,Personal,Sold by insurers or as a dealer waiver; a few states limit dealer GAP.,Auto Insurance > Personal Auto Policy (PAP) > Auto Endorsements & Add-Ons > GAP Insurance
auto.personal_auto.auto_endorsements.new_car_replacement,auto.personal_auto.auto_endorsements,4,New Car Replacement,,Replaces a totaled new car with a brand-new one of the same model rather than paying its depreciated value.,A 1-year-old car is totaled and replaced with a new one.,Personal,,Auto Insurance > Personal Auto Policy (PAP) > Auto Endorsements & Add-Ons > New Car Replacement
auto.personal_auto.auto_endorsements.rental,auto.personal_auto.auto_endorsements,4,Rental Reimbursement,Transportation expense,Pays for a rental car while yours is being repaired after a covered claim.,A driver gets a rental car for 10 days during repairs.,Personal,,Auto Insurance > Personal Auto Policy (PAP) > Auto Endorsements & Add-Ons > Rental Reimbursement
auto.personal_auto.auto_endorsements.roadside,auto.personal_auto.auto_endorsements,4,Roadside Assistance,Towing and labor,"Helps with towing, flat tires, dead batteries and lock-outs.",A car breaks down on a highway and is towed to a garage.,Personal,,Auto Insurance > Personal Auto Policy (PAP) > Auto Endorsements & Add-Ons > Roadside Assistance
auto.personal_auto.auto_endorsements.accident_forgiveness,auto.personal_auto.auto_endorsements,4,Accident Forgiveness,,Prevents your premium from rising after your first at-fault accident.,A driver's rate doesn't rise after a minor fender-bender.,Personal,Not permitted or restricted in some states (e.g. California).,Auto Insurance > Personal Auto Policy (PAP) > Auto Endorsements & Add-Ons > Accident Forgiveness
auto.personal_auto.auto_endorsements.custom_equipment,auto.personal_auto.auto_endorsements,4,Custom Parts & Equipment,CPE,Covers aftermarket add-ons such as custom wheels or stereos.,A stolen custom sound system is replaced.,Personal,,Auto Insurance > Personal Auto Policy (PAP) > Auto Endorsements & Add-Ons > Custom Parts & Equipment
auto.personal_auto.auto_endorsements.rideshare,auto.personal_auto.auto_endorsements,4,Rideshare Endorsement,TNC coverage,"Fills the gap in a personal policy when you drive for Uber, Lyft or delivery apps with the app on but no ride accepted.",An Uber driver waiting for a ride request is covered after a crash.,Personal,Most states have TNC laws setting required coverage by driving period.,Auto Insurance > Personal Auto Policy (PAP) > Auto Endorsements & Add-Ons > Rideshare Endorsement
auto.personal_auto.usage_based,auto.personal_auto,3,Usage-Based Insurance (UBI),Telematics; Pay-per-mile,"Premiums based on how much or how well you drive, measured by an app or plug-in device.",A careful driver uses an insurer app to earn a discount.,Personal,"Examples: Progressive Snapshot, State Farm Drive Safe & Save, Allstate Milewise (pay-per-mile).",Auto Insurance > Personal Auto Policy (PAP) > Usage-Based Insurance (UBI)
auto.personal_auto.non_standard,auto.personal_auto,3,Non-Standard Auto,High-risk auto,"Auto insurance for drivers with poor records, lapses in cover or no credit history.",A driver with two speeding tickets and a lapse buys non-standard cover.,Personal,Drivers who can't find cover can use state auto insurance plans (assigned risk).,Auto Insurance > Personal Auto Policy (PAP) > Non-Standard Auto
auto.personal_auto.non_owner,auto.personal_auto,3,Non-Owner Car Insurance,,Liability cover for people who drive but don't own a car.,A city resident who rents cars often buys a non-owner policy.,Personal,Often used to satisfy an SR-22 requirement.,Auto Insurance > Personal Auto Policy (PAP) > Non-Owner Car Insurance
auto.personal_auto.classic_car,auto.personal_auto,3,Classic / Collector Car,Agreed value auto,"Covers vintage and collector cars at an agreed value, usually with mileage and storage rules.","A 1967 Mustang owner insures the car for its agreed value of $60,000.",Personal,Specialist carriers include Hagerty and Grundy.,Auto Insurance > Personal Auto Policy (PAP) > Classic / Collector Car
auto.motorcycle,auto,2,Motorcycle Insurance,,"Cover for motorcycles, scooters and mopeds, with liability, physical damage and injury options similar to cars.",A rider insures a Harley-Davidson.,Personal,Required in almost every state; helmet laws vary.,Auto Insurance > Motorcycle Insurance
auto.recreational_vehicles,auto,2,Recreational Vehicles,,"Cover for motorhomes, trailers, ATVs, snowmobiles and golf carts.",A family insures its travel trailer.,Personal,,Auto Insurance > Recreational Vehicles
auto.recreational_vehicles.rv,auto.recreational_vehicles,3,RV / Motorhome,,"Covers motorhomes and travel trailers, including contents and vacation liability.",A retired couple insures their RV for a cross-country trip.,Personal,,Auto Insurance > Recreational Vehicles > RV / Motorhome
auto.recreational_vehicles.off_road,auto.recreational_vehicles,3,ATV / Off-Road Vehicle,,"Covers ATVs, UTVs and dirt bikes.",An ATV rolls over on a trail and repairs are paid.,Personal,,Auto Insurance > Recreational Vehicles > ATV / Off-Road Vehicle
auto.recreational_vehicles.snowmobile,auto.recreational_vehicles,3,Snowmobile,,Covers snowmobiles and their riders' liability.,A snowmobiler hits a fence and liability pays.,Personal,,Auto Insurance > Recreational Vehicles > Snowmobile
auto.commercial_auto,auto,2,Commercial Auto,Business auto,"Cover for vehicles used for business, such as vans, trucks, delivery vehicles and limos.",A plumbing company insures its five vans.,Commercial,"Based on the ISO Business Auto Policy (BAP). Federal FMCSA minimum limits apply to interstate carriers ($750,000+ for general freight).",Auto Insurance > Commercial Auto
auto.commercial_auto.business_auto,auto.commercial_auto,3,Business Auto Policy (BAP),,"Covers company-owned cars, vans and light trucks.",A landscaping company insures its pickup trucks.,Commercial,Uses covered auto symbols (1-9) to define which vehicles are covered.,Auto Insurance > Commercial Auto > Business Auto Policy (BAP)
auto.commercial_auto.hnoa,auto.commercial_auto,3,Hired & Non-Owned Auto (HNOA),,Covers a business's liability when employees drive rented cars or their own cars for work.,An employee crashes their own car on a sales trip and the company is sued.,Commercial,,Auto Insurance > Commercial Auto > Hired & Non-Owned Auto (HNOA)
auto.commercial_auto.trucking,auto.commercial_auto,3,Trucking Insurance,Motor carrier coverage,Cover for businesses that haul goods for others.,A regional carrier insures 40 tractor-trailers.,Commercial,Interstate for-hire carriers file proof of insurance with FMCSA (MCS-90 endorsement).,Auto Insurance > Commercial Auto > Trucking Insurance
auto.commercial_auto.trucking.primary_auto_liability,auto.commercial_auto.trucking,4,Primary Auto Liability,,"The main liability cover for a truck fleet, meeting federal minimums.",A carrier carries $1 million primary liability.,Commercial,,Auto Insurance > Commercial Auto > Trucking Insurance > Primary Auto Liability
auto.commercial_auto.trucking.motor_truck_cargo,auto.commercial_auto.trucking,4,Motor Truck Cargo,,Covers goods being carried in a truck against loss or damage.,A trucker's load of TVs is stolen and cargo cover pays.,Commercial,,Auto Insurance > Commercial Auto > Trucking Insurance > Motor Truck Cargo
auto.commercial_auto.trucking.physical_damage_truck,auto.commercial_auto.trucking,4,Truck Physical Damage,,Covers damage to trucks and trailers.,A truck damaged in a rollover is repaired.,Commercial,,Auto Insurance > Commercial Auto > Trucking Insurance > Truck Physical Damage
auto.commercial_auto.trucking.bobtail,auto.commercial_auto.trucking,4,Non-Trucking Liability / Bobtail,,Covers owner-operators driving a truck when not under dispatch for a motor carrier.,An owner-operator driving home without a trailer is covered.,Commercial,,Auto Insurance > Commercial Auto > Trucking Insurance > Non-Trucking Liability / Bobtail
auto.commercial_auto.garage,auto.commercial_auto,3,Garage & Dealers,Garage liability; Auto dealers coverage,"Covers auto dealers, repair shops and parking operators for their operations and customers' vehicles.",A mechanic's customer car is damaged during a test drive.,Commercial,,Auto Insurance > Commercial Auto > Garage & Dealers
auto.commercial_auto.garage.garagekeepers,auto.commercial_auto.garage,4,Garagekeepers Coverage,,"Covers customers' vehicles in your care, custody and control.",A fire in a repair shop damages five customer cars.,Commercial,,Auto Insurance > Commercial Auto > Garage & Dealers > Garagekeepers Coverage
auto.commercial_auto.garage.dealers_open_lot,auto.commercial_auto.garage,4,Dealers Open Lot,Floor plan coverage,Covers a dealer's inventory of vehicles on the lot.,A hailstorm damages 50 new cars on a dealer's lot.,Commercial,,Auto Insurance > Commercial Auto > Garage & Dealers > Dealers Open Lot
auto.commercial_auto.public_livery,auto.commercial_auto,3,Public Auto / Livery,Taxi and limo insurance,"Covers taxis, limos, buses and other vehicles carrying paying passengers.",A limousine company insures its fleet with higher limits.,Commercial,Required limits often set by city or state regulators.,Auto Insurance > Commercial Auto > Public Auto / Livery
auto.commercial_auto.tnc_commercial,auto.commercial_auto,3,TNC Commercial Policy,,Policies bought by rideshare companies like Uber and Lyft covering drivers once a ride is accepted.,A crash during an Uber ride is covered by Uber's insurer.,Commercial,State TNC laws typically require $1 million liability while a passenger is on board.,Auto Insurance > Commercial Auto > TNC Commercial Policy
commercial,,1,Commercial Lines (Business Property & Packages),Business insurance; Commercial P&C,"Insurance businesses buy to protect their buildings, equipment, income and operations. Business liability, workers' comp and commercial auto are in their own branches.","A bakery buys cover for its ovens, premises and lost income after a fire.",Commercial,"Most standard commercial forms come from ISO. Larger or unusual risks often go to the excess and surplus (E&S) lines market, which has lighter rate and form regulation.",Commercial Lines (Business Property & Packages)
commercial.packages,commercial,2,Business Package Policies,,Bundles of common business covers sold as one policy.,"A dental office buys one package for building, contents and liability.",Commercial,,Commercial Lines (Business Property & Packages) > Business Package Policies
commercial.packages.bop,commercial.packages,3,Business Owner's Policy (BOP),,"A package for small and mid-sized businesses combining property, business income and general liability.","A small retail shop buys a BOP for about $1,000 a year.",Commercial,"Eligibility limited by size and class (e.g. offices, retail, restaurants, contractors).",Commercial Lines (Business Property & Packages) > Business Package Policies > Business Owner's Policy (BOP)
commercial.packages.cpp,commercial.packages,3,Commercial Package Policy (CPP),Modular package,"A package for larger businesses built from separate ISO coverage parts (property, GL, crime, inland marine, equipment breakdown).","A mid-size manufacturer builds a CPP with property, GL and crime.",Commercial,Qualifies for a package discount when property and GL are combined.,Commercial Lines (Business Property & Packages) > Business Package Policies > Commercial Package Policy (CPP)
commercial.packages.industry_programs,commercial.packages,3,Industry Program Policies,Program business,"Tailored packages for a specific industry, often written through program administrators or MGAs.",A chain of fitness studios buys a fitness-industry package.,Commercial,,Commercial Lines (Business Property & Packages) > Business Package Policies > Industry Program Policies
commercial.commercial_property,commercial,2,Commercial Property,Business property; Building and personal property,"Covers business buildings, equipment, inventory and improvements against fire, storm and other damage.",A warehouse fire destroys inventory and the insurer pays to replace it.,Commercial,ISO Building and Personal Property Coverage Form (CP 00 10).,Commercial Lines (Business Property & Packages) > Commercial Property
commercial.commercial_property.causes_of_loss,commercial.commercial_property,3,Causes of Loss Forms,,ISO forms that define which perils are covered.,A business picks the special form for the broadest cover.,Commercial,,Commercial Lines (Business Property & Packages) > Commercial Property > Causes of Loss Forms
commercial.commercial_property.causes_of_loss.basic_form,commercial.commercial_property.causes_of_loss,4,Basic Form,,"A short named-peril list such as fire, lightning, explosion, windstorm, smoke, riot and vandalism.",A low-budget policy for a vacant building.,Commercial,,Commercial Lines (Business Property & Packages) > Commercial Property > Causes of Loss Forms > Basic Form
commercial.commercial_property.causes_of_loss.broad_form,commercial.commercial_property.causes_of_loss,4,Broad Form,,"Adds falling objects, weight of snow and water damage to the basic list.",A business picks broad form for more named perils.,Commercial,,Commercial Lines (Business Property & Packages) > Commercial Property > Causes of Loss Forms > Broad Form
commercial.commercial_property.causes_of_loss.special_form,commercial.commercial_property.causes_of_loss,4,Special Form,Open perils; All-risk,Covers all causes of loss except those excluded.,Most commercial property is written on the special form.,Commercial,,Commercial Lines (Business Property & Packages) > Commercial Property > Causes of Loss Forms > Special Form
commercial.commercial_property.blanket,commercial.commercial_property,3,Blanket Coverage,,One limit applies across several buildings or locations rather than separate limits for each.,A retailer with 10 stores uses a blanket limit.,Commercial,,Commercial Lines (Business Property & Packages) > Commercial Property > Blanket Coverage
commercial.commercial_property.difference_in_conditions,commercial.commercial_property,3,Difference in Conditions (DIC),,"Fills gaps in a main property policy, usually adding earthquake and flood.",A California office building buys DIC for earthquake.,Commercial,,Commercial Lines (Business Property & Packages) > Commercial Property > Difference in Conditions (DIC)
commercial.commercial_property.glass,commercial.commercial_property,3,Commercial Glass,,Covers breakage of storefront windows and glass fittings.,A shop's front window is smashed by vandals.,Commercial,,Commercial Lines (Business Property & Packages) > Commercial Property > Commercial Glass
commercial.commercial_property.spoilage,commercial.commercial_property,3,Spoilage Coverage,,Covers perishable stock that spoils after power failure or refrigeration breakdown.,A grocer's frozen food spoils when a freezer fails.,Commercial,,Commercial Lines (Business Property & Packages) > Commercial Property > Spoilage Coverage
commercial.commercial_property.terrorism,commercial.commercial_property,3,Terrorism Coverage (TRIA),TRIPRA,"Covers damage from certified acts of terrorism, backed by a federal reinsurance program.",An office tower buys terrorism cover.,Commercial,The Terrorism Risk Insurance Act requires insurers to offer the cover; the federal backstop runs through 2027 under current law.,Commercial Lines (Business Property & Packages) > Commercial Property > Terrorism Coverage (TRIA)
commercial.business_income,commercial,2,Business Income & Extra Expense,Business interruption (BI),Pays lost profit and continuing expenses when a business can't operate after physical damage from a covered cause.,A restaurant closed for 3 months after a fire receives its lost profits.,Commercial,ISO form CP 00 30.,Commercial Lines (Business Property & Packages) > Business Income & Extra Expense
commercial.business_income.extra_expense,commercial.business_income,3,Extra Expense,,"Pays extra costs to keep running after damage, such as renting temporary space.",An office rents a temporary floor while its own is repaired.,Commercial,,Commercial Lines (Business Property & Packages) > Business Income & Extra Expense > Extra Expense
commercial.business_income.contingent_bi,commercial.business_income,3,Contingent Business Income,Dependent properties,Covers lost income when a key supplier or customer suffers covered damage.,A car maker loses income when a parts supplier's factory burns.,Commercial,,Commercial Lines (Business Property & Packages) > Business Income & Extra Expense > Contingent Business Income
commercial.business_income.civil_authority,commercial.business_income,3,Civil Authority,,Covers lost income when authorities prohibit access to your premises because of nearby damage.,Police close a street after an explosion next door.,Commercial,Heavily litigated after COVID-19 closures; courts mostly found no physical loss.,Commercial Lines (Business Property & Packages) > Business Income & Extra Expense > Civil Authority
commercial.business_income.utility_services,commercial.business_income,3,Utility Services - Time Element,Off-premises power,"Covers lost income when an off-site utility (power, water, telecom) fails due to covered damage.",A power station fire shuts down a factory for 4 days.,Commercial,,Commercial Lines (Business Property & Packages) > Business Income & Extra Expense > Utility Services - Time Element
commercial.builders_risk,commercial,2,Builder's Risk,Course of construction,"Covers buildings under construction or renovation, including materials on site.",A developer insures a new apartment block during construction.,Commercial,Often written as inland marine in the US.,Commercial Lines (Business Property & Packages) > Builder's Risk
commercial.builders_risk.wrap_up,commercial.builders_risk,3,Wrap-Up Programs (OCIP / CCIP),Owner- or contractor-controlled insurance program,One insurance program bought by the owner (OCIP) or general contractor (CCIP) covering all contractors on a large project.,A stadium project buys an OCIP covering GL and workers' comp for all trades.,Commercial,Some states restrict wrap-ups on public projects.,Commercial Lines (Business Property & Packages) > Builder's Risk > Wrap-Up Programs (OCIP / CCIP)
commercial.builders_risk.soft_costs,commercial.builders_risk,3,Soft Costs / Delay in Completion,,"Covers extra interest, fees and lost rent when a project is delayed by covered damage.",A storm delays an apartment building's opening by 3 months.,Commercial,,Commercial Lines (Business Property & Packages) > Builder's Risk > Soft Costs / Delay in Completion
commercial.equipment_breakdown,commercial,2,Equipment Breakdown,Boiler & machinery,"Covers sudden mechanical or electrical breakdown of equipment like boilers, HVAC and computers, which property policies exclude.",A restaurant's walk-in cooler compressor burns out.,Commercial,"Many states require boiler inspections, often performed by the equipment breakdown insurer.",Commercial Lines (Business Property & Packages) > Equipment Breakdown
commercial.farm,commercial,2,Farm & Ranch Property,Farmowners,"Package cover for farm dwellings, barns, equipment and livestock plus farm liability.",A dairy farm insures its barns and milking equipment.,Commercial,Crop insurance is separate (see Agricultural). ISO and AAIS publish farm forms.,Commercial Lines (Business Property & Packages) > Farm & Ranch Property
commercial.habitational,commercial,2,Habitational & Real Estate,Apartment insurance,"Property and liability for landlords, apartment complexes and HOAs.",An apartment owner insures a 200-unit complex.,Commercial,,Commercial Lines (Business Property & Packages) > Habitational & Real Estate
commercial.habitational.hoa_master,commercial.habitational,3,Condo / HOA Master Policy,Association policy,"Covers a condo or HOA's common property, buildings and liability.","An HOA insures the building shell, lobby and pool.",Commercial,"Coverage scope (""bare walls"" vs ""all-in"") depends on state law and association documents.",Commercial Lines (Business Property & Packages) > Habitational & Real Estate > Condo / HOA Master Policy
commercial.habitational.lessors_risk,commercial.habitational,3,Lessor's Risk Only (LRO),,Covers a landlord's building and liability when the whole building is leased to tenants.,An owner of a leased strip mall buys LRO.,Commercial,,Commercial Lines (Business Property & Packages) > Habitational & Real Estate > Lessor's Risk Only (LRO)
commercial.habitational.vacant,commercial.habitational,3,Vacant Building,,"Cover for buildings that are vacant or unoccupied, which standard policies restrict.",A bank insures a foreclosed commercial building.,Commercial,Standard forms limit cover after 60 days of vacancy.,Commercial Lines (Business Property & Packages) > Habitational & Real Estate > Vacant Building
marine,,1,"Marine, Aviation & Transit",Transportation insurance,"Covers ships, aircraft, satellites and goods while moving, plus related liabilities. In the US, marine is split into ocean marine and inland marine.",A coffee importer insures a container shipment from Brazil to New Jersey.,Commercial,,"Marine, Aviation & Transit"
marine.ocean_marine,marine,2,Ocean Marine,,"Covers vessels, cargo and liabilities connected with shipping by water.",A shipping line insures its vessels and the cargo they carry.,Commercial,Governed by federal admiralty (maritime) law as well as state insurance rules.,"Marine, Aviation & Transit > Ocean Marine"
marine.ocean_marine.cargo,marine.ocean_marine,3,Ocean Cargo,Marine cargo; Transit insurance,Covers goods shipped by sea (and connecting land or air legs) against loss or damage.,Electronics damaged by seawater in transit are paid for.,Commercial,"Carrier liability under COGSA is limited to $500 per package, so shippers buy cargo insurance.","Marine, Aviation & Transit > Ocean Marine > Ocean Cargo"
marine.ocean_marine.cargo.all_risks,marine.ocean_marine.cargo,4,All Risks Cargo,,The broadest cargo terms: covers all physical loss or damage except listed exclusions like poor packing and delay.,A high-value machinery shipment is insured on all-risks terms.,Commercial,Based on American Institute Cargo Clauses.,"Marine, Aviation & Transit > Ocean Marine > Ocean Cargo > All Risks Cargo"
marine.ocean_marine.cargo.with_average,marine.ocean_marine.cargo,4,With Average (WA),,Named-peril cover that pays partial losses from perils like heavy weather once they exceed a small threshold.,Bulk steel is insured on WA terms.,Commercial,,"Marine, Aviation & Transit > Ocean Marine > Ocean Cargo > With Average (WA)"
marine.ocean_marine.cargo.fpa,marine.ocean_marine.cargo,4,Free of Particular Average (FPA),,"The narrowest terms: pays total losses and partial losses only from major casualties like sinking, fire or collision.",Low-value bulk goods are insured FPA.,Commercial,,"Marine, Aviation & Transit > Ocean Marine > Ocean Cargo > Free of Particular Average (FPA)"
marine.ocean_marine.cargo.open_cargo,marine.ocean_marine.cargo,4,Open Cargo Policy,Open cover,"Automatically covers all shipments over time under agreed terms, with each shipment reported.",An importer reports each shipment under an annual open policy.,Commercial,,"Marine, Aviation & Transit > Ocean Marine > Ocean Cargo > Open Cargo Policy"
marine.ocean_marine.cargo.stp,marine.ocean_marine.cargo,4,Stock Throughput (STP),,Covers goods from raw material through storage and transit to final delivery in one policy.,A retailer's stock is covered from supplier warehouse to store shelf.,Commercial,,"Marine, Aviation & Transit > Ocean Marine > Ocean Cargo > Stock Throughput (STP)"
marine.ocean_marine.hull,marine.ocean_marine,3,Hull & Machinery (H&M),Hull insurance,Covers physical damage to the ship itself and its machinery.,A tanker's hull is repaired after a grounding.,Commercial,Often written on American Institute Hull Clauses.,"Marine, Aviation & Transit > Ocean Marine > Hull & Machinery (H&M)"
marine.ocean_marine.hull.blue_water,marine.ocean_marine.hull,4,Blue-Water Hull,Ocean hull,Hull cover for ocean-going ships.,A container ship owner insures its fleet.,Commercial,,"Marine, Aviation & Transit > Ocean Marine > Hull & Machinery (H&M) > Blue-Water Hull"
marine.ocean_marine.hull.brown_water,marine.ocean_marine.hull,4,Brown-Water Hull,Inland waterways hull,"Hull cover for barges, tugs and towboats on rivers and coastal waters.",A Mississippi River towboat operator insures its fleet.,Commercial,,"Marine, Aviation & Transit > Ocean Marine > Hull & Machinery (H&M) > Brown-Water Hull"
marine.ocean_marine.hull.war_risks,marine.ocean_marine.hull,4,Marine War Risks,,"Covers ships and cargo against war, strikes, terrorism and piracy excluded by standard hull and cargo terms.",A ship passing through a conflict zone buys extra war cover.,Commercial,,"Marine, Aviation & Transit > Ocean Marine > Hull & Machinery (H&M) > Marine War Risks"
marine.ocean_marine.hull.builders_risk_marine,marine.ocean_marine.hull,4,Shipbuilders' Risk,,Covers ships while being built or repaired at a shipyard.,A shipyard insures a ferry under construction.,Commercial,,"Marine, Aviation & Transit > Ocean Marine > Hull & Machinery (H&M) > Shipbuilders' Risk"
marine.ocean_marine.marine_liability,marine.ocean_marine,3,Marine Liability,,Covers liabilities from vessel operations and waterfront businesses.,A shipowner is liable for an oil spill.,Commercial,,"Marine, Aviation & Transit > Ocean Marine > Marine Liability"
marine.ocean_marine.marine_liability.p_and_i,marine.ocean_marine.marine_liability,4,Protection & Indemnity (P&I),P&I club cover,"Covers shipowners' third-party liabilities such as crew injury, cargo damage, pollution and wreck removal, often through mutual P&I clubs.",A shipowner's P&I pays for cleaning up a fuel spill.,Commercial,Vessels in US waters must show financial responsibility under the Oil Pollution Act of 1990 (OPA 90).,"Marine, Aviation & Transit > Ocean Marine > Marine Liability > Protection & Indemnity (P&I)"
marine.ocean_marine.marine_liability.mel,marine.ocean_marine.marine_liability,4,Maritime Employers Liability (MEL),,Covers employers of seamen for injury claims under the Jones Act and general maritime law.,A deckhand injured on a crew boat sues his employer.,Commercial,,"Marine, Aviation & Transit > Ocean Marine > Marine Liability > Maritime Employers Liability (MEL)"
marine.ocean_marine.marine_liability.charterers,marine.ocean_marine.marine_liability,4,Charterer's Liability,,Covers companies that charter ships against liabilities to the owner and others.,A charterer loads an unsafe cargo that damages the ship.,Commercial,,"Marine, Aviation & Transit > Ocean Marine > Marine Liability > Charterer's Liability"
marine.ocean_marine.marine_liability.marine_terminal,marine.ocean_marine.marine_liability,4,Marine Terminal Operators Liability,Wharfinger's liability,"Covers port and terminal operators against damage to ships, cargo and people.",A terminal crane drops a container onto a ship.,Commercial,,"Marine, Aviation & Transit > Ocean Marine > Marine Liability > Marine Terminal Operators Liability"
marine.ocean_marine.marine_liability.ship_repairers,marine.ocean_marine.marine_liability,4,Ship Repairers Liability,,Covers shipyards for damage to vessels in their care.,A vessel catches fire while in dry dock.,Commercial,,"Marine, Aviation & Transit > Ocean Marine > Marine Liability > Ship Repairers Liability"
marine.ocean_marine.recreational_marine,marine.ocean_marine,3,Yacht & Boat Insurance,Watercraft insurance,"Covers private boats and yachts for damage, theft and liability.",A sailor insures a 40-foot yacht.,Personal,Marinas and lenders usually require liability cover. Some states (e.g. Utah) require boat liability insurance.,"Marine, Aviation & Transit > Ocean Marine > Yacht & Boat Insurance"
marine.inland_marine,marine,2,Inland Marine,Floaters,"A US-specific class covering property in transit over land, movable property, and ""instrumentalities of transportation"" such as bridges and pipelines.",A contractor insures tools that move between job sites.,Commercial,"Defined by the NAIC Nationwide Marine Definition; many inland marine forms are unfiled, giving flexibility.","Marine, Aviation & Transit > Inland Marine"
marine.inland_marine.contractors_equipment,marine.inland_marine,3,Contractor's Equipment Floater,,Covers mobile construction equipment wherever it is.,A stolen skid-steer loader is replaced.,Commercial,,"Marine, Aviation & Transit > Inland Marine > Contractor's Equipment Floater"
marine.inland_marine.installation_floater,marine.inland_marine,3,Installation Floater,,Covers materials being installed at a job site until the job is accepted.,HVAC units awaiting installation are stolen from a site.,Commercial,,"Marine, Aviation & Transit > Inland Marine > Installation Floater"
marine.inland_marine.transit,marine.inland_marine,3,Transit Coverage,Transportation floater,Covers the insured's own goods while transported by its own trucks or by carriers.,A manufacturer's goods are damaged on its own truck.,Commercial,,"Marine, Aviation & Transit > Inland Marine > Transit Coverage"
marine.inland_marine.bailee,marine.inland_marine,3,Bailee's Customers,,"Covers customers' property held by a business, such as a dry cleaner or repair shop.",A fire at a dry cleaner destroys customers' clothes.,Commercial,,"Marine, Aviation & Transit > Inland Marine > Bailee's Customers"
marine.inland_marine.edp,marine.inland_marine,3,Electronic Data Processing (EDP),Computer equipment floater,"Covers computers, servers and media, including breakdown and data restoration.",A power surge fries a firm's servers.,Commercial,,"Marine, Aviation & Transit > Inland Marine > Electronic Data Processing (EDP)"
marine.inland_marine.accounts_receivable,marine.inland_marine,3,Accounts Receivable,,Pays amounts you can't collect because records of who owes you were destroyed.,A fire destroys billing records and unpaid invoices are covered.,Commercial,,"Marine, Aviation & Transit > Inland Marine > Accounts Receivable"
marine.inland_marine.valuable_papers,marine.inland_marine,3,Valuable Papers & Records,,Pays to restore important documents like blueprints and legal papers.,An architect's plans are destroyed in a flood.,Commercial,,"Marine, Aviation & Transit > Inland Marine > Valuable Papers & Records"
marine.inland_marine.jewelers_block,marine.inland_marine,3,Jewelers Block,,"Open-peril cover for jewelry retailers' and wholesalers' stock, including customers' items.",A jewelry store's safe is burglarized.,Commercial,,"Marine, Aviation & Transit > Inland Marine > Jewelers Block"
marine.inland_marine.fine_arts_commercial,marine.inland_marine,3,Fine Arts (Commercial),Museum and gallery cover,"Covers artworks owned or held by galleries, museums and dealers, including in transit.",A painting lent to a museum is damaged in transit.,Commercial,,"Marine, Aviation & Transit > Inland Marine > Fine Arts (Commercial)"
marine.inland_marine.signs,marine.inland_marine,3,Signs Coverage,,Covers outdoor signs against damage.,A storm destroys a restaurant's roadside sign.,Commercial,,"Marine, Aviation & Transit > Inland Marine > Signs Coverage"
marine.inland_marine.instrumentalities,marine.inland_marine,3,Instrumentalities of Transportation,"Bridges, tunnels and pipelines","Covers fixed property used in transportation and communication, such as bridges, tunnels, pipelines and cell towers.",A toll bridge authority insures its bridge.,Commercial,,"Marine, Aviation & Transit > Inland Marine > Instrumentalities of Transportation"
marine.aviation,marine,2,Aviation Insurance,,"Covers aircraft, airports and aviation businesses against physical damage and liability.",An airline insures its fleet against crashes and passenger claims.,Commercial,FAA and DOT set some financial responsibility rules (e.g. for air carriers).,"Marine, Aviation & Transit > Aviation Insurance"
marine.aviation.aviation_hull,marine.aviation,3,Aircraft Hull,,"Covers physical damage to the aircraft, on the ground or in flight.",A plane damaged in a hard landing is repaired.,Commercial,,"Marine, Aviation & Transit > Aviation Insurance > Aircraft Hull"
marine.aviation.aviation_liability,marine.aviation,3,Aircraft Liability,Passenger and third-party liability,Covers liability to passengers and people or property on the ground.,An airline pays compensation to injured passengers.,Commercial,International flights are subject to the Montreal Convention liability rules.,"Marine, Aviation & Transit > Aviation Insurance > Aircraft Liability"
marine.aviation.airport_liability,marine.aviation,3,Airport & Ground Handler Liability,Premises liability (aviation),"Covers airports, FBOs and ground handlers against third-party claims.",A baggage vehicle damages a parked aircraft.,Commercial,,"Marine, Aviation & Transit > Aviation Insurance > Airport & Ground Handler Liability"
marine.aviation.aviation_products,marine.aviation,3,Aviation Products Liability,,Covers manufacturers of aircraft and parts against liability for defects.,A parts maker is sued after an engine component fails.,Commercial,,"Marine, Aviation & Transit > Aviation Insurance > Aviation Products Liability"
marine.aviation.general_aviation,marine.aviation,3,General Aviation,Private aircraft insurance,"Covers privately owned planes, flight schools and small charter operators.",A private pilot insures a Cessna 172.,Both,,"Marine, Aviation & Transit > Aviation Insurance > General Aviation"
marine.aviation.non_owned_aircraft,marine.aviation,3,Non-Owned Aircraft Liability,Renter pilot insurance,Covers pilots who rent or borrow aircraft.,A student pilot renting a plane buys renter's cover.,Personal,,"Marine, Aviation & Transit > Aviation Insurance > Non-Owned Aircraft Liability"
marine.aviation.drone,marine.aviation,3,Drone (UAS) Insurance,,Covers drones against damage and liability to others.,A real estate photographer insures a camera drone.,Both,Commercial drone pilots need FAA Part 107 certification; insurance is not federally required but is often required by clients.,"Marine, Aviation & Transit > Aviation Insurance > Drone (UAS) Insurance"
marine.space,marine,2,Space Insurance,Satellite insurance,"Covers satellites and launch vehicles during launch and in orbit, plus third-party liability.",A telecom company insures a satellite launch.,Commercial,,"Marine, Aviation & Transit > Space Insurance"
marine.space.launch,marine.space,3,Launch Insurance,,Covers loss or failure of a satellite during launch and early operation.,A rocket failure destroys a satellite and the insurer pays.,Commercial,,"Marine, Aviation & Transit > Space Insurance > Launch Insurance"
marine.space.in_orbit,marine.space,3,In-Orbit Insurance,,Covers satellites against failure once operating in space.,A satellite's solar panel fails and lost capacity is paid.,Commercial,,"Marine, Aviation & Transit > Space Insurance > In-Orbit Insurance"
marine.space.launch_liability,marine.space,3,Launch Third-Party Liability,,Covers damage caused by launches to people and property on the ground.,A launch operator buys liability cover required for its license.,Commercial,"FAA licensing requires ""maximum probable loss"" liability cover, with a federal indemnification backstop above it under the Commercial Space Launch Act.","Marine, Aviation & Transit > Space Insurance > Launch Third-Party Liability"
specialty,,1,Specialty Insurance,Specialty lines,"Covers unusual, complex or modern risks that standard policies exclude. Many are written in the excess and surplus (E&S) market or at Lloyd's.",A tech firm buys cyber cover; a film studio insures a shoot.,Both,E&S (non-admitted) insurers can write risks admitted carriers decline; they aren't backed by state guaranty funds and buyers pay a surplus lines tax.,Specialty Insurance
specialty.cyber,specialty,2,Cyber Insurance,Cyber liability; Cyber risk,"Covers losses and liabilities from data breaches, hacking, ransomware and IT failures.",A clinic hit by ransomware gets help restoring systems and notifying patients.,Both,All 50 states have data breach notification laws; SEC rules (2023) require public companies to disclose material cyber incidents.,Specialty Insurance > Cyber Insurance
specialty.cyber.cyber_first_party,specialty.cyber,3,Cyber First-Party Coverage,,Pays your own costs after a cyber incident.,A retailer's costs to investigate a breach are paid.,Commercial,,Specialty Insurance > Cyber Insurance > Cyber First-Party Coverage
specialty.cyber.cyber_first_party.incident_response,specialty.cyber.cyber_first_party,4,Breach Response & Forensics,Incident response,"Pays for forensic experts, breach lawyers, notification letters, credit monitoring and PR.",Investigators find how hackers got in and customers are notified.,Commercial,,Specialty Insurance > Cyber Insurance > Cyber First-Party Coverage > Breach Response & Forensics
specialty.cyber.cyber_first_party.cyber_extortion,specialty.cyber.cyber_first_party,4,Cyber Extortion / Ransomware,,Covers ransom demands (where legal) and negotiation costs.,A firm's data is encrypted and negotiators are hired.,Commercial,Payments to sanctioned groups are barred by OFAC (Treasury) rules.,Specialty Insurance > Cyber Insurance > Cyber First-Party Coverage > Cyber Extortion / Ransomware
specialty.cyber.cyber_first_party.cyber_bi,specialty.cyber.cyber_first_party,4,Network Business Interruption,Cyber BI,"Covers lost income while systems are down after an attack or, if included, a system failure.",An online shop loses 3 days of sales during an attack.,Commercial,,Specialty Insurance > Cyber Insurance > Cyber First-Party Coverage > Network Business Interruption
specialty.cyber.cyber_first_party.contingent_cyber_bi,specialty.cyber.cyber_first_party,4,Dependent (Contingent) Cyber BI,,Covers lost income when a vendor or cloud provider you rely on suffers an outage or attack.,A pharmacy chain loses sales when its claims processor is hacked.,Commercial,,Specialty Insurance > Cyber Insurance > Cyber First-Party Coverage > Dependent (Contingent) Cyber BI
specialty.cyber.cyber_first_party.data_restoration,specialty.cyber.cyber_first_party,4,Data Restoration,Digital asset restoration,Pays to recover or recreate damaged data and software.,A firm rebuilds its database after malware deletes it.,Commercial,,Specialty Insurance > Cyber Insurance > Cyber First-Party Coverage > Data Restoration
specialty.cyber.cyber_first_party.social_engineering,specialty.cyber.cyber_first_party,4,Social Engineering / Funds Transfer Fraud,,"Covers money lost when employees are tricked into wiring funds to criminals, such as in business email compromise.",An accounts clerk pays a fake invoice from a spoofed vendor email.,Commercial,Often sub-limited; may also sit in a crime policy.,Specialty Insurance > Cyber Insurance > Cyber First-Party Coverage > Social Engineering / Funds Transfer Fraud
specialty.cyber.cyber_third_party,specialty.cyber,3,Cyber Third-Party Liability,,Covers claims from others harmed by your cyber incident.,Customers sue a company after their card details leak.,Commercial,,Specialty Insurance > Cyber Insurance > Cyber Third-Party Liability
specialty.cyber.cyber_third_party.privacy_liability,specialty.cyber.cyber_third_party,4,Privacy & Network Security Liability,,Covers lawsuits for failing to protect data or for passing malware to others.,Patients whose records leaked file a class action.,Commercial,"Exposure driven by laws like HIPAA, CCPA/CPRA (California) and BIPA (Illinois biometrics).",Specialty Insurance > Cyber Insurance > Cyber Third-Party Liability > Privacy & Network Security Liability
specialty.cyber.cyber_third_party.regulatory,specialty.cyber.cyber_third_party,4,Regulatory Defense & Penalties,,Covers regulatory investigations and fines where insurable by law.,A company is investigated by a state attorney general after a breach.,Commercial,Insurability of fines varies by state.,Specialty Insurance > Cyber Insurance > Cyber Third-Party Liability > Regulatory Defense & Penalties
specialty.cyber.cyber_third_party.media_liability,specialty.cyber.cyber_third_party,4,Media Liability,,"Covers claims of defamation, privacy invasion or IP infringement from online content.",A blog post leads to a defamation claim.,Commercial,,Specialty Insurance > Cyber Insurance > Cyber Third-Party Liability > Media Liability
specialty.cyber.cyber_third_party.pci,specialty.cyber.cyber_third_party,4,PCI-DSS Fines & Assessments,,Covers card brand fines and assessments after a payment card breach.,A merchant is charged by card brands after a breach.,Commercial,,Specialty Insurance > Cyber Insurance > Cyber Third-Party Liability > PCI-DSS Fines & Assessments
specialty.cyber.personal_cyber,specialty.cyber,3,Personal Cyber / Identity Theft,Identity theft insurance,"Covers individuals for identity restoration, online fraud and cyberbullying costs.",A person's identity is stolen and the policy pays to restore credit.,Personal,Often an endorsement to homeowners policies.,Specialty Insurance > Cyber Insurance > Personal Cyber / Identity Theft
specialty.professional_liability,specialty,2,Professional Liability (E&O),Errors & omissions; Malpractice,Covers professionals when a client claims their advice or service was negligent and caused financial loss or injury.,An accountant is sued after a tax filing mistake costs a client money.,Commercial,Usually written on a claims-made basis.,Specialty Insurance > Professional Liability (E&O)
specialty.professional_liability.medical_malpractice,specialty.professional_liability,3,Medical Malpractice,Medical professional liability (MPL),"Covers doctors, nurses and hospitals against claims of negligent treatment.",A surgeon is sued after a complication.,Both,Some states require it for licensure or patient compensation funds; many states cap non-economic damages.,Specialty Insurance > Professional Liability (E&O) > Medical Malpractice
specialty.professional_liability.medical_malpractice.physicians,specialty.professional_liability.medical_malpractice,4,Physicians & Surgeons,,Individual or group cover for doctors.,An OB-GYN buys cover with $1M/$3M limits.,Both,,Specialty Insurance > Professional Liability (E&O) > Medical Malpractice > Physicians & Surgeons
specialty.professional_liability.medical_malpractice.hospital_pl,specialty.professional_liability.medical_malpractice,4,Hospital Professional Liability,,Covers hospitals and health systems for patient care claims.,A hospital is sued after a medication error.,Commercial,,Specialty Insurance > Professional Liability (E&O) > Medical Malpractice > Hospital Professional Liability
specialty.professional_liability.medical_malpractice.allied_health,specialty.professional_liability.medical_malpractice,4,Allied Health / Nurses,,"Covers nurses, therapists, pharmacists and other health workers.",A physical therapist is sued for a patient's injury.,Both,,Specialty Insurance > Professional Liability (E&O) > Medical Malpractice > Allied Health / Nurses
specialty.professional_liability.medical_malpractice.tail,specialty.professional_liability.medical_malpractice,4,Tail Coverage (ERP),Extended reporting period,"Extends a claims-made policy's reporting window after it ends, such as when a doctor retires or changes jobs.",A retiring doctor buys tail cover for claims filed later.,Both,,Specialty Insurance > Professional Liability (E&O) > Medical Malpractice > Tail Coverage (ERP)
specialty.professional_liability.lawyers_pl,specialty.professional_liability,3,Lawyers Professional Liability (LPL),Legal malpractice,Covers lawyers against claims of negligent legal work.,A lawyer misses a filing deadline and the client sues.,Commercial,"Only Oregon (through the Oregon State Bar PLF, since 1978) and Idaho (since 2018) require private-practice lawyers to carry it. About half the states require lawyers to disclose whether they carry it, either to clients or on bar registration forms.",Specialty Insurance > Professional Liability (E&O) > Lawyers Professional Liability (LPL)
specialty.professional_liability.architects_engineers,specialty.professional_liability,3,Architects & Engineers (A&E),Design professional liability,Covers design professionals against claims of design errors.,An engineer's calculation error causes a building defect.,Commercial,,Specialty Insurance > Professional Liability (E&O) > Architects & Engineers (A&E)
specialty.professional_liability.tech_eo,specialty.professional_liability,3,Technology E&O,Tech professional liability,Covers IT and software companies when their product or service fails and causes a client financial loss. Often combined with cyber.,A software bug causes a client's billing system to fail.,Commercial,,Specialty Insurance > Professional Liability (E&O) > Technology E&O
specialty.professional_liability.accountants_pl,specialty.professional_liability,3,Accountants Professional Liability,CPA E&O,"Covers accountants and bookkeepers against claims of errors in audits, tax or advice.",A CPA misses a deduction and the client is fined.,Commercial,,Specialty Insurance > Professional Liability (E&O) > Accountants Professional Liability
specialty.professional_liability.financial_services_eo,specialty.professional_liability,3,Financial Services E&O,Investment advisers E&O; Broker-dealer E&O,"Covers advisers, brokers and asset managers against claims of negligent advice.",An adviser is sued for unsuitable investments.,Commercial,,Specialty Insurance > Professional Liability (E&O) > Financial Services E&O
specialty.professional_liability.insurance_agents_eo,specialty.professional_liability,3,Insurance Agents & Brokers E&O,,Covers insurance agents against claims they arranged the wrong cover.,A broker forgets to add flood cover and the client sues.,Commercial,Required by some states and many carriers for appointment.,Specialty Insurance > Professional Liability (E&O) > Insurance Agents & Brokers E&O
specialty.professional_liability.real_estate_eo,specialty.professional_liability,3,Real Estate E&O,,"Covers real estate agents, brokers and appraisers against claims of misrepresentation or errors.",A buyer sues an agent for failing to disclose a known defect.,Commercial,"Required for licensees in a number of states (e.g. Colorado, Iowa, Kentucky).",Specialty Insurance > Professional Liability (E&O) > Real Estate E&O
specialty.professional_liability.miscellaneous_pl,specialty.professional_liability,3,Miscellaneous Professional Liability (MPL),,"Covers other professionals such as consultants, marketers and HR advisers.",A marketing agency is sued for a failed campaign.,Commercial,,Specialty Insurance > Professional Liability (E&O) > Miscellaneous Professional Liability (MPL)
specialty.management_liability,specialty,2,Management Liability,Executive risk,Covers company leaders and the company against claims about how the business is run.,"A company buys D&O, EPL and fiduciary cover together.",Commercial,,Specialty Insurance > Management Liability
specialty.management_liability.do,specialty.management_liability,3,Directors & Officers (D&O),D&O liability,"Covers directors and officers personally, and often the company, against claims of wrongful acts in managing the company.",Shareholders sue directors after the share price falls.,Commercial,Delaware and other state corporate laws govern indemnification of directors.,Specialty Insurance > Management Liability > Directors & Officers (D&O)
specialty.management_liability.do.side_a,specialty.management_liability.do,4,Side A,Non-indemnifiable loss,"Covers directors personally when the company can't or won't indemnify them, such as in bankruptcy.",A director's defense costs are paid after the company goes bankrupt.,Commercial,,Specialty Insurance > Management Liability > Directors & Officers (D&O) > Side A
specialty.management_liability.do.side_b,specialty.management_liability.do,4,Side B,Company reimbursement,Reimburses the company for costs it pays to defend its directors.,The company pays a director's legal fees and is reimbursed.,Commercial,,Specialty Insurance > Management Liability > Directors & Officers (D&O) > Side B
specialty.management_liability.do.side_c,specialty.management_liability.do,4,Side C,Entity coverage,"Covers the company itself, for securities claims (public companies) or broader claims (private companies).",A listed company is sued in a securities class action.,Commercial,Securities class actions are brought under the Securities Act of 1933 and Exchange Act of 1934.,Specialty Insurance > Management Liability > Directors & Officers (D&O) > Side C
specialty.management_liability.do.public_do,specialty.management_liability.do,4,Public Company D&O,,"D&O for listed companies, focused on securities class actions and SEC investigations.",A company's directors are sued after a missed earnings forecast.,Commercial,,Specialty Insurance > Management Liability > Directors & Officers (D&O) > Public Company D&O
specialty.management_liability.do.private_do,specialty.management_liability.do,4,Private Company & Nonprofit D&O,,"D&O for private companies and nonprofits, often bundled with EPL and fiduciary.",A nonprofit board is sued by a donor.,Commercial,,Specialty Insurance > Management Liability > Directors & Officers (D&O) > Private Company & Nonprofit D&O
specialty.management_liability.epl,specialty.management_liability,3,Employment Practices Liability (EPLI),EPL,"Covers claims from employees for wrongful termination, discrimination, harassment and retaliation.",An ex-employee sues for wrongful termination.,Commercial,"Claims arise under Title VII, ADA, ADEA and state laws; EEOC charges are a common trigger. Wage-and-hour claims are usually excluded.",Specialty Insurance > Management Liability > Employment Practices Liability (EPLI)
specialty.management_liability.fiduciary,specialty.management_liability,3,Fiduciary Liability,,"Covers people managing employee benefit plans (401(k), pension, health) against claims of mismanagement.",Employees claim a 401(k) plan charged excessive fees.,Commercial,Fiduciary duties are imposed by ERISA; distinct from the ERISA fidelity bond.,Specialty Insurance > Management Liability > Fiduciary Liability
specialty.kr,specialty,2,"Kidnap, Ransom & Extortion (K&R)",Special risks,"Covers ransom payments, crisis consultants and related costs for kidnap, extortion and wrongful detention.",A company's engineer is kidnapped abroad and crisis experts are sent.,Commercial,Paying ransom to sanctioned persons is prohibited by OFAC.,"Specialty Insurance > Kidnap, Ransom & Extortion (K&R)"
specialty.political_risk,specialty,2,Political Risk Insurance (PRI),,Covers investors and lenders against losses caused by government actions or political violence abroad.,A US company's mine in another country is seized by the government.,Commercial,Also available from the US International Development Finance Corporation (DFC).,Specialty Insurance > Political Risk Insurance (PRI)
specialty.political_risk.confiscation,specialty.political_risk,3,"Confiscation, Expropriation & Nationalization (CEN)",,Covers seizure of assets by a foreign government.,A government nationalizes an oil field.,Commercial,,"Specialty Insurance > Political Risk Insurance (PRI) > Confiscation, Expropriation & Nationalization (CEN)"
specialty.political_risk.currency_inconvertibility,specialty.political_risk,3,Currency Inconvertibility & Transfer,,Covers inability to convert local currency or move money out of a country.,A company can't send profits home due to new currency controls.,Commercial,,Specialty Insurance > Political Risk Insurance (PRI) > Currency Inconvertibility & Transfer
specialty.political_risk.political_violence,specialty.political_risk,3,Political Violence,"War, terrorism & civil unrest","Covers damage from war, riots, strikes and terrorism.",A hotel abroad is damaged during civil unrest.,Commercial,,Specialty Insurance > Political Risk Insurance (PRI) > Political Violence
specialty.political_risk.contract_frustration,specialty.political_risk,3,Contract Frustration,Non-honoring of sovereign obligations,Covers losses when a foreign government buyer fails to pay or cancels a contract.,A foreign ministry cancels a contract without paying.,Commercial,,Specialty Insurance > Political Risk Insurance (PRI) > Contract Frustration
specialty.event,specialty,2,Event & Entertainment Insurance,,"Covers events and productions against cancellation, damage and liability.",A music festival is cancelled due to a storm.,Both,,Specialty Insurance > Event & Entertainment Insurance
specialty.event.event_cancellation,specialty.event,3,Event Cancellation,Contingency,"Covers costs and lost income if an event is cancelled, postponed or relocated.",A conference is cancelled when the venue floods.,Commercial,,Specialty Insurance > Event & Entertainment Insurance > Event Cancellation
specialty.event.non_appearance,specialty.event,3,Non-Appearance,,Covers losses if a key performer or speaker can't appear.,A headline singer falls ill before a concert.,Commercial,,Specialty Insurance > Event & Entertainment Insurance > Non-Appearance
specialty.event.wedding,specialty.event,3,Wedding / Special Event Insurance,Private event insurance,"Covers lost deposits and extra costs if a wedding is cancelled or goes wrong, plus event liability.",A venue goes bankrupt and the wedding deposits are refunded.,Personal,,Specialty Insurance > Event & Entertainment Insurance > Wedding / Special Event Insurance
specialty.event.film_production,specialty.event,3,Film & TV Production,Entertainment package,"Covers productions for equipment, cast illness, delays and liability.",A lead actor's injury delays a film and costs are paid.,Commercial,,Specialty Insurance > Event & Entertainment Insurance > Film & TV Production
specialty.event.prize_indemnity,specialty.event,3,Prize Indemnity / Hole-in-One,,Covers the cost of paying out a big prize in a promotion or contest.,"A golfer hits a hole-in-one and wins a car, paid by the insurer.",Commercial,,Specialty Insurance > Event & Entertainment Insurance > Prize Indemnity / Hole-in-One
specialty.pet,specialty,2,Pet Insurance,,"Pays vet bills for pets' illnesses and injuries, usually by reimbursing you after you pay the vet.",A dog's surgery for a torn ligament is reimbursed.,Personal,The NAIC Pet Insurance Model Act (2022) has been adopted by a growing number of states.,Specialty Insurance > Pet Insurance
specialty.pet.accident_only,specialty.pet,3,Accident-Only,,"Covers vet bills from accidents only, at a lower price.",A cat hit by a car is treated.,Personal,,Specialty Insurance > Pet Insurance > Accident-Only
specialty.pet.accident_illness,specialty.pet,3,Accident & Illness,Comprehensive pet,"Covers accidents and illnesses such as cancer, allergies and infections.",A dog with diabetes has treatment paid every year.,Personal,Pre-existing conditions are typically excluded.,Specialty Insurance > Pet Insurance > Accident & Illness
specialty.pet.wellness,specialty.pet,3,Wellness / Routine Care Add-On,,"Covers routine vaccinations, checkups and flea prevention.",A puppy's vaccinations are covered.,Personal,Wellness plans are not insurance under the NAIC model law.,Specialty Insurance > Pet Insurance > Wellness / Routine Care Add-On
specialty.pet.equine,specialty.pet,3,Equine Insurance,Horse insurance,"Covers horses for death (equine mortality), major medical, surgery and liability.",A horse owner's colic surgery bill is paid.,Personal,,Specialty Insurance > Pet Insurance > Equine Insurance
specialty.travel,specialty,2,Travel Insurance,,"Covers trip cancellations, medical emergencies abroad and lost luggage.",A tourist breaks a leg in Italy and hospital costs are paid.,Personal,Regulated by states; NAIC Travel Insurance Model Act adopted in many states. Medicare generally doesn't cover care abroad.,Specialty Insurance > Travel Insurance
specialty.travel.trip_cancellation,specialty.travel,3,Trip Cancellation & Interruption,,"Refunds prepaid, non-refundable costs if you must cancel or cut short a trip for a covered reason.",A trip is cancelled due to a family death and costs are refunded.,Personal,,Specialty Insurance > Travel Insurance > Trip Cancellation & Interruption
specialty.travel.cfar,specialty.travel,3,Cancel For Any Reason (CFAR),,Optional upgrade that refunds part of trip costs (often 50-75%) if you cancel for any reason.,A traveler changes plans and gets 75% back.,Personal,Must usually be bought within 14-21 days of first trip payment.,Specialty Insurance > Travel Insurance > Cancel For Any Reason (CFAR)
specialty.travel.travel_medical,specialty.travel,3,Travel Medical & Evacuation,,Covers emergency medical treatment abroad and medical evacuation.,A traveler is flown home after a stroke.,Personal,,Specialty Insurance > Travel Insurance > Travel Medical & Evacuation
specialty.travel.baggage,specialty.travel,3,Baggage & Personal Effects,,"Covers lost, stolen or delayed luggage.",Delayed bags lead to reimbursement for essentials.,Personal,,Specialty Insurance > Travel Insurance > Baggage & Personal Effects
specialty.travel.annual_travel,specialty.travel,3,Annual Multi-Trip,,"Covers all trips in a year, each up to a maximum length.",A consultant who travels monthly buys annual cover.,Personal,,Specialty Insurance > Travel Insurance > Annual Multi-Trip
specialty.travel.student_travel,specialty.travel,3,International Student Insurance,,"Health cover for foreign students studying in the US, often required by universities and J-1 visa rules.",A J-1 exchange student buys a plan meeting State Department minimums.,Personal,,Specialty Insurance > Travel Insurance > International Student Insurance
specialty.warranty,specialty,2,Extended Warranty / Service Contracts,Vehicle service contract; Mechanical breakdown insurance (MBI),Covers repair of products or vehicles after the manufacturer's warranty ends.,A washing machine breaks in year 3 and repairs are covered.,Personal,Service contracts are regulated separately from insurance in most states; MBI is an insurance product sold by insurers (e.g. in California).,Specialty Insurance > Extended Warranty / Service Contracts
specialty.sports,specialty,2,Sports & Contingency,,"Specialist covers for athletes, teams and bloodstock.",A team insures a player's salary during injury.,Both,,Specialty Insurance > Sports & Contingency
specialty.sports.athlete_disability,specialty.sports,3,Athlete Permanent Total Disability,Loss of value,Pays athletes if an injury ends their career or reduces their draft value.,A college football star insures future pro earnings.,Personal,Some NCAA programs (Exceptional Student-Athlete Disability Insurance) help top athletes buy cover.,Specialty Insurance > Sports & Contingency > Athlete Permanent Total Disability
specialty.sports.bloodstock,specialty.sports,3,Bloodstock / Livestock Mortality,,Covers death or injury of valuable racehorses and breeding animals.,A Kentucky stud farm insures a stallion.,Commercial,,Specialty Insurance > Sports & Contingency > Bloodstock / Livestock Mortality
specialty.transactional,specialty,2,Transactional Risk Insurance,M&A insurance,Covers risks in buying or selling a company.,A buyer claims after discovering the target's accounts were wrong.,Commercial,,Specialty Insurance > Transactional Risk Insurance
specialty.transactional.rw,specialty.transactional,3,Representations & Warranties (R&W),Warranty & indemnity (W&I),Covers losses from breaches of the seller's promises in a purchase agreement.,A buyer is paid when an undisclosed lawsuit emerges.,Commercial,,Specialty Insurance > Transactional Risk Insurance > Representations & Warranties (R&W)
specialty.transactional.tax_liability,specialty.transactional,3,Tax Liability Insurance,,Covers the risk that the IRS or a state challenges a tax position.,A deal's tax structure is challenged and extra tax is paid.,Commercial,,Specialty Insurance > Transactional Risk Insurance > Tax Liability Insurance
specialty.transactional.contingent_risk,specialty.transactional,3,Contingent Risk / Judgment Preservation,Litigation insurance,"Covers specific identified risks, such as losing a won judgment on appeal.",A company insures its trial win against reversal.,Commercial,,Specialty Insurance > Transactional Risk Insurance > Contingent Risk / Judgment Preservation
specialty.ip,specialty,2,Intellectual Property Insurance,IP insurance,"Covers legal costs to defend against or enforce patents, trademarks and copyrights.",A startup is sued by a patent assertion entity.,Commercial,,Specialty Insurance > Intellectual Property Insurance
specialty.weather,specialty,2,Weather Insurance,Weather derivatives,"Pays when weather such as rain, snow or temperature is worse than agreed; often parametric.",An outdoor festival is paid if more than 0.5 inches of rain falls.,Both,,Specialty Insurance > Weather Insurance
financial,,1,Financial Lines,Credit & surety; Financial guaranty lines,"Insurance that protects against financial loss from non-payment, dishonesty, failed obligations or defects in ownership, rather than physical damage.",A contractor gets a bond so a city will award it a road project.,Both,,Financial Lines
financial.credit,financial,2,Credit Insurance,,Protects lenders or sellers when borrowers or customers don't pay.,A wholesaler is paid when a big customer goes bankrupt.,Both,,Financial Lines > Credit Insurance
financial.credit.trade_credit,financial.credit,3,Trade Credit Insurance,Accounts receivable insurance,Protects a business when customers fail to pay invoices due to insolvency or long delays.,A supplier is paid 90% of an unpaid invoice after a retailer goes bankrupt.,Commercial,,Financial Lines > Credit Insurance > Trade Credit Insurance
financial.credit.trade_credit.whole_turnover,financial.credit.trade_credit,4,Whole Turnover Policy,,Covers all of a business's credit sales to customers.,A distributor insures all its receivables.,Commercial,,Financial Lines > Credit Insurance > Trade Credit Insurance > Whole Turnover Policy
financial.credit.trade_credit.key_account,financial.credit.trade_credit,4,Key Account / Single Buyer,,Covers credit risk on one or a few major customers.,A supplier insures its exposure to one large retailer.,Commercial,,Financial Lines > Credit Insurance > Trade Credit Insurance > Key Account / Single Buyer
financial.credit.trade_credit.export_credit,financial.credit.trade_credit,4,Export Credit Insurance,,"Covers foreign buyers failing to pay, including political risks.",A US exporter insures sales to a buyer abroad.,Commercial,Available from private insurers and the Export-Import Bank of the United States (EXIM).,Financial Lines > Credit Insurance > Trade Credit Insurance > Export Credit Insurance
financial.credit.credit_ph,financial.credit,3,Credit-Related Insurance (Consumer),Credit insurance; Payment protection,"Pays a borrower's loan payments if they die, become disabled or lose their job.",A car loan's payments are made while the borrower is disabled.,Personal,"Includes credit life, credit disability and involuntary unemployment; sales practices regulated by state consumer credit insurance laws.",Financial Lines > Credit Insurance > Credit-Related Insurance (Consumer)
financial.credit.credit_ph.credit_disability,financial.credit.credit_ph,4,Credit Disability,Credit accident and health,Makes loan payments while the borrower is disabled.,A borrower's monthly car payment is covered during recovery from surgery.,Personal,,Financial Lines > Credit Insurance > Credit-Related Insurance (Consumer) > Credit Disability
financial.credit.credit_ph.involuntary_unemployment,financial.credit.credit_ph,4,Involuntary Unemployment,IUI,Makes loan payments for a limited time after a job loss.,A laid-off worker's credit card minimums are paid for 6 months.,Personal,,Financial Lines > Credit Insurance > Credit-Related Insurance (Consumer) > Involuntary Unemployment
financial.credit.creditor_placed,financial.credit,3,Creditor-Placed / Force-Placed Insurance,Lender-placed insurance,Insurance a lender buys and charges to the borrower when the borrower lets required cover lapse.,A lender force-places hazard cover on a home after the owner's policy lapsed.,Personal,Subject to CFPB (RESPA) rules for mortgages and state regulation.,Financial Lines > Credit Insurance > Creditor-Placed / Force-Placed Insurance
financial.mortgage,financial,2,Mortgage Insurance,,Protects a mortgage lender if the borrower defaults; the borrower usually pays for it.,A buyer with a 10% down payment pays monthly mortgage insurance.,Personal,,Financial Lines > Mortgage Insurance
financial.mortgage.pmi,financial.mortgage,3,Private Mortgage Insurance (PMI),,Required on conventional loans with less than 20% down; it can be cancelled once equity reaches 20% and must end automatically at 22%.,A first-time buyer pays PMI until their loan-to-value falls to 80%.,Personal,Cancellation rules set by the federal Homeowners Protection Act of 1998. Required by Fannie Mae and Freddie Mac for high-LTV loans.,Financial Lines > Mortgage Insurance > Private Mortgage Insurance (PMI)
financial.mortgage.pmi.bpmi,financial.mortgage.pmi,4,Borrower-Paid Monthly PMI,,Premium added to the monthly mortgage payment.,A buyer pays $120 a month in PMI.,Personal,,Financial Lines > Mortgage Insurance > Private Mortgage Insurance (PMI) > Borrower-Paid Monthly PMI
financial.mortgage.pmi.single_premium_mi,financial.mortgage.pmi,4,Single-Premium PMI,,PMI paid in one lump sum at closing.,A buyer pays PMI upfront to lower monthly costs.,Personal,,Financial Lines > Mortgage Insurance > Private Mortgage Insurance (PMI) > Single-Premium PMI
financial.mortgage.pmi.lpmi,financial.mortgage.pmi,4,Lender-Paid Mortgage Insurance (LPMI),,The lender pays for PMI in exchange for a higher interest rate.,A buyer accepts a slightly higher rate to avoid a separate PMI bill.,Personal,Cannot be cancelled since it's built into the rate.,Financial Lines > Mortgage Insurance > Private Mortgage Insurance (PMI) > Lender-Paid Mortgage Insurance (LPMI)
financial.mortgage.fha_mip,financial.mortgage,3,FHA Mortgage Insurance Premium (MIP),,"Government mortgage insurance on FHA loans, with an upfront premium and annual premium.",A buyer with 3.5% down on an FHA loan pays MIP.,Personal,"Run by HUD's Federal Housing Administration; with less than 10% down, MIP lasts for the life of the loan.",Financial Lines > Mortgage Insurance > FHA Mortgage Insurance Premium (MIP)
financial.mortgage.va_guaranty,financial.mortgage,3,VA Loan Guaranty,VA funding fee,The Department of Veterans Affairs guarantees part of VA loans instead of mortgage insurance; borrowers pay a one-time funding fee.,A veteran buys a home with 0% down.,Personal,Federal program; certain disabled veterans are exempt from the fee.,Financial Lines > Mortgage Insurance > VA Loan Guaranty
financial.mortgage.usda_guarantee,financial.mortgage,3,USDA Loan Guarantee Fee,,USDA guarantees rural home loans in exchange for upfront and annual fees.,A family in a rural town buys a home with a USDA loan.,Personal,USDA Rural Development program.,Financial Lines > Mortgage Insurance > USDA Loan Guarantee Fee
financial.title,financial,2,Title Insurance,,"Protects against losses from defects in the legal ownership of real estate, such as unknown liens, forged deeds or missing heirs. Paid once at closing.",A buyer is protected when an unknown heir claims the house.,Both,"Rates are promulgated by the state in some states (e.g. Texas, New Mexico); Iowa prohibits private title insurance and uses a state title guaranty division.",Financial Lines > Title Insurance
financial.title.owners_title,financial.title,3,Owner's Title Policy,,Protects the buyer's ownership stake for as long as they or their heirs own the property.,A homeowner's title policy pays to defend against a forged deed claim.,Both,Optional in most states.,Financial Lines > Title Insurance > Owner's Title Policy
financial.title.lenders_title,financial.title,3,Lender's (Loan) Title Policy,,Protects the lender's lien on the property up to the loan amount.,A lender requires a loan policy before funding the mortgage.,Both,Required by virtually all mortgage lenders.,Financial Lines > Title Insurance > Lender's (Loan) Title Policy
financial.title.alta_endorsements,financial.title,3,ALTA Endorsements,,"Standard add-ons from the American Land Title Association covering specific issues like zoning, access or environmental liens.",A commercial buyer adds a zoning endorsement.,Both,ALTA forms are used in most states; Texas and some others use their own forms.,Financial Lines > Title Insurance > ALTA Endorsements
financial.surety,financial,2,Surety Bonds,,"A three-party guarantee: the surety promises the obligee (e.g. a project owner or government) that the principal (e.g. a contractor) will fulfil an obligation. Unlike insurance, the surety expects to be repaid by the principal for any loss.",A builder's bond pays to finish a school when the builder goes bust.,Commercial,"Federal construction projects over $150,000 require performance and payment bonds under the Miller Act; states have ""Little Miller Acts"".",Financial Lines > Surety Bonds
financial.surety.contract,financial.surety,3,Contract Surety,Construction bonds,Bonds guaranteeing construction contracts.,A contractor bonds a highway project.,Commercial,,Financial Lines > Surety Bonds > Contract Surety
financial.surety.contract.bid,financial.surety.contract,4,Bid Bond,,Guarantees a contractor will sign the contract and provide bonds if it wins the bid.,A contractor submits a 10% bid bond with its tender.,Commercial,,Financial Lines > Surety Bonds > Contract Surety > Bid Bond
financial.surety.contract.performance,financial.surety.contract,4,Performance Bond,,Guarantees the contractor will complete the project according to the contract.,The surety hires a new contractor after the original one fails.,Commercial,,Financial Lines > Surety Bonds > Contract Surety > Performance Bond
financial.surety.contract.payment,financial.surety.contract,4,Payment Bond,Labor and material bond,Guarantees subcontractors and suppliers will be paid.,Unpaid subcontractors on a public project are paid by the surety.,Commercial,,Financial Lines > Surety Bonds > Contract Surety > Payment Bond
financial.surety.contract.maintenance,financial.surety.contract,4,Maintenance / Warranty Bond,,Guarantees defects found after completion will be fixed.,A cracked road surface is repaired in year one.,Commercial,,Financial Lines > Surety Bonds > Contract Surety > Maintenance / Warranty Bond
financial.surety.commercial_surety,financial.surety,3,Commercial Surety,Non-contract bonds,"Bonds required by laws, courts or contracts outside construction.",A car dealer posts a bond to get a license.,Commercial,,Financial Lines > Surety Bonds > Commercial Surety
financial.surety.commercial_surety.license_permit,financial.surety.commercial_surety,4,License & Permit Bonds,,"Required by states or cities before a business can get a license, guaranteeing it follows the law.",A mortgage broker posts a state license bond.,Commercial,,Financial Lines > Surety Bonds > Commercial Surety > License & Permit Bonds
financial.surety.commercial_surety.court,financial.surety.commercial_surety,4,Court / Judicial Bonds,,"Required in legal proceedings, such as appeal bonds and bonds for estate executors.",An executor posts a probate bond.,Both,,Financial Lines > Surety Bonds > Commercial Surety > Court / Judicial Bonds
financial.surety.commercial_surety.bail,financial.surety.commercial_surety,4,Bail Bonds,,Guarantees a defendant will appear in court; usually arranged by a bail bond agent for a non-refundable fee.,A defendant's family pays a bail agent 10% of the bail amount.,Personal,"Commercial bail bonds are banned or restricted in some states (e.g. Illinois, Kentucky, Oregon, Wisconsin).",Financial Lines > Surety Bonds > Commercial Surety > Bail Bonds
financial.surety.commercial_surety.public_official,financial.surety.commercial_surety,4,Public Official Bonds,,Guarantees elected or appointed officials will perform their duties honestly.,A county treasurer is bonded.,Commercial,,Financial Lines > Surety Bonds > Commercial Surety > Public Official Bonds
financial.surety.commercial_surety.customs,financial.surety.commercial_surety,4,Customs Bonds,,Guarantees importers will pay duties and follow US Customs rules.,An importer buys a continuous customs bond.,Commercial,Required by US Customs and Border Protection.,Financial Lines > Surety Bonds > Commercial Surety > Customs Bonds
financial.surety.commercial_surety.notary,financial.surety.commercial_surety,4,Notary Bonds,,Protects the public against a notary's errors or misconduct.,A notary buys a bond required by the state.,Personal,Required in many states.,Financial Lines > Surety Bonds > Commercial Surety > Notary Bonds
financial.fidelity,financial,2,Fidelity & Crime,Commercial crime; Fidelity bonds,"Protects a business from theft of money or property by employees or outsiders, including fraud and forgery.","A bookkeeper embezzles $200,000 and the crime policy reimburses the company.",Commercial,,Financial Lines > Fidelity & Crime
financial.fidelity.employee_theft,financial.fidelity,3,Employee Theft,Employee dishonesty,"Covers theft of money, securities or property by employees.",A warehouse manager steals inventory.,Commercial,,Financial Lines > Fidelity & Crime > Employee Theft
financial.fidelity.erisa_bond,financial.fidelity,3,ERISA Fidelity Bond,,"A bond required for people who handle employee benefit plan money, protecting the plan against their theft.",A 401(k) plan is bonded for 10% of its assets.,Commercial,"Required by ERISA Section 412 (generally 10% of plan assets, up to $500,000 or $1 million for plans with employer securities).",Financial Lines > Fidelity & Crime > ERISA Fidelity Bond
financial.fidelity.forgery,financial.fidelity,3,Forgery or Alteration,,Covers losses from forged or altered checks and similar documents.,A forged company check is cashed.,Commercial,,Financial Lines > Fidelity & Crime > Forgery or Alteration
financial.fidelity.computer_fraud,financial.fidelity,3,Computer & Funds Transfer Fraud,,Covers theft through hacking into systems or fraudulent transfer instructions sent to your bank.,A hacker instructs the bank to wire funds overseas.,Commercial,,Financial Lines > Fidelity & Crime > Computer & Funds Transfer Fraud
financial.fidelity.third_party_crime,financial.fidelity,3,Third-Party (Client Property) Crime,,Covers theft of a client's property by your employees.,A janitorial worker steals from a client's office.,Commercial,,Financial Lines > Fidelity & Crime > Third-Party (Client Property) Crime
financial.fidelity.janitorial_bond,financial.fidelity,3,Business Service Bond,Janitorial bond,A bond small service firms buy to reassure clients against employee theft.,A cleaning company advertises that it is bonded.,Commercial,,Financial Lines > Fidelity & Crime > Business Service Bond
financial.fidelity.financial_institution_bond,financial.fidelity,3,Financial Institution Bond,Bankers blanket bond,"Crime cover designed for banks, credit unions and brokerages.",A bank teller's theft is covered.,Commercial,Standard forms from the Surety & Fidelity Association of America (SFAA). Credit unions must carry it under NCUA rules.,Financial Lines > Fidelity & Crime > Financial Institution Bond
financial.financial_guaranty,financial,2,Financial Guaranty Insurance,Bond insurance; Municipal bond insurance,Guarantees timely payment of principal and interest on bonds if the issuer defaults.,A city's school bonds are insured so they earn a higher credit rating.,Commercial,"Written by monoline insurers (e.g. Assured Guaranty, Build America Mutual); New York Insurance Law Article 69 restricts it to monolines.",Financial Lines > Financial Guaranty Insurance
agriculture,,1,Agricultural & Crop Insurance,Farm insurance; Ag insurance,"Protects farmers and ranchers against crop losses, falling revenue, livestock deaths and farm property damage.",A corn farmer is paid when drought cuts the harvest in half.,Commercial,"Most US crop insurance is the Federal Crop Insurance Program: sold and serviced by private Approved Insurance Providers, with premiums subsidized and reinsured by USDA's Risk Management Agency (RMA) through the Federal Crop Insurance Corporation (FCIC).",Agricultural & Crop Insurance
agriculture.federal_crop,agriculture,2,Federal Crop Insurance (MPCI),Multiple Peril Crop Insurance,"Federally subsidized policies covering crop losses from natural causes like drought, flood, hail, disease and price drops.",A soybean farmer buys revenue protection at 75% coverage.,Commercial,Sales closing dates and coverage levels (50%-85%) set by RMA; premium subsidies average roughly 60%.,Agricultural & Crop Insurance > Federal Crop Insurance (MPCI)
agriculture.federal_crop.yield_protection,agriculture.federal_crop,3,Yield Protection (YP),APH yield coverage,Pays when harvested yield falls below a guaranteed level based on the farm's actual production history (APH).,A wheat farmer's yield falls from 50 to 30 bushels per acre and the shortfall is paid.,Commercial,,Agricultural & Crop Insurance > Federal Crop Insurance (MPCI) > Yield Protection (YP)
agriculture.federal_crop.revenue_protection,agriculture.federal_crop,3,Revenue Protection (RP),,"Pays when revenue falls below a guarantee because of low yield, low prices or both; the guarantee rises if harvest prices go up.",A corn farmer is paid when both yield and price fall.,Commercial,"The most popular federal crop policy, covering the majority of insured acres.",Agricultural & Crop Insurance > Federal Crop Insurance (MPCI) > Revenue Protection (RP)
agriculture.federal_crop.revenue_protection.rp_hpe,agriculture.federal_crop.revenue_protection,4,Revenue Protection with Harvest Price Exclusion (RP-HPE),,"Like RP, but the guarantee does not rise if harvest prices increase; cheaper.",A farmer picks RP-HPE to save on premium.,Commercial,,Agricultural & Crop Insurance > Federal Crop Insurance (MPCI) > Revenue Protection (RP) > Revenue Protection with Harvest Price Exclusion (RP-HPE)
agriculture.federal_crop.area_plans,agriculture.federal_crop,3,Area-Based Plans,,"Pay when yield or revenue for the whole county falls, not the individual farm.",Farmers in a county are paid when the county average yield drops.,Commercial,,Agricultural & Crop Insurance > Federal Crop Insurance (MPCI) > Area-Based Plans
agriculture.federal_crop.area_plans.ayp,agriculture.federal_crop.area_plans,4,Area Yield Protection (AYP),,Pays when the county's average yield falls below a trigger.,A county drought triggers payments to all AYP policyholders.,Commercial,,Agricultural & Crop Insurance > Federal Crop Insurance (MPCI) > Area-Based Plans > Area Yield Protection (AYP)
agriculture.federal_crop.area_plans.arp,agriculture.federal_crop.area_plans,4,Area Revenue Protection (ARP),,Pays when the county's average revenue falls below a trigger.,Low prices and yields trigger county-wide payments.,Commercial,,Agricultural & Crop Insurance > Federal Crop Insurance (MPCI) > Area-Based Plans > Area Revenue Protection (ARP)
agriculture.federal_crop.supplemental_coverage,agriculture.federal_crop,3,Supplemental & Enhanced Coverage Options,SCO; ECO,Area-based add-ons that cover part of the deductible on an individual crop policy.,A farmer adds SCO to cover losses between 86% and their 75% policy level.,Commercial,SCO was created by the 2014 Farm Bill; ECO added by RMA in 2021. From the 2026 crop year the premium subsidy for SCO and ECO rose to 80% (One Big Beautiful Bill Act).,Agricultural & Crop Insurance > Federal Crop Insurance (MPCI) > Supplemental & Enhanced Coverage Options
agriculture.federal_crop.catastrophic,agriculture.federal_crop,3,Catastrophic Coverage (CAT),,"Basic cover at 50% of yield and 55% of price, with the premium fully paid by the government; the farmer pays only an administrative fee.",A small farm takes CAT for a $655 administrative fee per crop per county.,Commercial,,Agricultural & Crop Insurance > Federal Crop Insurance (MPCI) > Catastrophic Coverage (CAT)
agriculture.federal_crop.whole_farm,agriculture.federal_crop,3,Whole-Farm Revenue Protection (WFRP),,"Covers the revenue of the whole farm under one policy, suited to diversified or specialty crop farms.",An organic vegetable farm with 20 crops insures total revenue.,Commercial,,Agricultural & Crop Insurance > Federal Crop Insurance (MPCI) > Whole-Farm Revenue Protection (WFRP)
agriculture.federal_crop.micro_farm,agriculture.federal_crop,3,Micro Farm Policy,,"A simplified whole-farm policy for small farms with up to $350,000 in revenue.",A small market-garden farm buys Micro Farm cover.,Commercial,,Agricultural & Crop Insurance > Federal Crop Insurance (MPCI) > Micro Farm Policy
agriculture.federal_crop.prf,agriculture.federal_crop,3,"Pasture, Rangeland & Forage (PRF)",,Index-based cover that pays ranchers when rainfall in their grid area falls below normal.,A Texas rancher is paid when rainfall is 40% below average for two months.,Commercial,"A parametric, rainfall-index policy.","Agricultural & Crop Insurance > Federal Crop Insurance (MPCI) > Pasture, Rangeland & Forage (PRF)"
agriculture.federal_crop.dollar_plan,agriculture.federal_crop,3,Dollar Plan & Specialty Crop Policies,,"Crop-specific policies for fruits, nuts and nursery stock, often insuring a dollar amount per acre.",An apple orchard insures against a spring freeze.,Commercial,,Agricultural & Crop Insurance > Federal Crop Insurance (MPCI) > Dollar Plan & Specialty Crop Policies
agriculture.crop_hail,agriculture,2,Crop-Hail Insurance,,"Private policies that pay for hail and fire damage to crops per acre, without the federal program's deductibles.",A wheat farmer is paid for hail damage on 40 acres.,Commercial,Not federally subsidized; often bought alongside MPCI.,Agricultural & Crop Insurance > Crop-Hail Insurance
agriculture.named_peril_private,agriculture,2,Private Named-Peril Crop,,Private cover for specific perils or crops the federal program doesn't handle well.,A farmer buys private wind cover for sugarcane.,Commercial,,Agricultural & Crop Insurance > Private Named-Peril Crop
agriculture.livestock,agriculture,2,Livestock Insurance,,Protects livestock producers against animal deaths or falling prices and margins.,A rancher's prize bull dies and is paid for.,Commercial,,Agricultural & Crop Insurance > Livestock Insurance
agriculture.livestock.livestock_mortality,agriculture.livestock,3,Livestock Mortality,,"Pays when insured animals die from accident, illness or disease.",A dairy farm is paid after a barn fire kills cows.,Commercial,,Agricultural & Crop Insurance > Livestock Insurance > Livestock Mortality
agriculture.livestock.lrp,agriculture.livestock,3,Livestock Risk Protection (LRP),,Federal price insurance that pays if livestock prices fall below a chosen level.,A cattle feeder is paid when feeder cattle prices fall.,Commercial,"Covers feeder cattle, fed cattle, swine and lamb.",Agricultural & Crop Insurance > Livestock Insurance > Livestock Risk Protection (LRP)
agriculture.livestock.lgm,agriculture.livestock,3,Livestock Gross Margin (LGM),,Federal cover that pays when the margin between livestock prices and feed costs falls.,A hog producer is paid when feed costs rise and hog prices fall.,Commercial,,Agricultural & Crop Insurance > Livestock Insurance > Livestock Gross Margin (LGM)
agriculture.livestock.drp,agriculture.livestock,3,Dairy Revenue Protection (DRP),,Federal cover against unexpected falls in the value of milk production.,A dairy farm is paid when milk prices drop.,Commercial,,Agricultural & Crop Insurance > Livestock Insurance > Dairy Revenue Protection (DRP)
agriculture.aquaculture,agriculture,2,Aquaculture Insurance,,"Covers fish and shellfish farms against stock loss from disease, storms or equipment failure.",An oyster farm loses stock after a harmful algal bloom.,Commercial,,Agricultural & Crop Insurance > Aquaculture Insurance
agriculture.forestry,agriculture,2,Forestry / Timber Insurance,Standing timber insurance,"Covers standing timber against fire, wind and other perils.",A timberland owner insures pine plantations against wildfire.,Commercial,,Agricultural & Crop Insurance > Forestry / Timber Insurance
agriculture.farm_liability,agriculture,2,Farm & Ranch Liability,Farm liability,"Liability for farm operations, such as injuries to visitors or damage from livestock straying onto roads.",Escaped cattle cause a car crash and the farm is sued.,Commercial,Many states have agritourism liability shield laws.,Agricultural & Crop Insurance > Farm & Ranch Liability
agriculture.federal_disaster_programs,agriculture,2,USDA Disaster Assistance (Non-Insurance),NAP; ELAP; LIP,"USDA programs that help farmers after disasters, including the Noninsured Crop Disaster Assistance Program (NAP) for crops without federal insurance.",A grower of a niche herb with no crop policy gets NAP payments after a freeze.,Commercial,Run by USDA's Farm Service Agency; not insurance but works alongside it.,Agricultural & Crop Insurance > USDA Disaster Assistance (Non-Insurance)
social,,1,Social & Government Programs,Social insurance; Public programs,"Insurance-like protection provided or required by federal and state governments, usually funded by payroll taxes or general taxes.",A retiree receives Social Security checks and uses Medicare for doctor visits.,Personal,"Some programs are federal (Social Security, Medicare), some joint federal-state (Medicaid, CHIP, unemployment), and some purely state (state disability programs).",Social & Government Programs
social.social_security,social,2,Social Security (OASDI),"Old-Age, Survivors and Disability Insurance","The federal program funded by payroll (FICA) taxes that pays retirement, survivor and disability benefits based on your work record.",A 67-year-old retiree receives a monthly benefit based on 40 years of earnings.,Personal,Administered by the Social Security Administration (SSA). Workers generally need 40 credits (about 10 years of work) for retirement benefits.,Social & Government Programs > Social Security (OASDI)
social.social_security.retirement,social.social_security,3,Retirement Benefits (OASI),Old-age insurance,"Monthly income for retired workers and their spouses, with full benefits at full retirement age (67 for those born 1960 or later).",A worker claims reduced benefits at 62 or waits until 70 for a larger amount.,Personal,,Social & Government Programs > Social Security (OASDI) > Retirement Benefits (OASI)
social.social_security.survivors,social.social_security,3,Survivors Benefits,,"Monthly payments to the widow(er), children or dependent parents of a deceased worker.",A widow and two children receive monthly benefits after the father dies.,Personal,,Social & Government Programs > Social Security (OASDI) > Survivors Benefits
social.social_security.ssdi,social.social_security,3,Social Security Disability Insurance (SSDI),,Monthly benefits for workers who can't do any substantial work because of a severe disability expected to last at least 12 months or result in death.,A warehouse worker with a spinal injury receives SSDI after a 5-month waiting period.,Personal,Medicare eligibility begins after 24 months of SSDI.,Social & Government Programs > Social Security (OASDI) > Social Security Disability Insurance (SSDI)
social.social_security.ssi,social.social_security,3,Supplemental Security Income (SSI),,"Needs-based monthly payments for low-income people who are aged, blind or disabled; funded from general taxes, not payroll taxes.",A disabled adult with no work history receives SSI.,Personal,"Technically a welfare program, not insurance; also run by SSA.",Social & Government Programs > Social Security (OASDI) > Supplemental Security Income (SSI)
social.medicare,social,2,Medicare,,"Federal health insurance for people 65 and older, and younger people with certain disabilities, ESRD or ALS.",A 65-year-old enrolls in Medicare Parts A and B.,Personal,"Run by the Centers for Medicare & Medicaid Services (CMS). Private Medicare Advantage, Part D and Medigap plans are under Health Insurance > Private Medicare Plans.",Social & Government Programs > Medicare
social.medicare.part_a,social.medicare,3,Part A (Hospital Insurance),HI,"Covers inpatient hospital stays, skilled nursing facility care, hospice and some home health care.",A patient's 4-day hospital stay is covered after the Part A deductible.,Personal,Premium-free for people with 40 quarters of work; funded by the Medicare payroll tax.,Social & Government Programs > Medicare > Part A (Hospital Insurance)
social.medicare.part_b,social.medicare,3,Part B (Medical Insurance),SMI,"Covers doctor visits, outpatient care, preventive services and medical equipment, with 20% coinsurance.",A retiree's annual checkup and lab tests are covered.,Personal,"Monthly premium, with higher income-related premiums (IRMAA) for high earners. Late enrollment penalties apply.",Social & Government Programs > Medicare > Part B (Medical Insurance)
social.medicare.part_c,social.medicare,3,Part C (Medicare Advantage),MA,The option to receive Medicare benefits through a private plan.,A retiree chooses an MA plan instead of Original Medicare.,Personal,See Health Insurance > Private Medicare Plans.,Social & Government Programs > Medicare > Part C (Medicare Advantage)
social.medicare.part_d,social.medicare,3,Part D (Prescription Drugs),,Prescription drug coverage provided through private plans approved by Medicare.,A retiree enrolls in a Part D plan for their prescriptions.,Personal,See Health Insurance > Private Medicare Plans.,Social & Government Programs > Medicare > Part D (Prescription Drugs)
social.medicaid,social,2,Medicaid,Medi-Cal (California); MassHealth (Massachusetts); TennCare (Tennessee),"Joint federal-state health coverage for people with low incomes, including children, pregnant women, seniors and people with disabilities. Also the main payer for nursing home care.",A low-income family gets free doctor and hospital care.,Personal,"Each state runs its own program within federal rules; 40 states plus DC have expanded Medicaid under the ACA to adults up to 138% of the federal poverty level. Most enrollees are in private managed care plans contracted by the state. Under the 2025 One Big Beautiful Bill Act, expansion adults face work/community-engagement requirements (80 hours a month) and 6-month eligibility renewals starting by Dec 31, 2026.",Social & Government Programs > Medicaid
social.medicaid.medicaid_managed_care,social.medicaid,3,Medicaid Managed Care,,States contract with private health plans (MCOs) to deliver Medicaid benefits.,A Medicaid enrollee picks among three managed care plans in their county.,Personal,,Social & Government Programs > Medicaid > Medicaid Managed Care
social.medicaid.medicaid_ltc,social.medicaid,3,Medicaid Long-Term Services & Supports (LTSS),,Pays for nursing home care and home and community-based services for eligible people with limited assets.,A widow who has spent down her savings has nursing home costs paid.,Personal,Subject to a 5-year look-back on asset transfers.,Social & Government Programs > Medicaid > Medicaid Long-Term Services & Supports (LTSS)
social.medicaid.dual_eligible,social.medicaid,3,Dual Eligibles,Medi-Medi,People enrolled in both Medicare and Medicaid; Medicaid helps pay Medicare premiums and cost sharing.,A low-income 70-year-old has Medicare premiums paid by Medicaid.,Personal,,Social & Government Programs > Medicaid > Dual Eligibles
social.chip,social,2,Children's Health Insurance Program (CHIP),CHIP; State names like Healthy Families,Low-cost health coverage for children in families that earn too much for Medicaid but can't afford private insurance.,Two children of a working family are covered through CHIP.,Personal,Joint federal-state program; eligibility levels vary by state.,Social & Government Programs > Children's Health Insurance Program (CHIP)
social.unemployment,social,2,Unemployment Insurance (UI),Unemployment compensation,Pays temporary weekly benefits to workers who lose their jobs through no fault of their own.,A laid-off factory worker receives weekly benefits for up to 26 weeks.,Personal,Federal-state program funded mainly by employer payroll taxes (FUTA and state SUTA). Benefit amounts and duration set by each state.,Social & Government Programs > Unemployment Insurance (UI)
social.state_disability,social,2,State Disability & Paid Leave Programs,TDI; Paid family and medical leave (PFML),"State-run or state-mandated programs that pay partial wages for non-work illness, pregnancy or caring for family.",A new mother in California receives disability and paid family leave benefits.,Personal,"Temporary disability programs exist in CA, HI, NJ, NY, RI and PR. Paid family and medical leave programs pay benefits in CA, NJ, NY, RI, WA, MA, CT, OR, CO, MN, DE, ME and DC; Maryland's benefits are delayed to 2028.",Social & Government Programs > State Disability & Paid Leave Programs
social.workers_comp_systems,social,2,State Workers' Compensation Systems,,Every state requires employers to provide workers' compensation benefits (Texas is optional); see Casualty > Workers' Compensation for insurance products.,A state workers' comp board resolves a disputed claim.,Commercial,Administered by state workers' comp boards or industrial commissions.,Social & Government Programs > State Workers' Compensation Systems
social.federal_programs,social,2,Other Federal Insurance Programs,,Insurance programs run or backed by federal agencies.,A bank depositor's money is protected by FDIC insurance.,Both,,Social & Government Programs > Other Federal Insurance Programs
social.federal_programs.fdic,social.federal_programs,3,FDIC Deposit Insurance,,"Protects bank deposits up to $250,000 per depositor, per bank, per ownership category if an insured bank fails.",Depositors are repaid when their bank fails.,Personal,Funded by premiums paid by banks. Credit unions have equivalent NCUA share insurance.,Social & Government Programs > Other Federal Insurance Programs > FDIC Deposit Insurance
social.federal_programs.ncua,social.federal_programs,3,NCUA Share Insurance,NCUSIF,"Protects credit union deposits up to $250,000 per member, per institution, per ownership category.",Members are repaid when a credit union fails.,Personal,,Social & Government Programs > Other Federal Insurance Programs > NCUA Share Insurance
social.federal_programs.sipc,social.federal_programs,3,SIPC Protection,,"Protects brokerage customers up to $500,000 (including $250,000 cash) if a broker-dealer fails and customer assets are missing. It does not protect against investment losses.",Customers' securities are returned after a brokerage fails.,Personal,Non-profit created by the Securities Investor Protection Act of 1970.,Social & Government Programs > Other Federal Insurance Programs > SIPC Protection
social.federal_programs.pbgc,social.federal_programs,3,Pension Benefit Guaranty Corporation (PBGC),,"Federal agency that insures private defined-benefit pensions and pays benefits, up to legal limits, if a plan fails.",Retirees of a bankrupt airline receive pensions from PBGC.,Personal,Funded by premiums paid by pension plans.,Social & Government Programs > Other Federal Insurance Programs > Pension Benefit Guaranty Corporation (PBGC)
social.federal_programs.nfip,social.federal_programs,3,National Flood Insurance Program,NFIP,Federal flood insurance run by FEMA.,A homeowner in a FEMA flood zone buys an NFIP policy through their agent.,Both,,Social & Government Programs > Other Federal Insurance Programs > National Flood Insurance Program
social.federal_programs.fcic,social.federal_programs,3,Federal Crop Insurance Corporation,FCIC,Federal corporation that subsidizes and reinsures crop insurance.,A private crop insurer is reimbursed by FCIC for part of a drought year's losses.,Commercial,,Social & Government Programs > Other Federal Insurance Programs > Federal Crop Insurance Corporation
social.federal_programs.sgli,social.federal_programs,3,Servicemembers' Group Life Insurance (SGLI),,"Low-cost group term life insurance for active-duty military and reservists, up to $500,000.",A soldier's family receives SGLI after a death in service.,Personal,"Run by the Department of Veterans Affairs, underwritten by Prudential. Can convert to VGLI after service.",Social & Government Programs > Other Federal Insurance Programs > Servicemembers' Group Life Insurance (SGLI)
social.federal_programs.vgli,social.federal_programs,3,Veterans' Group Life Insurance (VGLI),,Renewable term life veterans can convert to from SGLI after leaving service.,"A veteran keeps $400,000 of cover after separation.",Personal,,Social & Government Programs > Other Federal Insurance Programs > Veterans' Group Life Insurance (VGLI)
social.federal_programs.fegli,social.federal_programs,3,Federal Employees' Group Life Insurance (FEGLI),,Group term life for federal civilian employees.,"A federal employee has basic life equal to salary plus $2,000.",Personal,"Administered by OPM, underwritten by MetLife.",Social & Government Programs > Other Federal Insurance Programs > Federal Employees' Group Life Insurance (FEGLI)
social.federal_programs.fehb,social.federal_programs,3,Federal Employees Health Benefits (FEHB),,"The health insurance program for federal employees and retirees, offering a choice of private plans.",A federal worker picks a Blue Cross plan during open season.,Personal,Run by OPM; the Postal Service Health Benefits program split off in 2025.,Social & Government Programs > Other Federal Insurance Programs > Federal Employees Health Benefits (FEHB)
social.federal_programs.tricare,social.federal_programs,3,TRICARE,,"Health coverage for military service members, retirees and their families.",A service member's spouse gets care through TRICARE Prime.,Personal,Run by the Defense Health Agency.,Social & Government Programs > Other Federal Insurance Programs > TRICARE
social.state_residual_markets,social,2,State Residual Markets & Guaranty Funds,Insurers of last resort,"State-created mechanisms that provide cover when private markets won't, or protect policyholders when insurers fail.",A homeowner who can't find cover gets a policy from the state FAIR Plan.,Both,,Social & Government Programs > State Residual Markets & Guaranty Funds
social.state_residual_markets.guaranty_associations,social.state_residual_markets,3,State Guaranty Associations,Guaranty funds,"Pay claims of policyholders when an admitted insurer becomes insolvent, up to limits (e.g. often $300,000 for P&C claims).",Policyholders of a failed Florida home insurer have claims paid by FIGA.,Both,Every state has separate life/health and P&C guaranty associations. Surplus lines policies are usually not covered.,Social & Government Programs > State Residual Markets & Guaranty Funds > State Guaranty Associations
social.state_residual_markets.auto_assigned_risk,social.state_residual_markets,3,Automobile Insurance Plans,Assigned risk,Assign high-risk drivers who can't get auto cover to insurers in the state.,A driver with multiple DUIs gets cover through the state plan.,Personal,Administered by AIPSO in most states.,Social & Government Programs > State Residual Markets & Guaranty Funds > Automobile Insurance Plans
social.state_residual_markets.high_risk_pools,social.state_residual_markets,3,High-Risk Health Pools (Historical),,State pools that insured people denied health cover due to pre-existing conditions.,"Before 2014, a cancer survivor bought cover from a state pool.",Personal,Mostly closed after the ACA banned pre-existing condition exclusions in 2014.,Social & Government Programs > State Residual Markets & Guaranty Funds > High-Risk Health Pools (Historical)
social.state_residual_markets.state_wind_pools,social.state_residual_markets,3,State Wind & Beach Pools,Citizens; TWIA,State insurers or pools covering coastal wind risk.,A Florida homeowner is covered by Citizens Property Insurance.,Both,See Home & Personal Property Insurance > Windstorm and FAIR Plans.,Social & Government Programs > State Residual Markets & Guaranty Funds > State Wind & Beach Pools
reinsurance,,1,Reinsurance,Insurance for insurers,"Insurance that insurance companies buy to pass part of their risk to another company (the reinsurer), protecting them from very large or many losses.","After a hurricane, a Florida home insurer recovers most of its claims from its reinsurers.",Commercial,US reinsurers are regulated by states; the NAIC Credit for Reinsurance Model Law governs when insurers can count reinsurance from non-US reinsurers on their balance sheets. June 1 is the key Florida renewal date.,Reinsurance
reinsurance.by_method,reinsurance,2,By Contract Method,,Reinsurance is arranged either for a whole portfolio automatically (treaty) or one risk at a time (facultative).,An insurer uses a treaty for all its homes and facultative cover for one skyscraper.,Commercial,,Reinsurance > By Contract Method
reinsurance.by_method.treaty,reinsurance.by_method,3,Treaty Reinsurance,Obligatory reinsurance,"An agreement covering a whole class or portfolio of policies automatically, usually renewed yearly.",All of an insurer's auto policies are ceded 30% under a treaty.,Commercial,"Main renewal dates: January 1, April 1, June 1 and July 1.",Reinsurance > By Contract Method > Treaty Reinsurance
reinsurance.by_method.facultative,reinsurance.by_method,3,Facultative Reinsurance,Fac,"Reinsurance negotiated for a single policy or risk, which the reinsurer can accept or decline.",An insurer reinsures most of a large chemical plant's property policy with a fac placement.,Commercial,,Reinsurance > By Contract Method > Facultative Reinsurance
reinsurance.by_method.facultative.fac_obligatory,reinsurance.by_method.facultative,4,Facultative Obligatory,Fac-oblig,"A hybrid where the insurer may choose which risks to cede, but the reinsurer must accept them.",An insurer can cede any high-value homes it chooses.,Commercial,,Reinsurance > By Contract Method > Facultative Reinsurance > Facultative Obligatory
reinsurance.proportional,reinsurance,2,Proportional (Pro Rata) Reinsurance,Quota share and surplus,The reinsurer takes an agreed share of premiums and pays the same share of losses.,A reinsurer takes 40% of the premium and pays 40% of every claim.,Commercial,,Reinsurance > Proportional (Pro Rata) Reinsurance
reinsurance.proportional.quota_share,reinsurance.proportional,3,Quota Share,,The reinsurer takes a fixed percentage of every policy in the portfolio.,A new insurer cedes 50% of all policies to grow faster with less capital.,Commercial,Common for startups and insurtechs to support growth.,Reinsurance > Proportional (Pro Rata) Reinsurance > Quota Share
reinsurance.proportional.surplus_share,reinsurance.proportional,3,Surplus Share,Surplus treaty,"The insurer keeps a fixed amount (its ""line"") on each risk and cedes the amount above it, so larger risks are ceded more.",An insurer keeps $1M of each risk and cedes the rest of a $5M building.,Commercial,,Reinsurance > Proportional (Pro Rata) Reinsurance > Surplus Share
reinsurance.non_proportional,reinsurance,2,Non-Proportional (Excess of Loss) Reinsurance,XoL,"The reinsurer pays losses above a set amount (the retention), up to a limit.",A reinsurer pays losses between $10M and $50M from any one event.,Commercial,,Reinsurance > Non-Proportional (Excess of Loss) Reinsurance
reinsurance.non_proportional.per_risk_xl,reinsurance.non_proportional,3,Per Risk Excess of Loss,,Pays when a loss on a single risk exceeds the retention.,A factory fire costs $8M; the reinsurer pays the amount above $2M.,Commercial,,Reinsurance > Non-Proportional (Excess of Loss) Reinsurance > Per Risk Excess of Loss
reinsurance.non_proportional.cat_xl,reinsurance.non_proportional,3,Catastrophe Excess of Loss,Cat XL; Property cat,Pays when the total losses from one catastrophe exceed the retention.,A hurricane causes $300M of claims and the reinsurer pays above $100M.,Commercial,Florida insurers also buy mandatory reinsurance from the Florida Hurricane Catastrophe Fund (FHCF).,Reinsurance > Non-Proportional (Excess of Loss) Reinsurance > Catastrophe Excess of Loss
reinsurance.non_proportional.per_occurrence_xl,reinsurance.non_proportional,3,Casualty Clash / Per Occurrence XL,Clash cover,Pays when one event triggers claims under several casualty policies.,"A bus crash triggers auto, GL and workers' comp claims at once.",Commercial,,Reinsurance > Non-Proportional (Excess of Loss) Reinsurance > Casualty Clash / Per Occurrence XL
reinsurance.non_proportional.aggregate_stop_loss,reinsurance.non_proportional,3,Aggregate Excess / Stop Loss,,Pays when total losses for a year exceed a set amount or loss ratio.,A reinsurer pays once the insurer's loss ratio exceeds 80%.,Commercial,,Reinsurance > Non-Proportional (Excess of Loss) Reinsurance > Aggregate Excess / Stop Loss
reinsurance.life_reinsurance,reinsurance,2,Life & Health Reinsurance,,"Reinsurance of life, annuity and health risks.",A life insurer reinsures 90% of mortality risk on new term policies.,Commercial,,Reinsurance > Life & Health Reinsurance
reinsurance.life_reinsurance.yrt_reins,reinsurance.life_reinsurance,3,YRT Reinsurance,Yearly renewable term reinsurance,"The insurer buys one-year mortality cover on the amount at risk, renewing yearly.",A life insurer pays YRT premiums on each policy's net amount at risk.,Commercial,The dominant US life reinsurance method.,Reinsurance > Life & Health Reinsurance > YRT Reinsurance
reinsurance.life_reinsurance.coinsurance_life,reinsurance.life_reinsurance,3,Coinsurance (Life),,"The reinsurer takes a proportional share of all policy risks, reserves and premiums, including investment risk.",A block of term policies is 50% coinsured.,Commercial,,Reinsurance > Life & Health Reinsurance > Coinsurance (Life)
reinsurance.life_reinsurance.modco,reinsurance.life_reinsurance,3,Modified Coinsurance (Modco),,"Like coinsurance, but the ceding insurer keeps the assets and reserves.",An annuity writer keeps assets on its books while ceding risk.,Commercial,,Reinsurance > Life & Health Reinsurance > Modified Coinsurance (Modco)
reinsurance.life_reinsurance.block_reinsurance,reinsurance.life_reinsurance,3,Block / Closed-Block Reinsurance,Legacy transactions,"Reinsuring an existing, closed block of policies, often to exit a line of business.",An insurer reinsures its old long-term care block to exit the business.,Commercial,Many deals use offshore (e.g. Bermuda) reinsurers owned by private equity-backed firms.,Reinsurance > Life & Health Reinsurance > Block / Closed-Block Reinsurance
reinsurance.retrocession,reinsurance,2,Retrocession,Retro,Reinsurance bought by reinsurers to protect themselves.,A reinsurer buys retro cover for its Florida hurricane exposure.,Commercial,,Reinsurance > Retrocession
reinsurance.legacy,reinsurance,2,Loss Portfolio Transfer (LPT) & Adverse Development Cover (ADC),Run-off reinsurance,Transfers past liabilities (LPT) or protects against past claims costing more than expected (ADC).,An insurer transfers old asbestos claims to a run-off specialist.,Commercial,,Reinsurance > Loss Portfolio Transfer (LPT) & Adverse Development Cover (ADC)
art,,1,Alternative Risk Transfer (ART),Alternative risk financing,"Ways to finance or transfer risk outside the traditional insurance market, often using capital markets or self-insurance structures.",A large company creates its own insurer (a captive) to insure its risks.,Commercial,,Alternative Risk Transfer (ART)
art.captives,art,2,Captive Insurance,Captives,"An insurance company owned by the business (or group of businesses) it insures, letting the owner control cover and costs.",A hospital system forms a captive to insure its medical malpractice.,Commercial,"Leading US domiciles include Vermont, Utah, Delaware, North Carolina and Tennessee; Bermuda and Cayman are major offshore domiciles.",Alternative Risk Transfer (ART) > Captive Insurance
art.captives.single_parent,art.captives,3,Single-Parent (Pure) Captive,Pure captive,A captive owned by one company that insures only that company and its affiliates.,A retailer's captive insures its general liability deductible.,Commercial,,Alternative Risk Transfer (ART) > Captive Insurance > Single-Parent (Pure) Captive
art.captives.group_captive,art.captives,3,Group Captive,Association captive,A captive owned by several companies (often in the same industry) that pool risk.,Fifty trucking firms share a group captive for auto liability.,Commercial,,Alternative Risk Transfer (ART) > Captive Insurance > Group Captive
art.captives.cell_captive,art.captives,3,Protected Cell / Segregated Cell Captive,Rent-a-captive; Series captive,"A captive split into separate cells, each rented by a different owner with its own assets and liabilities.",A mid-size firm rents a cell rather than forming its own captive.,Commercial,,Alternative Risk Transfer (ART) > Captive Insurance > Protected Cell / Segregated Cell Captive
art.captives.micro_captive,art.captives,3,Micro-Captive (831(b)),Small captive,A small captive that elects to be taxed only on investment income under IRC Section 831(b).,A family business forms an 831(b) captive for uninsured risks.,Commercial,The IRS has listed abusive micro-captive arrangements as reportable transactions (final regulations 2025).,Alternative Risk Transfer (ART) > Captive Insurance > Micro-Captive (831(b))
art.captives.rrg,art.captives,3,Risk Retention Group (RRG),,"A liability insurer owned by its members, who share a similar business; chartered in one state but can operate nationwide.",Physicians form an RRG for malpractice cover.,Commercial,Created under the federal Liability Risk Retention Act of 1986; not covered by state guaranty funds.,Alternative Risk Transfer (ART) > Captive Insurance > Risk Retention Group (RRG)
art.self_insurance,art,2,Self-Insurance & Large Deductibles,Self-funding,"The business pays its own losses up to a level rather than buying insurance, often with excess insurance above.",A large employer self-insures workers' comp.,Commercial,Self-insuring workers' comp requires state approval; self-funded health plans fall under ERISA.,Alternative Risk Transfer (ART) > Self-Insurance & Large Deductibles
art.self_insurance.large_deductible,art.self_insurance,3,Large Deductible Program,,"A policy with a very high deductible (e.g. $250,000), where the insurer pays claims and bills the insured back.","A trucking company takes a $500,000 deductible on auto liability.",Commercial,,Alternative Risk Transfer (ART) > Self-Insurance & Large Deductibles > Large Deductible Program
art.self_insurance.sir,art.self_insurance,3,Self-Insured Retention (SIR),,The business pays losses up to the SIR itself before the policy responds.,A manufacturer pays the first $1M of each GL claim.,Commercial,,Alternative Risk Transfer (ART) > Self-Insurance & Large Deductibles > Self-Insured Retention (SIR)
art.self_insurance.risk_purchasing_group,art.self_insurance,3,Risk Purchasing Group (RPG),,"A group of similar businesses that buy insurance together from an insurer, without owning it.",Restaurants join an RPG to buy liability cover at group rates.,Commercial,Authorized by the Liability Risk Retention Act.,Alternative Risk Transfer (ART) > Self-Insurance & Large Deductibles > Risk Purchasing Group (RPG)
art.ils,art,2,Insurance-Linked Securities (ILS),,Investments that transfer insurance risk to capital market investors.,A pension fund invests in a catastrophe bond.,Commercial,,Alternative Risk Transfer (ART) > Insurance-Linked Securities (ILS)
art.ils.cat_bonds,art.ils,3,Catastrophe Bonds,Cat bonds,"Bonds where investors lose some or all of their principal if a defined catastrophe happens, with the money paying the insurer's claims.",A state wind pool issues a cat bond covering Texas hurricanes.,Commercial,"Issuers include Citizens (FL), CEA, TWIA and FEMA (for the NFIP).",Alternative Risk Transfer (ART) > Insurance-Linked Securities (ILS) > Catastrophe Bonds
art.ils.cat_bonds.indemnity_trigger,art.ils.cat_bonds,4,Indemnity Trigger,,Pays based on the sponsor's actual losses.,The bond pays when the insurer's hurricane losses exceed $1 billion.,Commercial,,Alternative Risk Transfer (ART) > Insurance-Linked Securities (ILS) > Catastrophe Bonds > Indemnity Trigger
art.ils.cat_bonds.industry_index_trigger,art.ils.cat_bonds,4,Industry Index Trigger,,Pays based on total industry losses as estimated by a reporting agency (e.g. PCS).,The bond pays when US industry hurricane losses exceed $50 billion.,Commercial,,Alternative Risk Transfer (ART) > Insurance-Linked Securities (ILS) > Catastrophe Bonds > Industry Index Trigger
art.ils.cat_bonds.parametric_trigger,art.ils.cat_bonds,4,Parametric Trigger,,Pays based on measured event data such as wind speed or earthquake magnitude.,The bond pays when a quake over magnitude 7.0 hits within 50 km of Los Angeles.,Commercial,,Alternative Risk Transfer (ART) > Insurance-Linked Securities (ILS) > Catastrophe Bonds > Parametric Trigger
art.ils.sidecars,art.ils,3,Reinsurance Sidecars,,Special companies funded by investors that take a share of a reinsurer's business for a limited period.,Investors fund a sidecar that takes 20% of a reinsurer's property cat book.,Commercial,,Alternative Risk Transfer (ART) > Insurance-Linked Securities (ILS) > Reinsurance Sidecars
art.ils.collateralized_re,art.ils,3,Collateralized Reinsurance,,Reinsurance fully backed by cash collateral from investors instead of a rated reinsurer's balance sheet.,An ILS fund writes collateralized cat cover for a regional insurer.,Commercial,,Alternative Risk Transfer (ART) > Insurance-Linked Securities (ILS) > Collateralized Reinsurance
art.ils.ilw,art.ils,3,Industry Loss Warranties (ILW),,Contracts that pay when total industry losses from an event exceed a set level.,A reinsurer buys an ILW paying if a US hurricane costs the industry over $30B.,Commercial,,Alternative Risk Transfer (ART) > Insurance-Linked Securities (ILS) > Industry Loss Warranties (ILW)
art.parametric,art,2,Parametric Insurance,Index-based insurance,Pays a set amount automatically when a measurable event happens (like wind speed or rainfall) rather than after assessing actual losses.,A hotel is paid $1 million automatically when a Category 4 hurricane passes within 30 miles.,Both,Must be structured with an insurable interest to be treated as insurance rather than a derivative.,Alternative Risk Transfer (ART) > Parametric Insurance
art.parametric.parametric_weather,art.parametric,3,Weather & Rainfall Parametric,,"Pays based on rainfall, temperature or snowfall indices.",A ski resort is paid when snowfall is below 60% of average.,Commercial,,Alternative Risk Transfer (ART) > Parametric Insurance > Weather & Rainfall Parametric
art.parametric.parametric_earthquake,art.parametric,3,Earthquake Parametric,,Pays based on earthquake magnitude and distance.,"A homeowner receives $20,000 automatically after a nearby magnitude 6.5 quake.",Both,Personal parametric quake products are sold in California.,Alternative Risk Transfer (ART) > Parametric Insurance > Earthquake Parametric
art.parametric.parametric_flight_delay,art.parametric,3,Flight Delay Parametric,,Pays automatically when a flight is delayed beyond a set time.,A traveler is paid $100 when their flight is 3 hours late.,Personal,,Alternative Risk Transfer (ART) > Parametric Insurance > Flight Delay Parametric
art.microinsurance,art,2,Microinsurance & Embedded Insurance,Inclusive insurance,"Low-cost, simple insurance for people and small businesses with limited income, often sold digitally or bundled into other purchases.",A gig worker buys per-shift accident cover through an app.,Both,"True microinsurance is mainly a developing-market concept; in the US the closest forms are embedded, on-demand and gig-worker covers.",Alternative Risk Transfer (ART) > Microinsurance & Embedded Insurance
art.microinsurance.embedded,art.microinsurance,3,Embedded Insurance,,"Insurance built into the purchase of another product, such as ticket or rental protection offered at checkout.",A concert-goer adds ticket protection when buying online.,Personal,Sellers usually need a limited lines license in many states.,Alternative Risk Transfer (ART) > Microinsurance & Embedded Insurance > Embedded Insurance
art.microinsurance.on_demand,art.microinsurance,3,On-Demand / Usage-Based Cover,,"Cover you switch on only when needed, such as per trip, per shift or per item.",A photographer turns on equipment cover for one weekend shoot.,Both,,Alternative Risk Transfer (ART) > Microinsurance & Embedded Insurance > On-Demand / Usage-Based Cover
art.finite,art,2,Finite Risk Reinsurance,Financial reinsurance,Multi-year contracts that transfer limited risk and smooth results over time.,An insurer spreads a large loss over several years.,Commercial,Must transfer significant insurance risk to qualify for reinsurance accounting (SSAP 62R / ASC 944).,Alternative Risk Transfer (ART) > Finite Risk Reinsurance
