ID,Term,Also Known As,Category,Applies To Lines,Plain-English Definition,Example,Where You'll See It,Most Relevant For,Difficulty,Related Terms,US Notes
section-1035-exchange,1035 Exchange,,Line-Specific,Life,A tax-free swap of one life insurance or annuity policy for another under IRS Section 1035.,You exchange an old annuity for a new one without paying tax.,Application form,"Individuals, Underwriters, Product Owners",Advanced,replacement,
seven-pay-test,7-Pay Test,,Line-Specific,Life,"A federal tax test that checks whether premiums in the first seven years exceed limits, which would make a policy a MEC.",Premiums above the 7-pay limit trigger MEC status.,Policy administration system,"Developers, Underwriters",Advanced,modified-endowment-contract,
a-plus-report,A-PLUS Report,Automated Property Loss Underwriting System,Underwriting,"Property, Motor","A Verisk database report of past property and auto claims, similar to CLUE.",An underwriter checks A-PLUS for prior losses.,Underwriting system,"Developers, Underwriters",Advanced,"clue-report, loss-history",
aais,AAIS,American Association of Insurance Services,Technology,"Property, Commercial, Marine/Aviation/Transit, Agriculture","An advisory organization, owned by member insurers, that provides standard forms and loss costs, similar to ISO.",A mutual insurer uses AAIS farm forms.,Policy document,"Underwriters, Product Owners",Advanced,iso,
ab-initio,Ab Initio,,Legal/Latin,All,Latin for 'from the beginning'. A policy void ab initio is treated as if it never existed.,A policy obtained by fraud is rescinded ab initio and the premium refunded.,Policy document,"Developers, Underwriters",Advanced,"rescission, void-policy",
abandonment,Abandonment,,Claims,Marine/Aviation/Transit,Giving up ownership of damaged property to the insurer in exchange for a total loss payment.,A shipowner abandons a wrecked vessel to the insurers.,Policy document,Underwriters,Advanced,"constructive-total-loss, salvage",Property policies usually say the insured cannot abandon property to the insurer.
accelerated-death-benefit-rider,Accelerated Death Benefit Rider,Living Benefits Rider,Line-Specific,Life,"A rider that lets you receive part of the death benefit early if you are terminally, chronically or critically ill.",You receive 50% of the benefit after a terminal diagnosis.,Policy document,"Individuals, Underwriters, Product Owners",Intermediate,"rider, chronic-illness-rider",
accelerated-underwriting,Accelerated Underwriting,,Underwriting,Life,Using data and algorithms to approve some life applicants without a medical exam.,A healthy 30-year-old is approved in minutes without blood tests.,Underwriting system,"Developers, Underwriters, Product Owners",Intermediate,"medical-underwriting, paramedical-exam, predictive-model",
accident,Accident,,Policy Wording,All,"A sudden, unexpected and unintended event that causes injury or damage.",Slipping on ice and breaking an arm is an accident.,Policy document,"Individuals, Underwriters",Beginner,"occurrence, accidental-death-and-dismemberment",
accident-forgiveness,Accident Forgiveness,,Underwriting,Motor,A feature where your first at-fault accident doesn't raise your premium.,No surcharge after your first fender-bender.,Policy document,"Individuals, Product Owners",Beginner,driving-record-points,Banned in some states such as California.
accident-insurance,Accident Insurance,,Line-Specific,Health,"Insurance paying set amounts for injuries from accidents, such as fractures or ER visits.",$500 for a broken arm.,Policy document,"Individuals, Product Owners",Beginner,"accidental-death-and-dismemberment, critical-illness-insurance",
accident-year,Accident Year,AY,Finance & Actuarial,"Property, Casualty/Liability, Motor, Commercial",Grouping of losses by the year the accident happened.,All losses from accidents in 2024 belong to AY 2024.,Financial statements,"Developers, Product Owners",Advanced,"policy-year, calendar-year, underwriting-year",
accidental-death-and-dismemberment,Accidental Death and Dismemberment,AD&D,Line-Specific,"Life, Health","Insurance paying if you die or lose a limb, eyesight or hearing in an accident.",AD&D pays 50% of the benefit for loss of one hand.,Policy document,"Individuals, Developers, Product Owners",Intermediate,"accident-insurance, accidental-death-benefit-rider",
accidental-death-benefit-rider,Accidental Death Benefit Rider,ADB; Double Indemnity,Line-Specific,Life,A rider that pays an extra benefit if death results from an accident.,"An extra $250,000 paid for accidental death.",Policy document,"Individuals, Underwriters",Intermediate,"rider, accidental-death-and-dismemberment",
aggregation,Accumulation,Aggregation; Concentration Risk,Underwriting,"Property, Commercial, Financial Lines, Reinsurance",The build-up of many insured risks exposed to the same event.,Too many insured homes in one coastal county.,Underwriting system,"Underwriters, Product Owners",Advanced,"catastrophe-model, probable-maximum-loss",
accumulation-phase,Accumulation Phase,,Line-Specific,Life,The period when money in a deferred annuity grows before payouts start.,Contributions grow tax-deferred in the accumulation phase.,Policy document,"Individuals, Developers",Intermediate,"deferred-annuity, annuitization",
acord,ACORD,Association for Cooperative Operations Research and Development,Technology,All,"A nonprofit that sets data standards (XML, JSON, forms) for exchanging insurance information.",Agency software sends ACORD XML to a carrier.,Data exchange/integration specs,"Developers, Product Owners",Intermediate,"acord-forms, acord-al3",
acord-al3,ACORD AL3,,Technology,All,An older ACORD standard file format used to download policy data from carriers to agency systems.,A carrier sends daily AL3 downloads to agents.,Data exchange/integration specs,Developers,Advanced,acord,
acord-forms,ACORD Forms,,Technology,All,"Standardized application and certificate forms used across the US industry, such as ACORD 25 (certificate of liability insurance) and ACORD 125.",A broker fills out ACORD 125 and 126 for a commercial GL submission.,"Application form, Agent/broker communications","Developers, Underwriters, Product Owners",Intermediate,"acord, certificate-of-insurance, application",
acquisition-costs,Acquisition Costs,,Finance & Actuarial,All,"Costs of getting new business, such as commissions, marketing and underwriting.",Commissions and premium taxes are acquisition costs.,Financial statements,"Developers, Product Owners",Intermediate,"expense-ratio, deferred-acquisition-costs, commission",
act-of-god,Act of God,Force of Nature,Legal/Latin,All,"A natural event outside human control, such as a flood, earthquake or lightning.",Lightning striking a barn is an act of God.,Policy document,"Individuals, Underwriters",Beginner,"force-majeure, peril, catastrophe",
activities-of-daily-living,Activities of Daily Living,ADLs,Line-Specific,"Life, Health","Basic self-care tasks, usually bathing, dressing, eating, toileting, continence and transferring, used to trigger long-term care benefits.",Needing help with two ADLs qualifies you for LTC benefits.,"Policy document, Claim documents","Individuals, Underwriters",Intermediate,"long-term-care-insurance, chronic-illness-rider",
actual-cash-value,Actual Cash Value,ACV,Core Concept,"Property, Motor",The value of property at the time of loss: replacement cost minus depreciation.,"A 5-year-old TV that costs $1,000 new may be worth $400 ACV.","Policy document, Claim documents","Individuals, Developers, Underwriters, Product Owners",Beginner,"replacement-cost, depreciation, indemnity","Some states define ACV by statute or case law, including whether labor can be depreciated."
actual-production-history,Actual Production History,APH,Underwriting,Agriculture,"A farmer's historical average yields, used to set crop insurance guarantees.",A 10-year APH of 180 bushels per acre.,Underwriting system,"Developers, Underwriters",Advanced,multi-peril-crop-insurance,
actuarial-value,Actuarial Value,AV,Finance & Actuarial,Health,The percentage of total average costs for covered benefits that a plan pays.,A silver plan has about 70% actuarial value.,Product specification,"Developers, Product Owners",Advanced,metal-tiers,
actuary,Actuary,,Finance & Actuarial,All,"A professional who uses math and statistics to price insurance, set reserves and measure risk.",An actuary calculates how much to charge 30-year-old non-smokers for term life.,,"Developers, Underwriters, Product Owners",Beginner,"law-of-large-numbers, reserves",Credentialed by the CAS (property/casualty) or SOA (life/health).
additional-insured,Additional Insured,AI,Policy Wording,"Property, Casualty/Liability, Commercial","A person or company added to someone else's policy so they are also protected, often required by a contract.",A landlord requires a tenant's liability policy to list the landlord as an additional insured.,"Policy document, Declarations page","Developers, Underwriters, Product Owners",Intermediate,"named-insured, certificate-of-insurance, endorsement",
additional-living-expense,Additional Living Expense,ALE,Policy Wording,Property,"The increase in living costs, such as rent and meals, after a covered loss forces you out of your home.","Paying $2,000/month rent while your home is rebuilt.",Policy document,"Individuals, Underwriters",Beginner,"loss-of-use, fair-rental-value",
additional-premium,Additional Premium,AP,Lifecycle,All,Extra premium charged because of a mid-term change that increases the risk.,Adding a pool to your home policy costs $80 additional premium.,Billing statement,"Developers, Underwriters",Beginner,"return-premium, mid-term-adjustment",
administrative-services-only,Administrative Services Only,ASO,Distribution,Health,An arrangement where an insurer or TPA processes claims for a self-funded plan but doesn't take the risk.,A big insurer handles claims for an employer's plan under an ASO contract.,,"Developers, Product Owners",Advanced,"self-funded-plan, third-party-administrator",
admitted-insurer,Admitted Insurer,Admitted Carrier; Licensed Insurer,Regulation,All,"An insurer licensed by a state to do business there, subject to its rate and form rules and covered by its guaranty fund.",Most personal auto insurers are admitted.,Regulatory filings,"Individuals, Developers, Underwriters, Product Owners",Intermediate,"non-admitted-insurer, guaranty-fund, surplus-lines",
adverse-action-notice,Adverse Action Notice,,Regulation,All,A notice explaining that a consumer report influenced a decision to decline or charge more.,A letter says your insurance score affected your premium.,Regulatory filings,"Developers, Underwriters",Intermediate,fcra,
adverse-development-cover,Adverse Development Cover,ADC,Reinsurance,"Reinsurance, Alternative Risk Transfer",Reinsurance that pays if reserves for past claims turn out to be too low.,Covers reserve growth above $500M on old liability claims.,Reinsurance contract,Product Owners,Advanced,"portfolio-transfer, reserve-development",
adverse-selection,Adverse Selection,Anti-Selection,Underwriting,All,"When people who are more likely to have a loss are more likely to buy insurance, making the pool riskier.",People who know they need surgery sign up for health insurance right before.,Underwriting system,"Underwriters, Product Owners",Intermediate,"underwriting, open-enrollment-period, individual-mandate",
aerial-imagery,Aerial Imagery,,Technology,"Property, Commercial","Satellite or aircraft images used to assess roofs, trees and hazards without visiting.",An insurer spots a damaged roof from imagery.,Underwriting system,"Developers, Underwriters",Intermediate,"inspection, third-party-data",Some states restrict non-renewals based solely on aerial images.
affinity-group,Affinity Group,Affinity Program,Distribution,All,"Insurance sold to members of an organization, like alumni or professional associations, often at group rates.",A bar association sponsors a professional liability program.,,"Underwriters, Product Owners",Intermediate,"group-insurance, embedded-insurance",
affordable-care-act,Affordable Care Act,ACA; Obamacare,Regulation,Health,"A 2010 federal law that reformed US health insurance, including marketplaces, subsidies, essential benefits and bans on pre-existing condition exclusions.",You can't be denied a plan because of diabetes.,Regulatory filings,"Individuals, Developers, Underwriters, Product Owners",Beginner,"health-insurance-marketplace, essential-health-benefits, pre-existing-condition, premium-tax-credit",
age-nearest-birthday,Age Nearest Birthday,ANB; Age Last Birthday (ALB),Underwriting,Life,"Two ways insurers define age: the age at your nearest birthday, or at your last birthday.",At 35 and 7 months you're 36 ANB but 35 ALB.,Rating engine,"Developers, Underwriters",Advanced,issue-age,
agency-bill,Agency Bill,,Distribution,"Property, Casualty/Liability, Commercial","The agent bills and collects premium from the client, then pays the insurer net of commission.","A commercial client pays the agency, not the carrier.",Billing statement,"Developers, Underwriters",Intermediate,direct-bill,
agency-management-system,Agency Management System,AMS,Technology,All,"Software agencies use to manage clients, policies, commissions and documents.",An agency uses Applied Epic or Vertafore AMS360.,,"Developers, Product Owners",Intermediate,"acord, comparative-rater",
insurance-agent,Agent,Insurance Agent; Producer,Distribution,All,A licensed person or firm who sells insurance on behalf of one or more insurers.,A local State Farm agent sells you home and auto insurance.,Agent/broker communications,"Individuals, Developers, Underwriters, Product Owners",Beginner,"captive-agent, independent-agent, broker, producer",Agents must hold a state license for each line and state.
agent-errors-and-omissions,Agent E&O,Agents Errors and Omissions,Distribution,Financial Lines,Professional liability coverage for insurance agents against claims of mistakes in placing coverage.,A client sues an agent who forgot to add flood coverage.,,"Underwriters, Product Owners",Intermediate,errors-and-omissions-insurance,
aggregate-excess-of-loss,Aggregate Excess of Loss,Stop Loss Reinsurance,Reinsurance,"Health, Agriculture, Reinsurance",Reinsurance that pays when total losses for a year exceed a set amount or loss ratio.,Pays when the crop portfolio's loss ratio exceeds 110%.,Reinsurance contract,"Underwriters, Product Owners",Advanced,"excess-of-loss, stop-loss-insurance",
aggregate-limit,Aggregate Limit,General Aggregate,Core Concept,"Casualty/Liability, Commercial, Specialty, Financial Lines",The most the insurer will pay for all claims combined during one policy period.,"A business has a $2M aggregate; after paying $2M in claims this year, no more claims are paid until renewal.","Declarations page, Policy document","Developers, Underwriters, Product Owners",Intermediate,"limit-of-liability, per-occurrence-limit, products-completed-operations-aggregate",
aggregate-stop-loss,Aggregate Stop-Loss,,Line-Specific,Health,Stop-loss that pays when the total claims for the whole group exceed a set amount.,Pays when total claims exceed 125% of expected.,Policy document,"Underwriters, Product Owners",Advanced,"stop-loss-insurance, specific-stop-loss",
aggregator,Aggregator,Comparison Site; Lead Generator,Distribution,"Life, Health, Property, Motor",A website that collects quotes from many insurers for comparison.,A site shows 10 auto quotes side by side.,,"Individuals, Developers, Product Owners",Beginner,"direct-writer, lead-generation",
agreed-value,Agreed Value,Stated Amount,Policy Wording,"Property, Motor, Marine/Aviation/Transit, Specialty","A value the insured and insurer agree on in advance, which is paid for a total loss without arguing about depreciation.","A classic car is insured for an agreed value of $60,000.","Declarations page, Policy document","Individuals, Underwriters, Product Owners",Intermediate,"actual-cash-value, stated-value, valued-policy",
aircraft-liability,Aircraft Liability,,Policy Wording,Marine/Aviation/Transit,Covers injury to passengers and third parties caused by aircraft operations.,A plane crash injures people on the ground.,Policy document,Underwriters,Advanced,aviation-insurance,
aleatory-contract,Aleatory Contract,,Legal/Latin,All,A contract where what each side gives may be very unequal and depends on an uncertain event.,"You pay $800 in premium and might receive $300,000 if your house burns down, or nothing.",,"Underwriters, Product Owners",Advanced,"unilateral-contract, contract-of-adhesion",
allocated-loss-adjustment-expense,Allocated Loss Adjustment Expense,ALAE; DCC (Defense and Cost Containment),Finance & Actuarial,All,"Claim expenses that can be tied to a specific claim, such as defense lawyers and experts.","$20,000 paid to a defense firm on one lawsuit is ALAE.",Financial statements,"Developers, Underwriters",Advanced,"loss-adjustment-expense, unallocated-loss-adjustment-expense",NAIC statutory reporting uses the term DCC.
allowed-amount,Allowed Amount,Eligible Expense; Negotiated Rate,Line-Specific,Health,"The maximum amount a plan will pay for a covered service, often a negotiated rate with in-network providers.",A doctor bills $300; the allowed amount is $180.,Explanation of benefits,"Individuals, Developers",Intermediate,"balance-billing, explanation-of-benefits, usual-customary-reasonable",
alternative-risk-transfer,Alternative Risk Transfer,ART,Core Concept,Alternative Risk Transfer,"Ways of managing or financing risk outside traditional insurance, such as captives, cat bonds and self-insurance.",A company forms a captive to insure its own risks.,,"Underwriters, Product Owners",Intermediate,"captive-insurance-company, catastrophe-bond, risk-retention-group",
am-best,AM Best,,Finance & Actuarial,All,A credit rating agency specializing in insurance companies.,AM Best rates an insurer 'A+ (Superior)'.,,"Underwriters, Product Owners",Intermediate,financial-strength-rating,
ambiguity,Ambiguity,,Legal/Latin,All,Policy wording that can reasonably be read in more than one way.,'Flood' might or might not include sewer backup; that is an ambiguity.,Policy document,"Underwriters, Product Owners",Intermediate,"contra-proferentem, reasonable-expectations-doctrine",
annual-maximum,Annual Maximum,Annual Benefit Maximum,Line-Specific,Health,The most a plan (commonly dental) will pay in a year.,"A dental plan's $1,500 annual maximum.",Policy document,"Individuals, Developers",Beginner,"dental-insurance, limit-of-liability","ACA bans annual dollar limits on essential health benefits, but dental maximums remain for adults."
annual-renewable-term,Annual Renewable Term,ART; Yearly Renewable Term; YRT,Line-Specific,"Life, Reinsurance",Term insurance that renews each year with rising premiums as you age; YRT is also a common life reinsurance basis.,Premium rises every year on a YRT policy.,"Policy document, Reinsurance contract","Developers, Underwriters",Intermediate,"level-term, term-life-insurance",
annual-statement,Annual Statement,Yellow Book; Blue Book,Finance & Actuarial,All,The detailed yearly financial report each insurer files with regulators using NAIC formats.,The annual statement includes Schedule P for reserves.,"Financial statements, Regulatory filings","Developers, Underwriters, Product Owners",Advanced,"statutory-accounting-principles, schedule-p",P&C statements are called the Yellow Book; life statements the Blue Book.
annuitant,Annuitant,,Line-Specific,Life,The person whose life expectancy determines annuity payments; often also the owner.,The annuitant is 65 and receives monthly income.,Policy document,"Individuals, Developers",Beginner,annuity,
annuitization,Annuitization,,Line-Specific,Life,Converting the annuity's value into a stream of regular payments.,You annuitize at age 70 for life income.,Policy document,"Individuals, Developers",Intermediate,"annuity, payout-option",
annuity,Annuity,,Line-Specific,Life,"A contract with an insurer where you pay money in and receive regular income, often for life.","You pay $100,000 and receive $550 a month for life.",Policy document,"Individuals, Developers, Underwriters, Product Owners",Beginner,"fixed-annuity, variable-annuity, immediate-annuity, deferred-annuity",
anti-concurrent-causation-clause,Anti-Concurrent Causation Clause,ACC Clause,Policy Wording,Property,"Wording that excludes a loss if an excluded cause contributed in any way, even if a covered cause also contributed.",Flood damage is excluded even though wind also contributed.,Policy document,Underwriters,Advanced,"concurrent-causation, exclusion","Not enforced in some states, such as California and Washington."
anti-money-laundering,Anti-Money Laundering,AML,Regulation,Life,Rules requiring insurers selling certain life and annuity products to detect and report money laundering.,A large single premium paid in cash triggers review.,Regulatory filings,"Developers, Underwriters, Product Owners",Intermediate,"know-your-customer, ofac",Covered life insurers have AML program obligations under the Bank Secrecy Act.
any-occupation,Any Occupation,Any Occ,Line-Specific,Health,A disability definition that pays only if you can't do any job suited to your education and experience.,"After 2 years, LTD switches to any-occupation.",Policy document,"Individuals, Underwriters",Advanced,own-occupation,
appeal,Appeal,Internal Appeal,Claims,All,A request asking your insurer to reconsider a denied claim or decision.,You appeal a denied MRI with a letter from your doctor.,Claim documents,"Individuals, Developers",Beginner,"external-review, claim-denial",
application,Application,App; Proposal Form,Lifecycle,All,"The form you fill out to request insurance, giving information the insurer uses to decide and price.","A life application asks about your health, hobbies and income.",Application form,"Individuals, Developers, Underwriters, Product Owners",Beginner,"quote, underwriting, representation",
appointed-actuary,Appointed Actuary,Statement of Actuarial Opinion,Finance & Actuarial,All,The actuary named by an insurer's board to give the regulator an opinion on the adequacy of its reserves.,The appointed actuary signs the annual reserve opinion.,"Financial statements, Regulatory filings",Product Owners,Advanced,"actuary, reserves",
appointment,Appointment,Carrier Appointment,Distribution,All,"Official authorization from an insurer for an agent to represent it, often filed with the state.",An agent is appointed with five carriers.,Regulatory filings,"Developers, Underwriters, Product Owners",Intermediate,"insurance-agent, producer-license",Most states require insurers to file appointments.
appraisal-clause,Appraisal Clause,Appraisal,Claims,"Property, Motor","A process for settling disagreements about the amount of a loss, using independent appraisers and an umpire.","You and the insurer disagree on the roof repair cost, so each hires an appraiser.",Policy document,"Individuals, Underwriters",Intermediate,"umpire, dispute-resolution, claim-settlement",
arbitration-clause,Arbitration Clause,,Policy Wording,All,A clause requiring disputes to be settled by a private arbitrator instead of a court.,A reinsurance dispute goes to a panel of three arbitrators.,"Policy document, Reinsurance contract","Underwriters, Product Owners",Intermediate,"appraisal-clause, dispute-resolution",
asbestos-and-environmental,Asbestos and Environmental,A&E,Finance & Actuarial,Casualty/Liability,Long-tail liability claims from asbestos exposure and pollution that have cost insurers heavily for decades.,An insurer increases A&E reserves.,Financial statements,"Underwriters, Product Owners",Advanced,"long-tail, run-off",
assigned-risk-plan,Assigned Risk Plan,Automobile Insurance Plan,Regulation,"Motor, Commercial",A residual market plan that assigns hard-to-insure drivers or employers to insurers.,A high-risk driver is assigned to an insurer by the state plan.,Regulatory filings,"Individuals, Underwriters",Intermediate,residual-market,
assignment,Assignment,,Policy Wording,All,Transferring rights under a policy to someone else.,A life policyowner assigns the policy to a bank as loan collateral.,Policy document,"Developers, Underwriters",Intermediate,assignment-of-benefits,
assignment-of-benefits,Assignment of Benefits,AOB,Claims,"Health, Property",A document that lets a contractor or provider bill the insurer directly and pursue the claim.,A water mitigation company has you sign an AOB and then bills your insurer.,Claim documents,"Individuals, Developers, Underwriters",Intermediate,"assignment, claim",Florida restricted AOB for property claims in 2019 and 2022 after abuse; health providers routinely take AOB.
assumed-premium,Assumed Premium,,Reinsurance,Reinsurance,Premium a reinsurer receives for risk it takes on from another insurer.,A reinsurer books $10M assumed premium.,Financial statements,"Developers, Product Owners",Advanced,ceded-premium,
attachment-point,Attachment Point,,Reinsurance,"Property, Casualty/Liability, Financial Lines, Reinsurance",The loss amount at which an excess or reinsurance layer starts to pay.,An excess policy attaching at $10M pays once losses exceed $10M.,"Reinsurance contract, Declarations page","Underwriters, Product Owners",Advanced,"layer, retention, excess-insurance",
attained-age,Attained Age,,Underwriting,"Life, Health","The insured's current age, used for premiums that rise with age.",Medigap attained-age pricing rises each year.,Policy document,"Developers, Underwriters",Intermediate,"issue-age, community-rating",
attorney-in-fact,Attorney-in-Fact,,Core Concept,All,The company that manages a reciprocal exchange on behalf of its members.,Erie Indemnity is attorney-in-fact for Erie Insurance Exchange.,,Product Owners,Advanced,reciprocal-exchange,
auditable-policy,Auditable Policy,,Lifecycle,"Casualty/Liability, Commercial",A policy whose final premium is determined by an audit after it ends.,Workers' comp and GL on payroll or sales basis are auditable.,Policy administration system,"Developers, Underwriters",Intermediate,"premium-audit, deposit-premium",
auto-adjudication,Auto-Adjudication,,Technology,All,Automatic processing of claims by a system without human review.,90% of routine doctor visit claims are auto-adjudicated.,Claims system,"Developers, Product Owners",Intermediate,"claim-adjudication, straight-through-processing",
automatic-coverage,Automatic Coverage,Newly Acquired Coverage,Policy Wording,"Property, Motor, Commercial",Temporary coverage for newly acquired property until you report it to the insurer.,A new car is covered for 14–30 days until you add it.,Policy document,"Individuals, Underwriters",Intermediate,endorsement,
automatic-premium-loan,Automatic Premium Loan,APL,Line-Specific,Life,A feature that automatically borrows from cash value to pay a missed premium to prevent lapse.,A missed payment is covered by an APL.,Policy document,"Individuals, Developers",Intermediate,"policy-loan, nonforfeiture-options",
average,Average,Condition of Average,Policy Wording,"Property, Marine/Aviation/Transit","A clause, similar to coinsurance, that cuts claim payments proportionally when property is underinsured.",Marine cargo underinsured by half receives half of the loss.,Policy document,Underwriters,Advanced,"coinsurance-clause, underinsurance, general-average",Common in marine and London-market wordings used in the US.
average-annual-loss,Average Annual Loss,AAL,Finance & Actuarial,"Property, Reinsurance","The expected yearly loss from catastrophes, averaged over many simulated years.",A portfolio's hurricane AAL is $12M.,Financial statements,"Developers, Product Owners",Advanced,catastrophe-model,
aviation-insurance,Aviation Insurance,,Line-Specific,"Marine/Aviation/Transit, Specialty",Coverage for aircraft hull damage and liability for passengers and third parties.,An airline insures its fleet.,Policy document,"Underwriters, Product Owners",Intermediate,"hull-insurance, aircraft-liability",
backdating,Backdating,,Lifecycle,Life,Setting a life policy's date earlier than the application date to get a lower age-based premium.,Backdating by 3 months to 'save age'.,Policy administration system,"Developers, Underwriters",Advanced,issue-age,Most states limit backdating to 6 months.
bad-faith,Bad Faith,,Legal/Latin,All,"When an insurer unreasonably fails to meet its duties, such as denying or delaying a valid claim without good reason.","An insurer ignores a reasonable settlement offer within limits, and the insured faces a large judgment.",Claim documents,"Underwriters, Product Owners",Advanced,"unfair-claims-settlement-practices, duty-to-defend, excess-verdict",Bad faith law is state-specific; some states allow extra-contractual and punitive damages.
bail-bond,Bail Bond,,Line-Specific,"Specialty, Financial Lines",A surety bond guaranteeing a defendant will appear in court.,A bail agent posts bond for a defendant's release.,,"Individuals, Underwriters",Intermediate,surety-bond,"Commercial bail is banned or largely eliminated in a few states, such as Illinois, Kentucky, Oregon and Wisconsin."
balance-billing,Balance Billing,,Line-Specific,Health,When a provider bills you for the difference between their charge and the allowed amount.,An out-of-network doctor bills you $120 above what your plan paid.,Explanation of benefits,"Individuals, Developers",Intermediate,"allowed-amount, no-surprises-act, out-of-network",
bancassurance,Bancassurance,,Distribution,"Life, Property",Selling insurance through banks.,A bank offers life insurance to mortgage customers.,,Product Owners,Intermediate,embedded-insurance,"Less common in the US than elsewhere because of historic banking law limits, partly lifted by the Gramm-Leach-Bliley Act (1999)."
base-rate,Base Rate,,Underwriting,All,The starting rate before adjustments for the specific risk's features.,A base rate for a territory is then adjusted for driver age and vehicle type.,Rating engine,"Developers, Underwriters, Product Owners",Intermediate,"rate, rating-factor, rating-algorithm",
basic-form,Basic Form,Basic Causes of Loss,Policy Wording,"Property, Commercial","A property coverage form covering a short list of perils such as fire, lightning, windstorm, hail, explosion and vandalism.",A vacant building insured on a basic form.,Policy document,"Underwriters, Product Owners",Intermediate,"broad-form, special-form, named-perils",
beneficiary,Beneficiary,,Core Concept,"Life, Health, Financial Lines","The person or organization that receives the money when a claim is paid, especially from a life insurance policy.",A husband names his wife as beneficiary of his life policy.,"Application form, Policy document","Individuals, Developers, Underwriters",Beginner,"contingent-beneficiary, primary-beneficiary, policyholder",
benefit-period,Benefit Period,,Line-Specific,"Life, Health","How long benefits are paid, or (in Medicare) the span of a hospital or skilled nursing episode.",An LTD benefit period to age 65.,Policy document,"Individuals, Developers",Intermediate,elimination-period,
betterment,Betterment,,Claims,"Property, Motor",A deduction for when a repair makes property better than before the loss.,New tires installed on a car with worn tires may carry a betterment charge.,Claims system,"Individuals, Underwriters",Intermediate,"depreciation, indemnity",
bid-bond,Bid Bond,,Line-Specific,"Specialty, Financial Lines",A bond guaranteeing that a winning bidder will sign the contract and provide performance and payment bonds.,A contractor submits a bid bond with a public project bid.,Policy document,Underwriters,Intermediate,performance-bond,
billing-system,Billing System,,Technology,All,"Software that manages invoicing, payment plans, collections and commissions for policies.",The billing system issues a cancellation notice after missed payment.,Billing statement,"Developers, Product Owners",Intermediate,"policy-administration-system, installment-plan",
binder,Binder,Cover Note,Lifecycle,All,A temporary written agreement that coverage is in force until the policy is issued.,A 30-day binder given to a mortgage lender at closing.,Policy administration system,"Individuals, Developers, Underwriters",Intermediate,"binding, issuance",State rules limit binder duration (often 90 days).
binding,Binding,Bind,Lifecycle,All,"Putting coverage into effect, often before the formal policy is issued.",Your agent binds coverage at noon so you can drive the new car home.,Policy administration system,"Individuals, Developers, Underwriters, Product Owners",Beginner,"binder, quote, issuance",
binding-authority,Binding Authority,Delegated Authority,Distribution,All,Permission given by an insurer to an agent or MGA to accept risks and issue coverage on its behalf.,An MGA has authority to bind small restaurant policies.,,"Developers, Underwriters, Product Owners",Intermediate,"managing-general-agent, underwriting-authority, binder",
birthday-rule,Birthday Rule,,Claims,Health,"A COB rule: for a child covered by both parents' plans, the plan of the parent whose birthday comes first in the year pays first.","Mom's birthday is March 5, Dad's is July 9, so Mom's plan is primary.",Claims system,"Individuals, Developers",Intermediate,coordination-of-benefits,
blanket-coverage,Blanket Coverage,Blanket Limit,Policy Wording,"Property, Commercial",One limit that applies across multiple locations or types of property instead of separate limits for each.,A $10M blanket limit covering five warehouses.,Declarations page,"Underwriters, Product Owners",Intermediate,"schedule, coinsurance-clause",
blanket-waiver-of-subrogation,Blanket Waiver of Subrogation,,Policy Wording,"Casualty/Liability, Commercial",An endorsement that waives subrogation against anyone the insured agreed in a written contract to waive it for.,A workers' comp policy includes a blanket waiver for all contract clients.,Policy document,Underwriters,Advanced,"waiver-of-subrogation, endorsement",
bodily-injury,Bodily Injury,,Policy Wording,"Casualty/Liability, Motor, Commercial","Physical injury, sickness or disease to a person, including resulting death.",A customer breaks a leg in your store.,Policy document,"Individuals, Underwriters",Beginner,"property-damage, bodily-injury-liability",
bodily-injury-liability,Bodily Injury Liability,BI,Policy Wording,"Casualty/Liability, Motor",Pays for injuries you cause to other people.,You cause a crash; BI pays the other driver's hospital bills.,Declarations page,"Individuals, Developers",Beginner,"property-damage-liability, split-limits",
bona-fide,Bona Fide,,Legal/Latin,All,Latin for 'in good faith'; genuine and without fraud.,A bona fide purchaser bought the car without knowing it was stolen.,Policy document,Underwriters,Intermediate,utmost-good-faith,
book-of-business,Book of Business,Book,Distribution,All,"The set of policies written by an agent, broker or insurer.","An agent's book of 3,000 home and auto policies.",,"Underwriters, Product Owners",Beginner,portfolio,
bordereau,Bordereau,Bordereaux,Technology,All,"A regular report listing policies written or claims paid, sent from an MGA or cedent to an insurer or reinsurer.",An MGA sends a monthly premium bordereau.,"Reinsurance contract, Policy administration system","Developers, Underwriters, Product Owners",Intermediate,"managing-general-agent, delegated-authority-data",
bornhuetter-ferguson-method,Bornhuetter-Ferguson Method,BF Method,Finance & Actuarial,All,"A reserving method that blends expected losses with actual reported losses, useful for recent, immature years.",BF is used for the latest accident year where data is thin.,Financial statements,Developers,Advanced,"chain-ladder-method, ibnr",
breach-response,Breach Response Costs,First-Party Cyber,Policy Wording,"Specialty, Financial Lines","Costs to handle a data breach, like forensics, legal advice, notifying customers and credit monitoring.","Notifying 50,000 customers after a hack.",Policy document,"Underwriters, Product Owners",Intermediate,cyber-insurance,
broad-form,Broad Form,Broad Causes of Loss,Policy Wording,"Property, Commercial","A property coverage form covering the basic perils plus extra ones like falling objects, weight of ice and snow, and water damage.",An HO-2 policy is a broad form.,Policy document,"Underwriters, Product Owners",Intermediate,"basic-form, special-form",
broker,Broker,Insurance Broker,Distribution,All,A licensed intermediary who represents the buyer and places coverage with insurers.,A large business uses a broker to build its insurance program.,Agent/broker communications,"Individuals, Developers, Underwriters, Product Owners",Beginner,"insurance-agent, wholesale-broker, broker-of-record",In many states 'broker' and 'agent' are both licensed as producers; the legal distinction varies.
broker-of-record,Broker of Record,BOR; Agent of Record,Distribution,"Property, Casualty/Liability, Commercial, Financial Lines",The broker officially authorized by the client to handle its account with an insurer.,A client signs a BOR letter switching to a new broker.,Agent/broker communications,"Developers, Underwriters",Intermediate,"broker, clearance",
builders-risk,Builders Risk,Course of Construction,Line-Specific,"Property, Commercial","Covers buildings under construction against damage like fire, theft and wind.",Covers a half-built apartment building damaged by fire.,Policy document,"Underwriters, Product Owners",Intermediate,"inland-marine-insurance, commercial-property-insurance",
bulk-reserve,Bulk Reserve,IBNER; Incurred But Not Enough Reported,Finance & Actuarial,All,"A reserve for expected increases in claims already reported, beyond their case reserves.",Adding $2M because case reserves on old claims tend to grow.,Financial statements,"Developers, Product Owners",Advanced,"ibnr, claim-reserve",
business-associate-agreement,Business Associate Agreement,BAA,Regulation,Health,A contract required by HIPAA when a vendor handles PHI for a health plan or provider.,A cloud vendor signs a BAA with a health insurer.,,"Developers, Product Owners",Advanced,"hipaa, protected-health-information",
business-interruption-insurance,Business Interruption Insurance,Business Income; BI; Loss of Income,Line-Specific,"Property, Commercial",Covers lost income and ongoing expenses when a business must close due to covered property damage.,A restaurant closed 3 months after a fire gets lost profits paid.,Policy document,"Individuals, Underwriters, Product Owners",Intermediate,"extra-expense, period-of-restoration, contingent-business-interruption, direct-physical-loss",
business-owners-policy,Business Owners Policy,BOP,Line-Specific,"Property, Casualty/Liability, Commercial","A package policy for small businesses combining property, liability and business income coverage.",A small accounting firm buys a BOP.,Policy document,"Individuals, Developers, Underwriters, Product Owners",Beginner,"commercial-general-liability, commercial-property-insurance",
buy-sell-agreement,Buy-Sell Agreement,,Line-Specific,"Life, Commercial","A contract for owners to buy a deceased owner's share of a business, often funded with life insurance.",Partners each own a policy on the other.,,"Underwriters, Product Owners",Advanced,key-person-insurance,
calendar-year,Calendar Year,,Finance & Actuarial,All,"Grouping of financial transactions by the year they were recorded, regardless of when the policy or accident happened.",Calendar year 2025 losses include reserve changes on older claims.,Financial statements,"Developers, Product Owners",Advanced,"accident-year, policy-year",
california-earthquake-authority,California Earthquake Authority,CEA,Regulation,"Property, Social/Government","A publicly managed, privately funded entity that sells residential earthquake insurance through participating insurers.",You buy a CEA policy through your home insurer.,,"Individuals, Underwriters",Intermediate,earthquake-insurance,
cancel-for-any-reason,Cancel for Any Reason,CFAR,Policy Wording,Specialty,"Optional travel coverage letting you cancel for any reason, usually refunding 50–75% of costs.",You decide not to go and recover 75%.,Policy document,Individuals,Intermediate,trip-cancellation,
cancellation,Cancellation,,Lifecycle,All,"Ending a policy before its expiration date, either by the policyholder or the insurer.",You cancel your auto policy when you sell your car.,"Policy administration system, Policy document","Individuals, Developers, Underwriters, Product Owners",Beginner,"non-renewal, pro-rata-cancellation, short-rate-cancellation, flat-cancellation",States limit insurer cancellation after 60 days of a personal lines policy to reasons like non-payment or fraud.
cancellation-clause,Cancellation Clause,,Policy Wording,All,The part of the policy explaining how and when you or the insurer can cancel and how refunds work.,The insurer must give 10 days' notice if cancelling for non-payment.,Policy document,"Individuals, Developers, Underwriters",Intermediate,"cancellation, non-renewal, pro-rata-cancellation",State law sets minimum notice periods and allowed reasons for insurer cancellation.
cap-rate,Cap Rate,,Line-Specific,Life,The maximum interest rate an indexed product can credit in a period.,The index rose 15% but the cap limits credit to 10%.,Policy document,"Individuals, Developers, Underwriters",Advanced,"participation-rate, floor-rate, indexed-universal-life",
capacity,Capacity,,Underwriting,All,"The amount of insurance an insurer or market is able and willing to write, limited by capital and appetite.","After a big hurricane season, property capacity in Florida shrinks.","Underwriting system, Agent/broker communications","Underwriters, Product Owners",Advanced,"risk-appetite, hard-market, reinsurance",
capitation,Capitation,,Finance & Actuarial,Health,Paying a provider a fixed amount per member per month regardless of how much care is used.,A clinic gets $40 per member per month.,Financial statements,"Developers, Product Owners",Advanced,per-member-per-month,
captive-agent,Captive Agent,Exclusive Agent; Tied Agent,Distribution,All,An agent who sells for only one insurance company.,An Allstate agent who sells only Allstate products.,,"Individuals, Underwriters, Product Owners",Beginner,"independent-agent, insurance-agent",
captive-insurance-company,Captive Insurance Company,Captive,Core Concept,"Commercial, Alternative Risk Transfer",An insurance company owned by the business or group it insures.,A hospital system forms a captive for its malpractice risk.,,"Underwriters, Product Owners",Intermediate,"alternative-risk-transfer, fronting, self-insurance","Vermont, Utah, Delaware, North Carolina and others are popular domiciles; 831(b) micro-captives face IRS scrutiny."
cargo-insurance,Cargo Insurance,Marine Cargo,Line-Specific,Marine/Aviation/Transit,"Covers goods in transit by sea, air or land.",Coffee damaged by seawater during shipping.,Policy document,"Underwriters, Product Owners",Intermediate,"ocean-marine-insurance, institute-cargo-clauses, warehouse-to-warehouse",
case-reserve-development,Case Reserve Development,,Finance & Actuarial,All,Changes in case reserves on known claims over time.,Case reserves on 2022 claims rose 8% this year.,Financial statements,"Developers, Product Owners",Advanced,"reserve-development, claim-reserve",
cash-surrender-value,Cash Surrender Value,Surrender Value,Line-Specific,Life,"The amount you get if you cancel a permanent policy, which is cash value minus surrender charges and loans.","Surrendering pays $35,000 after a $5,000 surrender charge.",Policy document,"Individuals, Developers, Underwriters",Intermediate,"cash-value, surrender-charge, nonforfeiture-options",
cash-value,Cash Value,Policy Value; Account Value,Line-Specific,Life,The savings portion of a permanent life policy that grows over time and can be borrowed or withdrawn.,"After 20 years your whole life policy has $40,000 cash value.","Policy document, Billing statement","Individuals, Developers, Underwriters",Beginner,"cash-surrender-value, policy-loan, permanent-life-insurance",
casualty-insurance,Casualty Insurance,,Core Concept,"Casualty/Liability, Motor, Commercial","Insurance mainly concerned with legal liability for injuries and damage to others, plus workers' comp.","GL, auto liability and workers' comp are casualty lines.",,"Underwriters, Product Owners",Beginner,"property-and-casualty, liability",
catastrophe,Catastrophe,CAT,Core Concept,"Property, Commercial, Agriculture, Reinsurance","A single event, such as a hurricane or earthquake, that causes very large losses for many policyholders at once.",Hurricane Ian caused billions in insured losses.,"Financial statements, Claims system","Developers, Underwriters, Product Owners",Intermediate,"catastrophe-model, probable-maximum-loss, catastrophe-bond, pcs-catastrophe",
catastrophe-adjuster,Catastrophe Adjuster,CAT Adjuster,Claims,"Property, Agriculture",An adjuster who travels to disaster areas to handle large volumes of claims.,CAT adjusters work storm claims for weeks after a hurricane.,Claims system,Underwriters,Intermediate,"independent-adjuster, catastrophe",Many states issue emergency adjuster licenses after disasters.
catastrophe-bond,Catastrophe Bond,Cat Bond,Finance & Actuarial,"Reinsurance, Alternative Risk Transfer","A bond that pays investors interest but loses principal if a specified disaster occurs, giving the issuer money to pay claims.",Investors lose their principal after a qualifying California earthquake.,Financial statements,"Developers, Product Owners",Advanced,"insurance-linked-securities, parametric-trigger",
catastrophe-excess-of-loss,Catastrophe Excess of Loss,Cat XL; Cat Treaty,Reinsurance,"Property, Reinsurance",Reinsurance protecting against the total of many losses from one catastrophe event.,Pays hurricane losses above $100M up to $500M.,Reinsurance contract,"Underwriters, Product Owners",Advanced,"excess-of-loss, catastrophe, hours-clause",
catastrophe-model,Catastrophe Model,Cat Model,Finance & Actuarial,"Property, Commercial, Agriculture, Reinsurance",Software that simulates thousands of possible disasters to estimate potential losses.,A hurricane model estimates a 1-in-100-year loss of $500M.,"Financial statements, Underwriting system","Developers, Underwriters, Product Owners",Advanced,"probable-maximum-loss, catastrophe, exceedance-probability",Florida reviews hurricane models through its Commission on Hurricane Loss Projection Methodology.
catastrophic-plan,Catastrophic Plan,,Line-Specific,Health,"A low-premium, very high-deductible ACA plan for people under 30 or with a hardship exemption.",A 25-year-old buys a catastrophic plan.,Policy document,"Individuals, Product Owners",Intermediate,metal-tiers,
caveat-emptor,Caveat Emptor,,Legal/Latin,All,Latin for 'let the buyer beware'. It is the opposite of utmost good faith and does not apply to insurance.,"Unlike used car sales, insurance does not follow caveat emptor.",,Underwriters,Intermediate,utmost-good-faith,
ceded-premium,Ceded Premium,,Reinsurance,Reinsurance,The premium an insurer pays to its reinsurers.,$10M ceded to reinsurers this year.,Financial statements,"Developers, Product Owners",Intermediate,"cession, net-written-premium, assumed-premium",
ceding-commission,Ceding Commission,,Reinsurance,Reinsurance,A payment from the reinsurer to the ceding insurer to cover its acquisition costs on ceded business.,A 30% ceding commission on a quota share.,"Reinsurance contract, Financial statements","Developers, Product Owners",Advanced,"quota-share, profit-commission",
ceding-company,Ceding Company,Cedent; Reinsured,Reinsurance,Reinsurance,The insurer that transfers (cedes) part of its risk to a reinsurer.,A regional insurer cedes 40% of its property risk.,Reinsurance contract,"Underwriters, Product Owners",Intermediate,"reinsurance, reinsurer, cession",
certificate-of-coverage,Certificate of Coverage,Certificate of Insurance (Group),Policy Wording,"Life, Health",A document given to each member of a group plan describing their coverage under the master policy.,You receive a certificate describing your group life benefit.,Policy document,"Individuals, Developers",Intermediate,"master-policy, group-insurance",
certificate-of-insurance,Certificate of Insurance,COI; ACORD 25,Distribution,"Property, Casualty/Liability, Commercial","A document proving a business has insurance, often required by clients or landlords. It does not change the policy.",A contractor gives a COI to a homeowner before starting work.,Agent/broker communications,"Developers, Underwriters, Product Owners",Beginner,"additional-insured, acord-forms",Several states restrict altering standard certificate forms.
certified-reinsurer,Certified Reinsurer,Reciprocal Jurisdiction Reinsurer,Regulation,Reinsurance,A non-US reinsurer approved by a state to post reduced collateral.,A Bermuda reinsurer qualifies for reduced collateral.,Regulatory filings,Product Owners,Advanced,credit-for-reinsurance,
cession,Cession,Ceded,Reinsurance,Reinsurance,The part of a risk or premium passed to a reinsurer.,Ceding 30% of each policy to the reinsurer.,Reinsurance contract,"Developers, Underwriters, Product Owners",Intermediate,"ceding-company, ceded-premium",
chain-ladder-method,Chain Ladder Method,Development Method,Finance & Actuarial,All,A reserving method that projects ultimate losses by applying historical development factors to current losses.,Reserving actuaries run chain ladder on paid and incurred triangles.,Financial statements,Developers,Advanced,"loss-development-triangle, bornhuetter-ferguson-method",
chargeback,Chargeback,Commission Chargeback,Distribution,"Life, Health",Taking back commission from an agent when a policy lapses or is cancelled early.,An agent repays part of the commission after the policy lapses in month 4.,Financial statements,"Developers, Product Owners",Intermediate,"commission, lapse",
charterers-liability,Charterer's Liability,,Line-Specific,Marine/Aviation/Transit,Covers liabilities of those who charter (rent) a vessel.,A charterer damages a ship by overloading it.,Policy document,Underwriters,Advanced,protection-and-indemnity,
chip,CHIP,Children's Health Insurance Program,Line-Specific,"Health, Social/Government",A federal-state program providing low-cost health coverage for children in families that earn too much for Medicaid.,A family's kids are covered by CHIP.,,"Individuals, Product Owners",Intermediate,medicaid,
chronic-illness-rider,Chronic Illness Rider,,Line-Specific,Life,A rider paying part of the death benefit if you can't perform two of six activities of daily living or have severe cognitive impairment.,Dementia triggers monthly payments from the rider.,Policy document,"Individuals, Underwriters",Advanced,"accelerated-death-benefit-rider, activities-of-daily-living",
churning,Churning,,Regulation,Life,"Repeatedly replacing policies, often with the same insurer, mainly to generate new commissions.",An agent replaces a client's annuity three times in five years.,Regulatory filings,"Underwriters, Product Owners",Intermediate,"twisting, replacement",
citizens-property-insurance,Citizens Property Insurance Corporation,Citizens,Regulation,Property,"Florida's state-created, not-for-profit insurer of last resort for property.",A Florida homeowner is placed with Citizens after private insurers leave.,Regulatory filings,"Individuals, Underwriters",Intermediate,"fair-plan, residual-market",Similar state entities exist in Louisiana; Texas has TWIA for wind.
civil-authority-coverage,Civil Authority Coverage,,Policy Wording,"Property, Commercial",Business income coverage when government orders block access to your premises due to nearby covered damage.,Police close your street after a nearby explosion.,Policy document,Underwriters,Advanced,business-interruption-insurance,
claim,Claim,,Claims,All,"A request to the insurer for payment under a policy after a loss, or a demand against an insured by someone they harmed.",You file a claim for storm damage to your roof.,"Claim documents, Claims system","Individuals, Developers, Underwriters, Product Owners",Beginner,"first-notice-of-loss, claimant, claim-settlement",
claim-adjudication,Claim Adjudication,Adjudication,Claims,Health,"Deciding how much of a health claim the plan will pay based on coverage, network and cost sharing.","A $1,000 bill is adjudicated to a $600 allowed amount with $120 patient coinsurance.","Claims system, Explanation of benefits","Developers, Underwriters",Intermediate,"explanation-of-benefits, allowed-amount, auto-adjudication",
claim-denial,Claim Denial,Declination of Coverage; Denial Letter,Claims,All,"The insurer's decision not to pay a claim, with reasons.",A flood claim is denied under a home policy's flood exclusion.,Claim documents,"Individuals, Developers, Underwriters",Beginner,"exclusion, reservation-of-rights, appeal",States require written denial with reasons and time limits under unfair claims practices laws.
claim-investigation,Claim Investigation,,Claims,All,"Gathering facts, statements and evidence to determine whether and how much to pay on a claim.",Collecting a police report and witness statements.,Claims system,"Developers, Underwriters",Beginner,"claims-adjuster, recorded-statement",
claim-number,Claim Number,,Technology,All,A unique reference number assigned to a claim.,Quote claim number 00-123456 when calling.,"Claim documents, Claims system","Individuals, Developers",Beginner,"claim, policy-number",
claim-reserve,Claim Reserve,Case Reserve,Finance & Actuarial,All,The amount set aside by the insurer to pay a claim that is still open.,"The adjuster sets a $50,000 reserve on a bodily injury claim.","Claims system, Financial statements","Developers, Underwriters, Product Owners",Intermediate,"reserves, ibnr, reserve-development",
claim-settlement,Claim Settlement,Settlement,Claims,All,The final agreement and payment that resolves a claim.,"You accept $12,000 to settle your car claim.","Claim documents, Claims system","Individuals, Developers, Underwriters",Beginner,"claim, release",
claimant,Claimant,,Claims,All,The person or organization making a claim.,A pedestrian hit by your car is the claimant on your liability claim.,"Claim documents, Claims system","Individuals, Developers, Underwriters",Beginner,"claim, third-party",
claims-adjuster,Claims Adjuster,Adjuster; Claims Handler; Claims Examiner,Claims,All,"A person who investigates a claim, determines coverage and decides how much to pay.",An adjuster inspects your hail-damaged roof.,"Claim documents, Claims system","Individuals, Developers, Underwriters, Product Owners",Beginner,"independent-adjuster, public-adjuster, staff-adjuster",Adjusters must be licensed in most states.
claim-leakage,Claims Leakage,,Claims,All,"Money lost through inefficient claims handling, such as overpayment or missed recoveries.",Failing to pursue subrogation causes leakage.,Claims system,"Developers, Underwriters, Product Owners",Advanced,"claim-settlement, recovery",
claims-management-system,Claims Management System,Claims System,Technology,All,Software that manages claims from first notice through payment and closure.,Guidewire ClaimCenter tracks reserves and payments.,Claims system,"Developers, Underwriters, Product Owners",Intermediate,"first-notice-of-loss, policy-administration-system",
claims-made-policy,Claims-Made Policy,,Policy Wording,"Casualty/Liability, Specialty, Financial Lines","A policy that covers claims first made against you during the policy period, for incidents after the retroactive date.",A lawyer's malpractice policy responds to a suit filed this year about work done two years ago.,"Policy document, Declarations page","Developers, Underwriters, Product Owners",Advanced,"occurrence-policy, retroactive-date, extended-reporting-period",
class-code,Class Code,Classification Code,Underwriting,"Casualty/Liability, Commercial","A code describing a business's type of work, used to set rates for workers' comp and GL.",Class 8810 (clerical) has a much lower rate than roofing.,"Rating engine, Declarations page","Developers, Underwriters",Intermediate,"ncci, workers-compensation-insurance, naics-code",
classic-car-insurance,Classic Car Insurance,Collector Car Insurance,Line-Specific,Motor,"Insurance for collector vehicles, often on an agreed value basis with mileage limits.","A 1967 Mustang insured for $55,000 agreed value.",Policy document,"Individuals, Underwriters",Intermediate,agreed-value,
clean-claim,Clean Claim,,Claims,Health,A health claim that has all the information needed and can be processed without more investigation.,A correctly coded claim with patient and provider IDs.,Claims system,"Developers, Underwriters",Intermediate,"prompt-pay-law, claim-adjudication",
clearance,Clearance,Submission Clearance,Underwriting,"Property, Casualty/Liability, Commercial, Specialty, Financial Lines",Checking whether an insurer has already received a submission for the same client from another broker.,The system flags a duplicate submission and blocks the second broker.,"Underwriting system, Policy administration system","Developers, Underwriters",Advanced,"submission, broker-of-record",
clearinghouse,Clearinghouse,Healthcare Clearinghouse,Technology,Health,A company that checks and forwards electronic health claims between providers and insurers.,A clinic sends all claims through a clearinghouse.,,Developers,Intermediate,edi-837,
clue-report,CLUE Report,Comprehensive Loss Underwriting Exchange,Underwriting,"Property, Motor",A LexisNexis database report of past auto and home claims used by insurers when underwriting.,An insurer sees a prior water claim on a house's CLUE report.,Underwriting system,"Individuals, Developers, Underwriters",Intermediate,"loss-history, a-plus-report",Consumers can get a free copy yearly under the Fair Credit Reporting Act.
cms,CMS,Centers for Medicare & Medicaid Services,Regulation,"Health, Social/Government","The federal agency that runs Medicare, works with states on Medicaid and oversees parts of the ACA.",CMS approves Medicare Advantage plans.,Regulatory filings,"Developers, Product Owners",Intermediate,"medicare, medicaid",
cms-1500,CMS-1500,HCFA-1500; 837P,Technology,Health,The standard claim form (and its electronic 837P equivalent) used by doctors and other professionals to bill health plans.,A clinic submits an 837P electronic claim.,Claim documents,Developers,Advanced,"ub-04, edi-837",
cobra,COBRA,Consolidated Omnibus Budget Reconciliation Act,Regulation,Health,"A federal law letting you keep your employer group health coverage for a time after leaving a job, usually paying the full premium plus 2%.",You keep your plan for 18 months after being laid off.,Regulatory filings,"Individuals, Developers, Product Owners",Intermediate,"continuation-coverage, employer-sponsored-insurance",Applies to employers with 20+ employees; many states have 'mini-COBRA' laws for smaller employers.
coinsurance-health,Coinsurance (Health),Coinsurance,Line-Specific,Health,"Your share of the cost of a covered service as a percentage, after the deductible is met.","With 20% coinsurance on a $1,000 bill, you pay $200.","Explanation of benefits, Policy document","Individuals, Developers, Product Owners",Beginner,"copayment, deductible, out-of-pocket-maximum, coinsurance-clause",Not the same as the property coinsurance clause.
coinsurance-clause,Coinsurance Clause,Coinsurance Penalty,Policy Wording,"Property, Commercial",A property policy rule that reduces your claim payment if you insure for less than a set percentage (often 80%) of the property's value.,"Insuring a $1M building for $600,000 with an 80% clause means a claim is paid at 600/800 of the loss.",Policy document,"Developers, Underwriters, Product Owners",Advanced,"underinsurance, insurance-to-value, average",
collateralized-reinsurance,Collateralized Reinsurance,,Reinsurance,"Reinsurance, Alternative Risk Transfer","Reinsurance fully backed by cash or securities held in trust, often from capital market investors.",A fund posts $100M collateral to back a reinsurance limit.,Reinsurance contract,Product Owners,Advanced,insurance-linked-securities,
collision-coverage,Collision Coverage,,Policy Wording,Motor,"Pays for damage to your car from hitting another car or object, or from rolling over.",Your car hits a pole; collision pays after the deductible.,Declarations page,"Individuals, Developers",Beginner,"comprehensive-coverage, deductible","Optional by law, but usually required by lenders."
combined-ratio,Combined Ratio,,Finance & Actuarial,All,Loss ratio plus expense ratio. Under 100% means an underwriting profit; over 100% means an underwriting loss.,A 60% loss ratio plus 35% expense ratio equals 95%.,Financial statements,"Developers, Underwriters, Product Owners",Beginner,"loss-ratio, expense-ratio, underwriting-profit",
combined-single-limit,Combined Single Limit,CSL,Policy Wording,"Casualty/Liability, Motor",One limit covering bodily injury and property damage together per accident.,"A $500,000 CSL for all liability from one crash.",Declarations page,"Individuals, Underwriters",Intermediate,"split-limits, limit-of-liability",
commercial-auto-insurance,Commercial Auto Insurance,Business Auto; BAP,Line-Specific,"Motor, Commercial","Insurance for vehicles used for business, covering liability and physical damage.",A plumber's work van.,Policy document,"Individuals, Developers, Underwriters, Product Owners",Beginner,"hired-and-non-owned-auto, covered-auto-symbols, motor-carrier",
commercial-general-liability,Commercial General Liability,CGL; General Liability; GL,Line-Specific,"Casualty/Liability, Commercial","Business insurance covering injuries to others, damage to their property, and personal and advertising injury caused by the business.",A customer slips in your store; CGL pays.,Policy document,"Individuals, Developers, Underwriters, Product Owners",Beginner,"occurrence-policy, products-completed-operations, personal-and-advertising-injury",ISO form CG 00 01 is the standard occurrence form.
commercial-lines,Commercial Lines,,Core Concept,"Property, Casualty/Liability, Commercial",Insurance for businesses and organizations.,General liability and workers' comp are commercial lines.,,"Developers, Underwriters, Product Owners",Beginner,personal-lines,
commercial-package-policy,Commercial Package Policy,CPP,Line-Specific,"Property, Casualty/Liability, Commercial","A policy combining two or more commercial coverage parts, like property, GL and inland marine.","A manufacturer's CPP includes property, GL and crime.",Policy document,"Developers, Underwriters, Product Owners",Intermediate,"coverage-part, business-owners-policy",
commercial-property-insurance,Commercial Property Insurance,,Line-Specific,"Property, Commercial","Covers a business's buildings, equipment, inventory and other property.",A bakery's ovens and building damaged by fire.,Policy document,"Individuals, Developers, Underwriters, Product Owners",Beginner,"business-interruption-insurance, special-form, coinsurance-clause",
commission,Commission,,Distribution,All,"Payment to an agent or broker, usually a percentage of premium, for selling a policy.","A 15% commission on a $2,000 policy is $300.","Agent/broker communications, Financial statements","Developers, Underwriters, Product Owners",Beginner,"contingent-commission, override, expense-ratio",
community-rating,Community Rating,,Underwriting,Health,"Charging everyone in an area the same base premium, regardless of health; ACA allows adjustments only for age, location, tobacco and family size.",Two 40-year-olds in the same area pay the same regardless of health.,Rating engine,"Developers, Underwriters, Product Owners",Advanced,"medical-underwriting, attained-age",
comparative-negligence,Comparative Negligence,Comparative Fault,Legal/Latin,"Casualty/Liability, Motor",A rule that reduces the money you can recover by the percentage you were at fault.,"You are 20% at fault in a crash with $10,000 of damage, so you recover $8,000.",Claim documents,"Individuals, Underwriters",Intermediate,"contributory-negligence, negligence, liability",Most states use pure or modified comparative negligence; a few use contributory negligence.
comparative-rater,Comparative Rater,,Technology,"Property, Motor",Software that lets agents enter data once and get quotes from multiple insurers.,An independent agent runs one rater for 8 carriers.,Quote,"Developers, Product Owners",Intermediate,"agency-management-system, aggregator",
compensatory-damages,Compensatory Damages,,Legal/Latin,"Casualty/Liability, Motor, Commercial","Money awarded to repay actual losses, such as medical bills, lost wages and pain and suffering.","An injured worker gets $50,000 for medical bills and lost pay.",Claim documents,Underwriters,Intermediate,"damages, punitive-damages, general-damages",
state-fund,Competitive State Fund,,Regulation,"Commercial, Social/Government","A state-created workers' comp insurer that competes with private insurers, often as a market of last resort.",California's State Compensation Insurance Fund.,Regulatory filings,"Underwriters, Product Owners",Advanced,"monopolistic-state-fund, residual-market",
comprehensive-coverage,Comprehensive Coverage,Other Than Collision; OTC,Policy Wording,Motor,"Pays for damage to your car from causes other than collision, like theft, hail, fire, flood or hitting an animal.",Hail dents your car; comprehensive pays.,Declarations page,"Individuals, Developers",Beginner,"collision-coverage, glass-coverage",
compulsory-insurance,Compulsory Insurance,Mandatory Insurance,Regulation,"Motor, Commercial","Insurance required by law, such as auto liability or workers' compensation.",Your state requires 25/50/25 auto liability.,Regulatory filings,"Individuals, Product Owners",Beginner,"financial-responsibility-law, workers-compensation-insurance",
concealment,Concealment,Non-Disclosure,Underwriting,All,Deliberately hiding a material fact from the insurer.,Not mentioning a prior home fire when asked about past losses.,Application form,"Individuals, Underwriters",Intermediate,"misrepresentation, material-fact, utmost-good-faith",
concurrent-causation,Concurrent Causation,,Legal/Latin,Property,"When two or more causes, one covered and one excluded, combine to cause a loss.",Wind (covered) and storm surge (excluded) both damage a house.,Policy document,Underwriters,Advanced,"proximate-cause, anti-concurrent-causation-clause",
condition-precedent,Condition Precedent,,Legal/Latin,All,Something that must happen before the insurer has to pay.,Submitting a proof of loss is a condition precedent to payment.,Policy document,Underwriters,Advanced,"conditions, proof-of-loss",
conditional-contract,Conditional Contract,,Legal/Latin,All,"A contract where the insurer's duty to pay depends on the insured meeting certain conditions, like reporting claims promptly.",Failing to report a loss in time can let the insurer deny payment.,Policy document,Underwriters,Advanced,"conditions, notice-of-loss",
conditional-renewal,Conditional Renewal,,Lifecycle,"Property, Motor, Commercial","A renewal offered with changed terms, such as higher deductible or reduced coverage.",The insurer renews but raises your wind deductible to 2%.,Renewal notice,"Individuals, Underwriters",Intermediate,"renewal, non-renewal",Many states require advance written notice of conditional renewal.
conditions,Conditions,,Policy Wording,All,"The rules and duties both you and the insurer must follow for the policy to work, such as reporting claims promptly.",You must notify the insurer 'as soon as practicable' after a loss.,Policy document,"Individuals, Underwriters, Product Owners",Beginner,"insuring-agreement, notice-of-loss, duties-after-loss",
master-policy-condo,Condo Master Policy,HOA Master Policy,Line-Specific,"Property, Commercial",The policy bought by a condo association to cover common areas and often the building structure.,The HOA master policy covers the roof and hallways.,Policy document,"Individuals, Underwriters",Intermediate,"ho-6, loss-assessment-coverage",Florida and other states set condo association insurance requirements.
construction-type,Construction Type,Construction Class,Underwriting,"Property, Commercial","How a building is built, such as frame, masonry or fire-resistive, which affects fire risk.",A frame (wood) house costs more to insure than a masonry one.,"Underwriting system, Rating engine","Developers, Underwriters",Intermediate,"cope, occupancy",ISO uses construction classes 1 through 6.
constructive-total-loss,Constructive Total Loss,CTL,Claims,"Property, Motor, Marine/Aviation/Transit","When repairing or recovering property would cost more than it is worth, so it's treated as a total loss.",A sunk ship that would cost more to raise than it's worth.,Claims system,Underwriters,Advanced,"total-loss, abandonment",
consumer-complaint,Consumer Complaint,,Regulation,All,A formal complaint by a policyholder to the state insurance department about an insurer or agent.,You complain that your claim hasn't been paid in 60 days.,Regulatory filings,"Individuals, Product Owners",Beginner,"state-department-of-insurance, market-conduct-examination",The NAIC publishes complaint indexes by insurer.
contestable-period,Contestable Period,,Underwriting,"Life, Health","The period, usually the first two years, during which the insurer can investigate and contest a life policy for misstatements.",A death in year one triggers a review of the application.,Policy document,"Individuals, Underwriters",Intermediate,"incontestability-clause, rescission",
contingent-beneficiary,Contingent Beneficiary,Secondary Beneficiary,Line-Specific,Life,The person who receives the benefit if the primary beneficiary has died or can't receive it.,Your children are contingent beneficiaries.,"Application form, Policy document","Individuals, Developers",Beginner,"beneficiary, primary-beneficiary",
contingent-business-interruption,Contingent Business Interruption,CBI; Dependent Properties,Policy Wording,"Property, Commercial",Covers lost income caused by damage at a key supplier's or customer's property.,Your main supplier's factory burns and you can't produce.,Policy document,"Underwriters, Product Owners",Advanced,business-interruption-insurance,
contingent-commission,Contingent Commission,Profit Commission; Bonus Commission,Distribution,All,Extra commission paid to an agent based on the profitability or volume of the business they place.,An agency earns a bonus because its loss ratio was below 50%.,Agent/broker communications,"Underwriters, Product Owners",Advanced,commission,Some states require disclosure of contingent commissions.
continuation-coverage,Continuation Coverage,,Line-Specific,Health,"Continuing group health coverage after it would otherwise end, such as through COBRA or state law.",Your spouse continues coverage after divorce.,Policy document,"Individuals, Developers",Intermediate,"cobra, portability",
contra-proferentem,Contra Proferentem,Contra Proferentem Rule,Legal/Latin,All,"Latin for 'against the offeror'. Unclear wording in a contract is interpreted against the party who wrote it, usually the insurer.",A court reads an unclear exclusion in the policyholder's favor.,Policy document,"Underwriters, Product Owners",Advanced,"contract-of-adhesion, ambiguity",US courts widely apply this rule because policies are usually drafted by insurers.
contract-of-adhesion,Contract of Adhesion,Adhesion Contract,Legal/Latin,All,"A take-it-or-leave-it contract written by one party. Insurance policies are usually treated this way, so unclear wording favors the insured.",You can't negotiate the wording of your standard auto policy.,Policy document,"Underwriters, Product Owners",Advanced,"contra-proferentem, ambiguity",
contractors-equipment,Contractors' Equipment Floater,,Line-Specific,"Commercial, Marine/Aviation/Transit",Inland marine coverage for mobile tools and heavy equipment wherever they are.,A stolen excavator from a job site is covered.,Policy document,Underwriters,Intermediate,inland-marine-insurance,
contractual-liability,Contractual Liability,Insured Contract,Policy Wording,"Casualty/Liability, Commercial",Liability you take on by agreeing in a contract to cover someone else's legal responsibility.,A lease makes you responsible for injuries in the building.,Policy document,Underwriters,Advanced,"hold-harmless-agreement, commercial-general-liability",
contribution,Contribution,Other Insurance,Core Concept,"Property, Casualty/Liability, Commercial","When more than one policy covers the same loss, the insurers share the cost instead of paying twice.","Two home policies each covering a painting split a $5,000 theft loss.",Policy document,"Underwriters, Product Owners",Intermediate,"other-insurance-clause, indemnity, pro-rata",
contributory-negligence,Contributory Negligence,,Legal/Latin,"Casualty/Liability, Motor",An older rule that bars you from recovering anything if you were even slightly at fault.,A plaintiff 5% at fault gets nothing under contributory negligence.,Claim documents,Underwriters,Advanced,"comparative-negligence, negligence","Still used in a handful of jurisdictions (e.g., Alabama, Maryland, North Carolina, Virginia and D.C.)."
conversion-right,Conversion Right,,Line-Specific,"Life, Health",The right to convert group coverage to an individual policy without proving good health.,"After leaving your job, you convert group life to individual whole life within 31 days.",Policy document,"Individuals, Underwriters",Intermediate,"portability, convertible-term",
convertible-term,Convertible Term,Conversion Privilege,Line-Specific,Life,A term policy that lets you switch to permanent insurance without new medical exams.,You convert your term policy to whole life after a cancer diagnosis.,Policy document,"Individuals, Underwriters",Intermediate,"term-life-insurance, permanent-life-insurance",
cooperation-clause,Cooperation Clause,,Policy Wording,"Casualty/Liability, Commercial, Financial Lines",A condition requiring you to help the insurer investigate and defend claims.,You must attend depositions in a lawsuit your insurer is defending.,Policy document,Underwriters,Intermediate,"conditions, duty-to-defend",
coordination-of-benefits,Coordination of Benefits,COB,Claims,"Health, Motor","Rules that decide which plan pays first when you are covered by more than one plan, so total payments don't exceed the bill.",Your plan pays first and your spouse's plan pays some of what is left.,"Explanation of benefits, Claims system","Individuals, Developers, Underwriters",Intermediate,"primary-insurance, birthday-rule, other-insurance-clause",NAIC model rules are used by states; Medicare has its own secondary payer rules.
copayment,Copayment,Copay,Line-Specific,Health,"A fixed amount you pay for a covered service, like a doctor visit or prescription.",A $25 copay for each doctor visit.,"Insurance ID card, Explanation of benefits, Policy document","Individuals, Developers, Product Owners",Beginner,"coinsurance-health, deductible, cost-sharing",
cope,COPE,"Construction, Occupancy, Protection, Exposure",Underwriting,"Property, Commercial","The four key factors used to underwrite property: construction, occupancy, protection and exposure.",A brick building with sprinklers near a fire station scores well on COPE.,Underwriting system,"Developers, Underwriters",Intermediate,"construction-type, occupancy, protection-class",
core-systems,Core Systems,,Technology,All,"An insurer's main operational systems: policy administration, billing and claims.",Replacing core systems is a multi-year project.,,"Developers, Product Owners",Beginner,"policy-administration-system, billing-system, claims-management-system",
cost-of-insurance,Cost of Insurance,COI,Line-Specific,Life,"The monthly charge deducted from a universal life policy's cash value to pay for the death benefit, rising with age.",COI charges increase every year as you age.,"Policy document, Billing statement","Individuals, Developers, Underwriters",Advanced,"universal-life-insurance, net-amount-at-risk",
cost-sharing,Cost Sharing,,Line-Specific,Health,"The part of health care costs you pay yourself through deductibles, copays and coinsurance.","Your cost sharing for the year totaled $2,300.",Explanation of benefits,"Individuals, Developers, Product Owners",Beginner,"deductible, copayment, coinsurance-health, cost-sharing-reductions",
cost-sharing-reductions,Cost-Sharing Reductions,CSR,Regulation,Health,Extra savings for lower-income people on silver marketplace plans that lower deductibles and copays.,"A CSR silver plan with a $500 deductible instead of $5,000.",Policy document,"Individuals, Developers, Product Owners",Advanced,"premium-tax-credit, metal-tiers",
coverage,Coverage,Cover,Core Concept,All,The protection a policy provides against specified losses.,Your policy has coverage for theft but not for flood.,Policy document,"Individuals, Developers, Underwriters, Product Owners",Beginner,"insurance-policy, coverage-part",
coverage-code,Coverage Code,,Technology,All,A code systems use to identify a particular coverage in data and integrations.,Code 'COLL' for collision coverage.,Policy administration system,Developers,Intermediate,"product-model, acord",
coverage-part,Coverage Part,,Policy Wording,"Property, Casualty/Liability, Commercial","A section of a commercial package policy for one type of coverage, like property or general liability.",A package policy includes a property coverage part and a GL coverage part.,Policy document,"Developers, Underwriters, Product Owners",Intermediate,"commercial-package-policy, form",
coverage-verification,Coverage Verification,Coverage Check,Claims,All,Confirming that a policy was in force and covers the type of loss reported.,The adjuster verifies the policy was active on the date of the accident.,Claims system,"Developers, Underwriters",Beginner,"first-notice-of-loss, coverage",
covered-auto-symbols,Covered Auto Symbols,Symbols 1–9,Policy Wording,"Motor, Commercial","Numbers on a business auto policy that define which vehicles are covered, like symbol 1 (any auto).",Symbol 1 liability covers any auto used in the business.,Declarations page,"Developers, Underwriters",Advanced,commercial-auto-insurance,ISO Business Auto form uses symbols 1–9 and 19.
coverholder,Coverholder,,Distribution,All,A company authorized by a Lloyd's managing agent to bind insurance on its behalf.,A US MGA acting as a Lloyd's coverholder.,,"Underwriters, Product Owners",Advanced,"lloyds, managing-general-agent",
cpt-code,CPT Code,Current Procedural Terminology,Technology,Health,"Codes that describe medical procedures and services on claims, maintained by the American Medical Association.",99213 is a common office visit code.,"Claim documents, Claims system",Developers,Intermediate,"icd-10, hcpcs",
credibility,Credibility,,Finance & Actuarial,All,"How much weight actuaries give to a particular set of data, based on its size and reliability.",A small insurer's own data gets 30% credibility; industry data gets 70%.,Financial statements,"Developers, Product Owners",Advanced,"law-of-large-numbers, experience-rating",
credit-for-reinsurance,Credit for Reinsurance,,Regulation,Reinsurance,"Rules letting a ceding insurer reduce its liabilities for reinsurance, often requiring collateral from unauthorized reinsurers.",A cedent holds a letter of credit from an offshore reinsurer.,Regulatory filings,Product Owners,Advanced,"reinsurance, certified-reinsurer",Based on NAIC credit for reinsurance model laws.
credit-insurance,Credit Insurance,Credit Life; Credit Disability,Line-Specific,"Life, Financial Lines","Insurance that pays a loan or credit card balance if the borrower dies, becomes disabled or loses a job.",Credit life pays off a car loan after the borrower's death.,Policy document,"Individuals, Product Owners",Intermediate,mortgage-protection-insurance,Regulated by state credit insurance laws.
credit-based-insurance-score,Credit-Based Insurance Score,Insurance Score,Underwriting,"Property, Motor","A score built from your credit report that predicts insurance losses, used in pricing in many states.",A strong insurance score lowers your auto premium.,"Underwriting system, Rating engine","Individuals, Developers, Underwriters, Product Owners",Intermediate,"rating-factor, underwriting","Banned or restricted in some states, e.g., California, Hawaii and Massachusetts for auto."
crime-insurance,Crime Insurance,Commercial Crime; Fidelity,Line-Specific,"Commercial, Financial Lines","Covers loss of money, securities and property from crimes like employee theft, forgery, robbery and computer fraud.","A bookkeeper embezzles $200,000.",Policy document,"Underwriters, Product Owners",Intermediate,"employee-dishonesty, social-engineering-fraud, fidelity-bond",
critical-illness-insurance,Critical Illness Insurance,Specified Disease Insurance,Line-Specific,Health,"Insurance paying a lump sum if you're diagnosed with a covered serious illness like cancer, heart attack or stroke.","You receive $20,000 after a cancer diagnosis.",Policy document,"Individuals, Product Owners",Intermediate,"hospital-indemnity-insurance, accident-insurance",Considered an 'excepted benefit' under federal law.
crop-insurance,Crop Insurance,Federal Crop Insurance; MPCI,Line-Specific,Agriculture,"Insurance protecting farmers against crop losses from weather, pests or low prices.",A drought cuts corn yields and the policy pays.,Policy document,"Individuals, Underwriters, Product Owners",Intermediate,"multi-peril-crop-insurance, revenue-protection, crop-hail, rma",
crop-hail,Crop-Hail Insurance,,Line-Specific,Agriculture,"Private insurance covering crops against hail and sometimes fire, not federally subsidized.",Hail shreds a tobacco crop.,Policy document,Underwriters,Intermediate,crop-insurance,
customer-portal,Customer Portal,Self-Service Portal,Technology,All,"A website or app where policyholders view policies, pay bills, get ID cards and file claims.",You download your auto ID card from the portal.,,"Developers, Product Owners",Beginner,"first-notice-of-loss, digital-distribution",
cut-through-clause,Cut-Through Clause,,Reinsurance,Reinsurance,A clause letting the policyholder collect directly from the reinsurer if the ceding insurer becomes insolvent.,A lender requires a cut-through on a small insurer's policy.,Reinsurance contract,Underwriters,Advanced,"reinsurance, insolvency",
cyber-insurance,Cyber Insurance,Cyber Liability; Cyber Risk Insurance,Line-Specific,"Specialty, Financial Lines","Covers costs of data breaches, ransomware and other cyber events, including notification, recovery, extortion and liability.","After ransomware, the policy pays forensics, restoration and legal costs.",Policy document,"Individuals, Developers, Underwriters, Product Owners",Intermediate,"ransomware, breach-response, network-security-liability, war-exclusion",All states have data breach notification laws that drive cyber costs.
damages,Damages,,Legal/Latin,"Casualty/Liability, Motor, Commercial, Financial Lines",Money a court awards to someone who has been harmed.,"A jury awards $200,000 in damages to an injured customer.","Claim documents, Policy document","Individuals, Underwriters",Intermediate,"compensatory-damages, punitive-damages, liability",
data-call,Data Call,,Regulation,All,A request by a regulator for specific data from insurers.,A state asks all insurers for wildfire non-renewal counts.,Regulatory filings,"Developers, Product Owners",Advanced,statistical-reporting,
de-minimis,De Minimis,,Legal/Latin,All,Latin for 'about minimal things'. Something too small to matter.,A $2 premium adjustment may be waived as de minimis.,Policy administration system,"Developers, Underwriters",Intermediate,,
death-benefit,Death Benefit,Face Amount; Sum Assured,Line-Specific,Life,The amount paid to beneficiaries when the insured person dies.,"A $250,000 death benefit paid to your spouse.","Declarations page, Policy document","Individuals, Developers, Underwriters, Product Owners",Beginner,"face-amount, life-insurance, beneficiary",
declarations-page,Declarations Page,Declarations; Dec Page; Schedule,Policy Wording,All,"The summary page of your policy showing who is insured, what is covered, limits, deductibles, premium and policy dates.","Your auto dec page lists your cars, drivers, coverages and six-month premium.",Declarations page,"Individuals, Developers, Underwriters, Product Owners",Beginner,"insurance-policy, named-insured, policy-period",
declination,Declination,Decline,Underwriting,All,A decision by the insurer not to offer coverage or not to pay a claim.,An applicant with multiple DUIs is declined.,"Underwriting system, Claim documents","Individuals, Developers, Underwriters",Beginner,"underwriting, claim-denial",Some states require written reasons for declining certain personal lines applicants.
decreasing-term,Decreasing Term,,Line-Specific,Life,"Term insurance where the death benefit gets smaller over time, often to match a mortgage balance.",Coverage falls as your mortgage is paid down.,Policy document,"Individuals, Underwriters",Intermediate,"term-life-insurance, mortgage-protection-insurance",
deductible,Deductible,,Core Concept,All,The amount of a covered loss you pay yourself before the insurer starts paying.,"A $500 deductible on a $3,000 car repair means you pay $500 and the insurer pays $2,500.","Declarations page, Policy document, Claim documents, Explanation of benefits","Individuals, Developers, Underwriters, Product Owners",Beginner,"self-insured-retention, coinsurance-health, out-of-pocket-maximum, percentage-deductible",Health plans often have separate individual and family deductibles; hurricane deductibles in coastal states are often a percentage of the home's insured value.
defense-costs,Defense Costs,Claims Expenses,Policy Wording,"Casualty/Liability, Commercial, Financial Lines",Legal fees and costs of defending a claim.,"$80,000 in attorney fees spent defending a lawsuit.",Policy document,"Underwriters, Product Owners",Intermediate,"duty-to-defend, defense-within-limits",
defense-outside-limits,Defense Outside Limits,Supplementary Payments,Policy Wording,"Casualty/Liability, Commercial",Defense costs are paid in addition to the policy limit.,A CGL policy pays defense costs on top of the $1M limit.,Policy document,Underwriters,Advanced,"defense-within-limits, supplementary-payments",
defense-within-limits,Defense Within Limits,Burning Limits; Eroding Limits; Wasting Policy,Policy Wording,"Specialty, Financial Lines","Defense costs reduce the policy limit, leaving less money to pay a settlement.","$300,000 of legal fees reduces a $1M D&O limit to $700,000.",Policy document,"Underwriters, Product Owners",Advanced,"defense-outside-limits, defense-costs",Some states restrict defense-within-limits for certain lines.
deferred-acquisition-costs,Deferred Acquisition Costs,DAC,Finance & Actuarial,All,"Under GAAP, acquisition costs spread over the life of the policy instead of expensed at once.",A life insurer amortizes DAC over 20 years.,Financial statements,"Developers, Product Owners",Advanced,"acquisition-costs, gaap",
deferred-annuity,Deferred Annuity,,Line-Specific,Life,An annuity that grows tax-deferred for years before income payments begin.,You fund a deferred annuity at 50 and take income at 65.,Policy document,"Individuals, Product Owners",Intermediate,"annuity, immediate-annuity, accumulation-phase",
definitions-section,Definitions,Definitions Section,Policy Wording,All,The section that explains the exact meaning of key words used in the policy. Defined words are often shown in bold or quotes.,The policy defines 'your covered auto' to mean vehicles listed on the declarations.,Policy document,"Individuals, Developers, Underwriters, Product Owners",Beginner,"insuring-agreement, ambiguity",
delegated-authority-data,Delegated Authority Data,Bordereaux Management,Technology,All,Data from MGAs and coverholders about policies and claims written under delegated authority.,A carrier builds a pipeline to ingest MGA data.,Policy administration system,"Developers, Product Owners",Advanced,"bordereau, managing-general-agent",
demutualization,Demutualization,,Core Concept,All,When a mutual insurer converts to a stock company owned by shareholders.,Policyholders receive shares when their mutual demutualizes.,,Product Owners,Advanced,"mutual-insurance-company, stock-insurance-company",
dental-insurance,Dental Insurance,,Line-Specific,Health,"Coverage for dental care, often paying 100% for preventive, 80% for basic and 50% for major services.",Two free cleanings per year plus 50% of a crown.,Policy document,"Individuals, Product Owners",Beginner,annual-maximum,
dependent-business-interruption,Dependent Business Interruption (Cyber),,Policy Wording,"Specialty, Financial Lines",Cyber coverage for lost income when a key technology vendor suffers an outage or attack.,A cloud provider's outage stops your online store.,Policy document,"Underwriters, Product Owners",Advanced,"cyber-insurance, contingent-business-interruption",
deposit-premium,Deposit Premium,Estimated Premium,Finance & Actuarial,"Casualty/Liability, Commercial, Reinsurance","A premium paid at the start based on estimated exposures, later adjusted.","A $50,000 deposit premium later adjusted to $55,000.",Billing statement,"Developers, Underwriters",Intermediate,"premium-audit, minimum-premium",
depreciation,Depreciation,,Claims,"Property, Motor","The loss in value of property over time due to age, wear and obsolescence.",A 10-year-old roof has lost much of its value to depreciation.,Claim documents,"Individuals, Developers, Underwriters",Beginner,"actual-cash-value, replacement-cost, recoverable-depreciation",
desk-adjuster,Desk Adjuster,Inside Adjuster,Claims,All,"An adjuster who handles claims by phone, email and photos without visiting the scene.",A small windshield claim handled entirely by a desk adjuster.,Claims system,"Developers, Underwriters",Intermediate,"field-adjuster, claims-adjuster",
digital-distribution,Digital Distribution,,Distribution,All,"Selling insurance through websites, apps and APIs instead of in-person agents.",A customer buys renters insurance entirely on a phone.,,"Developers, Product Owners",Beginner,"insurtech, embedded-insurance",
diligent-search,Diligent Search,,Regulation,"Property, Casualty/Liability, Commercial, Specialty",A requirement that a broker first try admitted insurers (often three declinations) before placing in surplus lines.,A broker documents three admitted carriers declined the risk.,Regulatory filings,"Developers, Underwriters",Advanced,"surplus-lines, surplus-lines-broker",Details vary by state; some states have 'export lists' that waive it.
diminished-value,Diminished Value,,Claims,Motor,"The loss in a car's resale value after it has been in an accident, even when fully repaired.","A repaired luxury car is worth $3,000 less due to its accident history.",Claim documents,"Individuals, Underwriters",Intermediate,actual-cash-value,Third-party diminished value claims are recognized in most states; first-party claims mainly in Georgia.
direct-bill,Direct Bill,,Distribution,All,The insurer bills and collects premium directly from the policyholder and pays commission to the agent.,You pay your auto premium straight to the insurer.,Billing statement,"Developers, Underwriters",Intermediate,agency-bill,
direct-physical-loss,Direct Physical Loss,,Policy Wording,"Property, Commercial","Actual physical damage to or loss of property, which is usually required before a property policy pays.",A fire burning your store is direct physical loss; losing customers due to a recession is not.,Policy document,"Underwriters, Product Owners",Advanced,"business-interruption-insurance, peril",Many COVID-19 business interruption suits turned on this phrase.
direct-repair-program,Direct Repair Program,DRP,Claims,Motor,A network of body shops approved by an insurer to repair cars with streamlined claims handling.,You take your car to a DRP shop and the insurer pays it directly.,Claims system,"Individuals, Developers, Underwriters",Intermediate,claims-adjuster,Most states let consumers choose their own repair shop.
direct-writer,Direct Writer,Direct Insurer,Distribution,All,"An insurer that sells directly to customers through its own employees, website or call centers instead of independent agents.",GEICO sells auto insurance online and by phone.,,"Individuals, Product Owners",Beginner,"captive-agent, independent-agent",
direct-written-premium,Direct Written Premium,DWP,Finance & Actuarial,All,"Premium written by the insurer on its own policies, before reinsurance and excluding reinsurance it assumes.",State-level market share tables use direct written premium.,"Financial statements, Regulatory filings","Developers, Product Owners",Advanced,"written-premium, assumed-premium",
directors-and-officers-liability,Directors and Officers Liability,D&O,Line-Specific,Financial Lines,"Covers directors and officers against claims alleging wrongful acts in managing the company, and the company itself in some cases.",Shareholders sue the board over a failed merger.,Policy document,"Underwriters, Product Owners",Intermediate,"side-a, side-b, side-c, wrongful-act, claims-made-policy",
disability-insurance,Disability Insurance,Disability Income Insurance; DI,Line-Specific,"Life, Health",Insurance that replaces part of your income if illness or injury keeps you from working.,Pays 60% of salary while you recover from back surgery.,Policy document,"Individuals, Developers, Underwriters, Product Owners",Beginner,"short-term-disability-insurance, long-term-disability-insurance, own-occupation",
dispute-resolution,Dispute Resolution,,Claims,All,"Ways to settle disagreements between insurer and insured, such as appraisal, mediation, arbitration or court.",A claim dispute is resolved through mediation.,Policy document,"Individuals, Underwriters",Intermediate,"appraisal-clause, arbitration-clause",
document-generation,Document Generation,Document Composition,Technology,All,"Software that produces policy documents, notices and letters by merging data into templates.",Declarations pages are generated at issuance.,Policy administration system,"Developers, Product Owners",Intermediate,"policy-administration-system, form",
domicile,Domicile,State of Domicile,Regulation,All,"The state where an insurer is incorporated, whose regulator is its primary financial supervisor.",An insurer domiciled in Ohio is licensed in 45 states.,Regulatory filings,"Underwriters, Product Owners",Intermediate,admitted-insurer,
dram-shop-law,Dram Shop Law,,Legal/Latin,"Casualty/Liability, Commercial",State laws making businesses that serve alcohol liable for harm caused by intoxicated customers.,A bar that over-served a customer is sued.,,Underwriters,Advanced,liquor-liability,Rules differ by state; some states have no dram shop liability.
driving-record-points,Driving Record Points,Surcharge Points,Underwriting,Motor,Points added for accidents and violations that raise auto premiums.,An at-fault accident adds a 3-year surcharge.,Rating engine,"Individuals, Developers, Underwriters",Intermediate,motor-vehicle-report,Some states regulate insurer surcharge plans.
drone-insurance,Drone Insurance,UAS Insurance,Line-Specific,"Marine/Aviation/Transit, Specialty",Liability and hull coverage for unmanned aircraft.,A drone crashes into a car during filming.,Policy document,"Individuals, Underwriters",Beginner,aviation-insurance,
drop-down,Drop Down,,Policy Wording,"Casualty/Liability, Commercial",When an umbrella or excess policy steps in to act as primary coverage because underlying limits are used up or don't cover a loss.,An umbrella drops down to cover a claim excluded by the primary GL.,Policy document,Underwriters,Advanced,"umbrella-insurance, self-insured-retention",
drug-tier,Drug Tier,Tier,Line-Specific,Health,"Levels in a formulary with different cost sharing, such as generic, preferred brand and specialty.",Tier 1 generics cost $10; tier 4 specialty drugs cost 30%.,Policy document,"Individuals, Developers",Intermediate,formulary,
dual-eligible,Dual Eligible,Duals,Line-Specific,"Health, Social/Government",People who qualify for both Medicare and Medicaid.,A low-income 70-year-old gets both programs.,,"Developers, Product Owners",Advanced,"medicare, medicaid",Special Needs Plans (D-SNPs) serve this group.
duck-creek,Duck Creek,,Technology,"Property, Casualty/Liability, Motor, Commercial","A software platform for P&C insurers covering policy, billing, claims and rating.",A carrier uses Duck Creek Rating.,,"Developers, Product Owners",Intermediate,policy-administration-system,
duties-after-loss,Duties After Loss,Duties in the Event of Loss,Policy Wording,All,"Things you must do after a loss, like notifying the insurer, protecting property from more damage and providing records.",After a burst pipe you must stop the water and keep receipts.,Policy document,"Individuals, Underwriters",Beginner,"conditions, notice-of-loss, proof-of-loss",
duty-of-care,Duty of Care,,Legal/Latin,"Casualty/Liability, Commercial, Financial Lines",A legal obligation to act reasonably to avoid harming others.,A doctor owes patients a duty of care.,Claim documents,Underwriters,Intermediate,"negligence, liability",
duty-of-disclosure,Duty of Disclosure,,Underwriting,All,Your obligation to tell the insurer about important facts when applying for or renewing insurance.,You must disclose a recent heart surgery on a life insurance application.,Application form,"Individuals, Underwriters",Intermediate,"utmost-good-faith, material-fact, concealment","In the US the duty is usually limited to answering the application's questions truthfully, except in marine insurance."
duty-to-defend,Duty to Defend,,Policy Wording,"Casualty/Liability, Commercial, Financial Lines",The insurer's obligation to provide and pay for a lawyer to defend you against a covered lawsuit.,Your insurer hires a lawyer when a customer sues your business.,Policy document,"Underwriters, Product Owners",Advanced,"duty-to-indemnify, defense-costs, reservation-of-rights",Most states say the duty to defend is broader than the duty to indemnify.
duty-to-indemnify,Duty to Indemnify,,Policy Wording,"Casualty/Liability, Commercial, Financial Lines",The insurer's obligation to pay judgments or settlements for covered claims.,"The insurer pays a $300,000 settlement.",Policy document,Underwriters,Advanced,"duty-to-defend, indemnity",
dwelling-coverage,Dwelling Coverage,Coverage A,Policy Wording,Property,The part of a home policy that covers the house structure itself.,"Coverage A of $350,000 for the house.",Declarations page,"Individuals, Developers, Underwriters",Beginner,"other-structures-coverage, homeowners-insurance",
dwelling-fire-policy,Dwelling Fire Policy,DP-1; DP-2; DP-3; Landlord Policy,Line-Specific,Property,"A property policy for homes, often rentals, that doesn't include the full homeowners package.",A landlord insures a rental house on a DP-3.,Policy document,"Individuals, Underwriters, Product Owners",Intermediate,"homeowners-insurance, landlord-insurance",
earned-premium,Earned Premium,,Finance & Actuarial,All,The part of the premium that corresponds to time that has already passed on the policy.,"After 3 months on a $1,200 annual policy, $300 is earned.",Financial statements,"Developers, Underwriters, Product Owners",Intermediate,"unearned-premium, written-premium",
earth-movement-exclusion,Earth Movement Exclusion,,Policy Wording,Property,"Excludes damage from earthquakes, landslides, sinkholes and similar ground movement.",A crack from an earthquake is excluded unless you bought earthquake coverage.,Policy document,"Individuals, Underwriters",Beginner,"exclusion, earthquake-insurance",Florida requires insurers to offer sinkhole coverage and cover catastrophic ground cover collapse.
earthquake-insurance,Earthquake Insurance,,Line-Specific,Property,"Coverage for damage from earthquakes, usually sold separately with a high percentage deductible.",A 15% deductible earthquake policy.,Policy document,"Individuals, Underwriters",Intermediate,"earth-movement-exclusion, percentage-deductible",In California it is often bought from the California Earthquake Authority (CEA).
edi-834,EDI 834,X12 834,Technology,Health,The HIPAA standard electronic format for enrolling members in health plans.,An employer sends a weekly 834 enrollment file.,Data exchange/integration specs,Developers,Advanced,edi-837,
edi-835,EDI 835,X12 835; Electronic Remittance Advice,Technology,Health,The HIPAA standard electronic format for health plan payment and remittance information sent to providers.,A hospital auto-posts payments from 835 files.,Data exchange/integration specs,Developers,Advanced,"edi-837, explanation-of-benefits",
edi-837,EDI 837,X12 837,Technology,Health,The HIPAA standard electronic format for submitting health care claims.,A clearinghouse transmits 837 files to insurers.,Data exchange/integration specs,Developers,Advanced,"edi-835, cms-1500, hipaa",
effective-date,Effective Date,Inception Date,Lifecycle,All,The date and time coverage begins.,Your policy is effective at 12:01 a.m. on March 1.,Declarations page,"Individuals, Developers, Underwriters, Product Owners",Beginner,"policy-period, expiration-date, binding",
effective-dating,Effective Dating,,Technology,All,"Recording when each version of policy data became true, so systems can show the policy as of any date.",A query shows which drivers were on the policy last March.,Policy administration system,Developers,Advanced,"out-of-sequence-endorsement, mid-term-adjustment",
elevation-certificate,Elevation Certificate,,Underwriting,Property,A document showing a building's elevation compared to expected flood levels.,An EC shows the house is 2 feet above base flood elevation.,Underwriting system,"Individuals, Underwriters",Advanced,flood-zone,
elimination-period,Elimination Period,,Policy Wording,"Life, Health",The number of days you must be disabled or need care before a disability or long-term care policy starts paying.,A 90-day elimination period on a long-term disability policy.,"Policy document, Declarations page","Individuals, Underwriters",Intermediate,"waiting-period, long-term-disability-insurance",
embedded-insurance,Embedded Insurance,,Distribution,All,Insurance offered at the point of sale inside another company's product or purchase flow.,Buying trip insurance while booking a flight.,,"Developers, Product Owners",Intermediate,"insurtech, affinity-group",
emergency-medical-evacuation,Emergency Medical Evacuation,Medevac,Policy Wording,"Health, Specialty",Covers transport to an adequate medical facility or home in a medical emergency while traveling.,An air ambulance from a remote island.,Policy document,Individuals,Intermediate,travel-insurance,
employee-dishonesty,Employee Dishonesty,Employee Theft,Policy Wording,"Commercial, Financial Lines",Crime coverage for theft by employees.,A cashier steals from the register over months.,Policy document,Underwriters,Intermediate,"crime-insurance, fidelity-bond",
employer-mandate,Employer Mandate,Employer Shared Responsibility,Regulation,Health,An ACA rule requiring employers with 50 or more full-time employees to offer affordable coverage or pay a penalty.,A 60-employee company must offer health coverage.,Regulatory filings,"Developers, Product Owners",Intermediate,affordable-care-act,
employer-sponsored-insurance,Employer-Sponsored Insurance,Group Health Plan,Line-Specific,Health,"Health coverage offered by an employer to employees and families, usually with shared premium costs.",Your employer pays 75% of your health premium.,Policy document,"Individuals, Developers, Product Owners",Beginner,"group-insurance, erisa, cobra",
employers-liability,Employers Liability,EL; Part Two,Policy Wording,"Casualty/Liability, Commercial","Coverage for lawsuits by employees for work injuries not covered by workers' comp, bundled with WC policies.",A spouse sues for loss of companionship after a worker's injury.,Policy document,Underwriters,Advanced,workers-compensation-insurance,
employment-practices-liability,Employment Practices Liability,EPLI,Line-Specific,Financial Lines,"Covers employers against claims by employees of discrimination, harassment, wrongful termination and similar issues.",A former employee sues for wrongful termination.,Policy document,"Underwriters, Product Owners",Intermediate,"directors-and-officers-liability, third-party-epli",
endorsement,Endorsement,Rider; Policy Change; Amendment,Policy Wording,All,"A written change added to a policy that adds, removes or changes coverage.",Adding an endorsement for water backup coverage to a home policy.,"Policy document, Declarations page","Individuals, Developers, Underwriters, Product Owners",Beginner,"rider, mid-term-adjustment, form",Endorsement forms usually must be filed with the state department of insurance.
endowment,Endowment,,Line-Specific,Life,"A policy that pays the face amount at a set date if you are alive, or at death if earlier. Also when a whole life policy's cash value equals the death benefit at maturity age.",A policy endows at age 121.,Policy document,"Individuals, Underwriters",Advanced,"whole-life-insurance, maturity-date",Pure endowment products are rare in the US because of tax rules.
ensuing-loss,Ensuing Loss,,Policy Wording,Property,A covered loss that follows from an excluded cause.,Faulty wiring (excluded) causes a fire (covered); the fire damage is an ensuing loss.,Policy document,Underwriters,Advanced,"exclusion, exception",
entire-contract-clause,Entire Contract Clause,,Policy Wording,"Life, Health",States that the policy plus the attached application make up the whole agreement; nothing outside them counts.,An agent's verbal promise isn't part of the contract.,Policy document,"Underwriters, Product Owners",Intermediate,insurance-policy,
environmental-impairment-liability,Environmental Impairment Liability,EIL; Pollution Legal Liability; PLL,Line-Specific,"Casualty/Liability, Commercial","Covers cleanup costs and liability for pollution, which standard liability policies exclude.",A gas station's leaking tank contaminates groundwater.,Policy document,"Underwriters, Product Owners",Advanced,pollution-exclusion,
epo,EPO,Exclusive Provider Organization,Line-Specific,Health,A plan that covers only in-network care (except emergencies) but usually doesn't require referrals.,You can see an in-network specialist directly.,"Policy document, Insurance ID card","Individuals, Developers, Product Owners",Intermediate,"hmo, ppo",
equipment-breakdown-insurance,Equipment Breakdown Insurance,Boiler and Machinery,Line-Specific,"Property, Commercial","Covers sudden breakdown of equipment like boilers, HVAC, electrical systems and machinery.",A factory's compressor motor burns out.,Policy document,"Underwriters, Product Owners",Intermediate,commercial-property-insurance,Boiler inspections are required by many states.
erisa,ERISA,Employee Retirement Income Security Act,Regulation,"Life, Health","A 1974 federal law that sets standards for most private employer benefit plans, including health and life plans.",An ERISA plan must follow federal appeal procedures.,Regulatory filings,"Developers, Underwriters, Product Owners",Intermediate,"self-funded-plan, summary-plan-description, erisa-preemption",
erisa-preemption,ERISA Preemption,,Regulation,Health,"The rule that ERISA overrides many state laws for employer plans, especially self-funded ones.",A state mandate doesn't apply to a self-funded plan.,Regulatory filings,"Underwriters, Product Owners",Advanced,"erisa, self-funded-plan",
errors-and-omissions-insurance,Errors and Omissions Insurance,E&O; Professional Liability; PL,Line-Specific,Financial Lines,Covers professionals against claims that mistakes or negligence in their services caused a client financial loss.,An architect's design error causes costly rework.,Policy document,"Underwriters, Product Owners",Intermediate,"professional-liability-insurance, claims-made-policy, wrongful-act",
essential-health-benefits,Essential Health Benefits,EHB,Regulation,Health,"Ten categories of services ACA plans must cover, like emergency care, hospitalization, maternity, mental health and prescription drugs.",Your individual plan covers maternity care.,Regulatory filings,"Individuals, Developers, Product Owners",Intermediate,affordable-care-act,Each state picks a benchmark plan defining EHB details.
estimate,Estimate,Repair Estimate,Claims,"Property, Motor",A written calculation of what it will cost to repair damage.,"A body shop estimate of $3,200.",Claim documents,"Individuals, Developers, Underwriters",Beginner,"claims-adjuster, supplement",
estoppel,Estoppel,,Legal/Latin,All,A rule preventing a party from denying something it earlier led someone else to rely on.,"An agent told you a loss was covered, so the insurer may be estopped from denying it.",,Underwriters,Advanced,waiver,
event-cancellation-insurance,Event Cancellation Insurance,,Line-Specific,Specialty,"Covers lost costs and revenue if an event is cancelled, postponed or disrupted by covered causes.",A festival cancelled by a hurricane.,Policy document,"Underwriters, Product Owners",Intermediate,force-majeure,
evidence-of-property-insurance,Evidence of Property Insurance,EOI; ACORD 27; ACORD 28,Distribution,"Property, Commercial","A document proving property insurance, often requested by lenders.",A mortgage lender asks for evidence of property insurance.,Agent/broker communications,"Developers, Underwriters",Intermediate,"certificate-of-insurance, mortgagee-clause",
ex-gratia-payment,Ex Gratia Payment,Goodwill Payment,Claims,All,A payment made by the insurer as a goodwill gesture even though it is not legally required.,An insurer pays $500 ex gratia for a borderline claim to keep a long-time customer happy.,"Claims system, Claim documents","Underwriters, Product Owners",Intermediate,"claim, claim-settlement",
examination-under-oath,Examination Under Oath,EUO,Claims,"Property, Motor",A formal interview where the insured answers the insurer's questions under oath about a claim.,An insurer suspects fraud and requests an EUO.,Claim documents,Underwriters,Advanced,"special-investigations-unit, insurance-fraud",
exceedance-probability,Exceedance Probability,EP Curve,Finance & Actuarial,"Property, Reinsurance",The chance that losses will exceed a certain amount in a year.,A 1% exceedance probability corresponds to a 100-year loss.,Financial statements,"Developers, Product Owners",Advanced,"catastrophe-model, probable-maximum-loss, return-period",
excepted-benefits,Excepted Benefits,,Regulation,Health,"Types of coverage such as dental, vision, hospital indemnity or AD&D that are exempt from many ACA rules.",A standalone dental plan is an excepted benefit.,Regulatory filings,"Developers, Product Owners",Advanced,"affordable-care-act, hospital-indemnity-insurance",
exception,Exception,Exception to Exclusion,Policy Wording,All,Wording that gives back coverage that an exclusion would otherwise remove.,"Mold is excluded, except when it results from a covered water leak.",Policy document,"Underwriters, Product Owners",Intermediate,"exclusion, insuring-agreement",
excess-insurance,Excess Insurance,Excess Layer,Policy Wording,"Property, Casualty/Liability, Commercial, Financial Lines",Insurance that pays only after another policy's limits are used up.,A $5M excess policy sits above a $1M primary policy.,Policy document,"Underwriters, Product Owners",Intermediate,"primary-insurance, umbrella-insurance, layer",
excess-of-loss,Excess of Loss,XOL; XL,Reinsurance,Reinsurance,"Reinsurance that pays when a loss exceeds the insurer's retention, up to a limit.",$10M xs $5M: reinsurer pays losses between $5M and $15M.,Reinsurance contract,"Underwriters, Product Owners",Intermediate,"non-proportional-reinsurance, catastrophe-excess-of-loss, per-risk-excess",
excess-of-policy-limits,Excess of Policy Limits,XPL,Legal/Latin,"Casualty/Liability, Motor",A judgment above the policy limit that the insurer may have to pay if it acted in bad faith.,"A $1M verdict on a $100,000 policy after the insurer refused to settle.","Claim documents, Reinsurance contract",Underwriters,Advanced,"extra-contractual-obligations, bad-faith, excess-verdict",
excess-verdict,Excess Verdict,Nuclear Verdict,Claims,"Casualty/Liability, Motor",A court judgment larger than the defendant's insurance limits; very large ones ($10M+) are often called nuclear verdicts.,A trucking crash leads to a $50M verdict.,Claims system,"Underwriters, Product Owners",Advanced,"excess-of-policy-limits, social-inflation",
excluded-driver,Excluded Driver,Named Driver Exclusion,Policy Wording,Motor,A person specifically listed as not covered when driving your car.,A teen with DUIs is excluded to keep premiums down.,"Policy document, Declarations page","Individuals, Underwriters",Intermediate,permissive-user,Not allowed in some states.
exclusion,Exclusion,,Policy Wording,All,A part of the policy that lists what is NOT covered.,Most home policies exclude flood and earthquake damage.,Policy document,"Individuals, Developers, Underwriters, Product Owners",Beginner,"insuring-agreement, exception, endorsement",
exclusion-ratio,Exclusion Ratio,,Line-Specific,Life,The part of each non-qualified annuity payment that is a tax-free return of your original investment.,60% of each payment is tax-free.,Policy document,"Individuals, Developers",Advanced,non-qualified-annuity,
exclusive-remedy,Exclusive Remedy,,Legal/Latin,"Casualty/Liability, Commercial","The rule that workers' comp is an injured employee's only remedy against the employer, barring most lawsuits.",An injured worker can't sue the employer for negligence.,,"Underwriters, Product Owners",Advanced,workers-compensation-insurance,
expense-load,Expense Load,Loading,Finance & Actuarial,All,"The amount added to the pure premium to cover expenses, taxes and profit.",A $300 pure premium with a 30% expense load.,Rating engine,"Developers, Product Owners",Advanced,"pure-premium, loss-cost",
expense-ratio,Expense Ratio,,Finance & Actuarial,All,"Underwriting expenses (commissions, salaries, overhead) divided by premium.",$30M expenses on $100M premium is 30%.,Financial statements,"Developers, Underwriters, Product Owners",Intermediate,"loss-ratio, combined-ratio, acquisition-costs",
experience-modification-factor,Experience Modification Factor,Mod; EMR; X-Mod,Underwriting,"Casualty/Liability, Commercial",A number that raises or lowers a workers' compensation premium based on the employer's claims history; 1.00 is average.,A mod of 0.85 gives a 15% discount.,"Rating engine, Declarations page","Developers, Underwriters, Product Owners",Advanced,"experience-rating, ncci","Calculated by NCCI in most states and by independent bureaus in states like California, New York and Pennsylvania."
experience-rating,Experience Rating,,Underwriting,"Health, Casualty/Liability, Commercial",Adjusting premium based on the insured's own past loss experience compared with the average.,A company with fewer claims than average gets a lower workers' comp premium.,Rating engine,"Developers, Underwriters, Product Owners",Advanced,"experience-modification-factor, retrospective-rating",
expiration-date,Expiration Date,Expiry Date,Lifecycle,All,The date and time coverage ends unless renewed.,Your policy expires on March 1 next year.,Declarations page,"Individuals, Developers, Underwriters, Product Owners",Beginner,"policy-period, renewal, lapse",
explanation-of-benefits,Explanation of Benefits,EOB,Claims,Health,"A statement from the health insurer showing what a provider billed, what the plan paid and what you owe. It is not a bill.","An EOB shows $800 billed, $500 allowed, $400 paid, you owe $100.",Explanation of benefits,"Individuals, Developers, Underwriters",Beginner,"allowed-amount, claim-adjudication",
exposure,Exposure,Exposure Unit,Underwriting,All,"The thing or measure the insurer uses to gauge how much risk it is taking on, such as number of cars, payroll or square footage.",A workers' comp premium is based on payroll per $100 as the exposure.,"Underwriting system, Rating engine","Developers, Underwriters, Product Owners",Intermediate,"rate, rating-basis, premium",
exposure-management,Exposure Management,,Technology,"Property, Commercial, Reinsurance",Tracking and analyzing where insured values are concentrated to manage catastrophe risk.,Mapping all insured homes within 1 mile of the coast.,Underwriting system,"Developers, Underwriters, Product Owners",Advanced,"aggregation, catastrophe-model",
extended-period-of-indemnity,Extended Period of Indemnity,,Policy Wording,"Property, Commercial",Extends business income coverage after repairs are done while revenue recovers.,90 extra days while customers return.,Policy document,Underwriters,Advanced,period-of-restoration,
extended-replacement-cost,Extended Replacement Cost,,Policy Wording,Property,"Pays above your dwelling limit, often 25%–50% more, if rebuild costs are higher than expected.","A $400,000 limit with 25% extended pays up to $500,000.",Policy document,"Individuals, Underwriters",Intermediate,"guaranteed-replacement-cost, replacement-cost",
extended-reporting-period,Extended Reporting Period,ERP; Tail Coverage,Policy Wording,"Casualty/Liability, Specialty, Financial Lines",Extra time after a claims-made policy ends to report claims for incidents that happened while it was active.,A retiring doctor buys a tail so later malpractice suits are covered.,Policy document,"Individuals, Underwriters, Product Owners",Advanced,"tail-coverage, claims-made-policy, nose-coverage",
extended-term-insurance,Extended Term Insurance,ETI,Line-Specific,Life,A nonforfeiture option that uses cash value to buy term insurance for the full face amount for as long as it lasts.,Cash value buys 12 years of term cover.,Policy document,"Individuals, Developers",Advanced,nonforfeiture-options,
extended-warranty,Extended Warranty,Service Contract; Vehicle Service Contract,Line-Specific,Specialty,A contract to repair or replace a product after the manufacturer's warranty ends; often not legally insurance.,A 3-year plan on a new laptop.,Policy document,"Individuals, Product Owners",Intermediate,warranty,"Regulated under state service contract laws, not always insurance law."
external-review,External Review,Independent Review,Regulation,Health,"Review of a denied health claim by an independent organization, after internal appeals, whose decision the plan must follow.",An independent reviewer overturns a denied cancer treatment.,Regulatory filings,"Individuals, Developers, Product Owners",Intermediate,appeal,Guaranteed by the ACA; run by states or the federal process.
extra-expense,Extra Expense,,Policy Wording,"Property, Commercial",Extra costs to keep operating or reduce downtime after covered damage.,Renting a temporary office after a fire.,Policy document,Underwriters,Intermediate,business-interruption-insurance,
extra-contractual-obligations,Extra-Contractual Obligations,ECO,Legal/Latin,All,"Amounts an insurer must pay beyond the policy's terms, often because of bad faith findings.",A court awards $2M against an insurer for mishandling a claim.,"Financial statements, Reinsurance contract","Underwriters, Product Owners",Advanced,"bad-faith, excess-of-policy-limits",
face-amount,Face Amount,Face Value; Specified Amount,Line-Specific,Life,The amount of death benefit stated on the policy.,"A policy with a face amount of $1,000,000.",Declarations page,"Individuals, Developers, Underwriters",Beginner,death-benefit,
facultative-reinsurance,Facultative Reinsurance,Fac,Reinsurance,Reinsurance,"Reinsurance arranged for a single, specific policy, negotiated individually.",A large skyscraper is reinsured on a facultative basis.,Reinsurance contract,"Underwriters, Product Owners",Intermediate,treaty-reinsurance,
fcra,Fair Credit Reporting Act,FCRA,Regulation,All,"A federal law governing consumer reports like credit, CLUE and MIB, including notice when they cause adverse action.",You get an adverse action notice after a credit-based higher premium.,Regulatory filings,"Developers, Underwriters, Product Owners",Intermediate,"adverse-action-notice, credit-based-insurance-score, clue-report",
fair-market-value,Fair Market Value,FMV,Claims,"Property, Motor",The price a willing buyer would pay a willing seller for property.,The FMV of your used car is its typical sale price in your area.,Claim documents,"Individuals, Underwriters",Beginner,"actual-cash-value, total-loss",
fair-plan,FAIR Plan,Fair Access to Insurance Requirements Plan,Regulation,Property,A state-mandated pool that provides basic property insurance to owners who can't get it in the regular market.,A California homeowner in a wildfire zone buys from the California FAIR Plan.,Regulatory filings,"Individuals, Underwriters, Product Owners",Intermediate,"residual-market, citizens-property-insurance",Exists in about 30 states and D.C.
fair-rental-value,Fair Rental Value,,Policy Wording,Property,Coverage for rent you lose when a part of your home you rent out becomes uninhabitable after a covered loss.,"You lose $1,000/month from a basement apartment after a fire.",Policy document,"Individuals, Underwriters",Intermediate,"loss-of-use, additional-living-expense",
farmowners-policy,Farmowners Policy,Farm and Ranch Policy,Line-Specific,"Property, Agriculture","A package policy covering a farm's home, buildings, equipment and liability.","A farmowners policy covers the barn, tractor and farmhouse.",Policy document,"Individuals, Underwriters",Intermediate,homeowners-insurance,
fdic-insurance,FDIC Insurance,,Line-Specific,"Financial Lines, Social/Government","Federal insurance protecting bank deposits up to $250,000 per depositor, per bank, per ownership category.",Your savings are protected when a bank fails.,,"Individuals, Product Owners",Beginner,,
federal-crop-insurance-corporation,Federal Crop Insurance Corporation,FCIC,Regulation,"Agriculture, Social/Government","The government corporation that finances and reinsures the federal crop insurance program, managed by RMA.",FCIC reinsures private crop insurers under the Standard Reinsurance Agreement.,Regulatory filings,Product Owners,Advanced,"rma, standard-reinsurance-agreement",
fee-for-service,Fee-for-Service,FFS,Line-Specific,Health,A payment model where providers are paid for each service they perform.,A doctor bills for each visit and test.,,"Developers, Product Owners",Intermediate,"capitation, value-based-care",
fema,FEMA,Federal Emergency Management Agency,Regulation,"Property, Social/Government",The federal agency that responds to disasters and runs the NFIP.,FEMA provides disaster grants after a hurricane.,,"Individuals, Product Owners",Beginner,national-flood-insurance-program,
fidelity-bond,Fidelity Bond,ERISA Bond,Line-Specific,Financial Lines,Coverage protecting against losses from dishonest acts of employees; ERISA requires one for people handling plan funds.,A 401(k) plan's ERISA bond.,Policy document,Underwriters,Intermediate,"crime-insurance, erisa",
fiduciary-liability,Fiduciary Liability,,Line-Specific,Financial Lines,Covers people who manage employee benefit plans against claims of mismanagement.,Employees sue over high 401(k) fees.,Policy document,"Underwriters, Product Owners",Advanced,"erisa, fidelity-bond",
field-adjuster,Field Adjuster,Outside Adjuster,Claims,All,An adjuster who visits the loss location to inspect damage.,A field adjuster measures fire damage at your house.,Claims system,Underwriters,Intermediate,"desk-adjuster, claims-adjuster",
file-and-use,File and Use,,Regulation,All,"Rates can be used after being filed, without waiting for approval, though the regulator can later reject them.",An insurer files new rates and uses them 30 days later.,Regulatory filings,"Underwriters, Product Owners",Intermediate,"prior-approval, use-and-file, rate-filing",
final-expense-insurance,Final Expense Insurance,Burial Insurance,Line-Specific,Life,"Small whole life policies, often $5,000–$25,000, meant to pay funeral costs.","A 70-year-old buys $10,000 to cover funeral costs.",Policy document,"Individuals, Product Owners",Beginner,"whole-life-insurance, graded-death-benefit",
financial-examination,Financial Examination,,Regulation,All,"A periodic regulatory audit of an insurer's financial condition, usually every 3–5 years.",The domiciliary state examines an insurer's reserves.,Regulatory filings,Product Owners,Advanced,"market-conduct-examination, solvency",
financial-responsibility-law,Financial Responsibility Law,,Regulation,Motor,"State laws requiring drivers to prove they can pay for damage they cause, usually by carrying auto insurance.",Driving without insurance can suspend your license.,Regulatory filings,"Individuals, Product Owners",Intermediate,"sr-22, compulsory-insurance",
financial-strength-rating,Financial Strength Rating,FSR; AM Best Rating,Finance & Actuarial,All,"An independent opinion on an insurer's ability to pay claims, from agencies like AM Best, S&P and Moody's.",A lender requires an insurer rated A- or better by AM Best.,,"Individuals, Underwriters, Product Owners",Intermediate,"am-best, solvency",
fine-art-insurance,Fine Art Insurance,Fine Arts Floater,Line-Specific,"Marine/Aviation/Transit, Specialty","Covers art and collectibles, usually on an agreed value basis.",A painting damaged in transit to a gallery.,Policy document,"Individuals, Underwriters",Intermediate,"inland-marine-insurance, agreed-value",
finite-risk-insurance,Finite Risk Insurance,,Core Concept,"Reinsurance, Alternative Risk Transfer",A multi-year insurance contract that transfers limited risk and focuses on spreading loss costs over time.,A company's losses are funded over five years with limited risk transfer.,,Product Owners,Advanced,"alternative-risk-transfer, risk-transfer-testing",
first-notice-of-loss,First Notice of Loss,FNOL,Claims,All,"The first report to the insurer that a loss has happened, which starts the claim process.",You report a car accident through the insurer's app.,"Claims system, Claim documents","Individuals, Developers, Underwriters, Product Owners",Beginner,"notice-of-loss, claim, claims-management-system",
first-party-coverage,First-Party Coverage,,Core Concept,All,Insurance that pays you directly for your own losses.,Collision coverage on your car pays to repair your own car.,Policy document,"Individuals, Underwriters, Product Owners",Beginner,"third-party-coverage, collision-coverage",
fixed-annuity,Fixed Annuity,MYGA (Multi-Year Guaranteed Annuity),Line-Specific,Life,An annuity that credits a guaranteed interest rate.,A 5-year fixed annuity paying 5%.,Policy document,"Individuals, Product Owners",Intermediate,"annuity, fixed-indexed-annuity",
fixed-indexed-annuity,Fixed Indexed Annuity,FIA; Indexed Annuity,Line-Specific,Life,An annuity whose interest is linked to a market index with a floor protecting against losses.,Interest linked to S&P 500 with a 9% cap and 0% floor.,Policy document,"Individuals, Underwriters, Product Owners",Advanced,"cap-rate, participation-rate, floor-rate, fixed-annuity","Regulated as insurance under state law, not as a security."
flat-cancellation,Flat Cancellation,,Lifecycle,All,Cancelling a policy as of its start date so that no premium is charged.,A policy bound in error is flat cancelled.,Policy administration system,"Developers, Underwriters",Intermediate,"cancellation, rescission",
flat-extra,Flat Extra,,Underwriting,Life,"An extra premium per $1,000 of coverage charged for a specific risk, like a dangerous hobby.","A pilot pays an extra $2.50 per $1,000 of coverage.",Underwriting system,Underwriters,Advanced,"table-rating, risk-class",
flexible-spending-account,Flexible Spending Account,FSA,Line-Specific,Health,An employer account where you set aside pre-tax money for medical costs; unused money is usually lost at year-end.,"You put $1,500 in an FSA for glasses and copays.",Policy document,"Individuals, Developers",Intermediate,"health-savings-account, health-reimbursement-arrangement",
float,Float,,Finance & Actuarial,All,"Money an insurer holds between collecting premiums and paying claims, which it can invest.",Long-tail liability lines generate large float.,Financial statements,Product Owners,Advanced,investment-income,
flood-exclusion,Flood Exclusion,Water Exclusion,Policy Wording,Property,"Excludes damage from flooding, surface water, waves and similar water.",River overflow damaging your basement is not covered by standard home insurance.,Policy document,"Individuals, Underwriters",Beginner,"exclusion, flood-insurance",
flood-insurance,Flood Insurance,,Line-Specific,Property,"Insurance covering damage from flooding, which standard home policies exclude.",NFIP coverage pays to repair a flooded ground floor.,Policy document,"Individuals, Underwriters, Product Owners",Beginner,"national-flood-insurance-program, flood-zone, flood-exclusion",
flood-zone,Flood Zone,Special Flood Hazard Area; SFHA,Underwriting,Property,An area mapped by FEMA by flood risk; high-risk zones start with A or V.,A home in Zone AE must carry flood insurance if it has a federally backed mortgage.,Underwriting system,"Individuals, Developers, Underwriters",Intermediate,"flood-insurance, elevation-certificate",
floor-rate,Floor,Floor Rate,Line-Specific,Life,"The minimum interest credited to an indexed product, often 0%, so you don't lose money when the index falls.",The index falls 20%; you're credited 0%.,Policy document,"Individuals, Developers",Advanced,"cap-rate, participation-rate",
florida-hurricane-catastrophe-fund,Florida Hurricane Catastrophe Fund,FHCF; Cat Fund,Reinsurance,"Property, Social/Government, Reinsurance",A state-run fund providing reinsurance to Florida residential property insurers for hurricane losses.,Florida insurers must buy FHCF coverage.,Reinsurance contract,"Underwriters, Product Owners",Advanced,"catastrophe-excess-of-loss, citizens-property-insurance",
follow-form,Follow Form,Following Form,Policy Wording,"Casualty/Liability, Financial Lines",An excess policy that adopts the same terms and conditions as the policy underneath it.,A follow-form excess D&O policy covers what the primary covers.,Policy document,Underwriters,Advanced,"excess-insurance, umbrella-insurance",
follow-the-fortunes,Follow the Fortunes,Follow the Settlements,Reinsurance,Reinsurance,A principle that the reinsurer must accept the ceding insurer's good-faith claim decisions.,The reinsurer pays its share of a claim the cedent settled reasonably.,Reinsurance contract,Underwriters,Advanced,reinsurance,
force-majeure,Force Majeure,,Legal/Latin,"Commercial, Specialty, Financial Lines",A contract clause freeing parties from their obligations when extraordinary events beyond their control occur.,"A concert can't go ahead due to a government lockdown, triggering a force majeure clause.",Policy document,"Underwriters, Product Owners",Intermediate,"act-of-god, event-cancellation-insurance",Mostly found in commercial contracts; insurance policies rely on their own perils and exclusions.
form,Form,Policy Form,Policy Wording,All,"A standard printed document that makes up part of a policy, identified by a form number.",The ISO homeowners form HO 00 03.,"Policy document, Declarations page, Policy administration system","Developers, Underwriters, Product Owners",Intermediate,"iso, endorsement, forms-schedule",Most forms must be filed with and approved by state regulators.
form-a,Form A,,Regulation,All,A filing required for approval before anyone acquires control of a domestic insurer.,A private equity firm files Form A to buy a life insurer.,Regulatory filings,Product Owners,Advanced,insurance-holding-company,
form-filing,Form Filing,,Regulation,All,Submitting policy forms and endorsements to a state regulator for review.,A new cyber endorsement filed in 48 states.,Regulatory filings,"Developers, Underwriters, Product Owners",Intermediate,"rate-filing, serff, form",
form-number,Form Number,Form Edition Date,Technology,All,"The unique identifier and edition date printed on each policy form, e.g., 'HO 00 03 05 11'.",The edition date tells which version applies.,Policy document,"Developers, Underwriters",Intermediate,"form, forms-schedule",
forms-schedule,Forms Schedule,Forms List,Policy Wording,All,A list on the policy of all the form and endorsement numbers that make up the contract.,The dec page lists 'CG 00 01 04 13; CG 21 47 12 07'.,Declarations page,"Developers, Underwriters",Intermediate,"form, endorsement",
formulary,Formulary,Drug List,Line-Specific,Health,The list of prescription drugs a health plan covers.,"Your brand-name drug is not on the formulary, but a generic is.",Policy document,"Individuals, Developers, Product Owners",Beginner,"drug-tier, pharmacy-benefit-manager",
fraternal-benefit-society,Fraternal Benefit Society,,Core Concept,"Life, Health",A nonprofit membership organization that provides life insurance and other benefits to members.,Knights of Columbus offers life insurance to members.,,"Individuals, Product Owners",Intermediate,mutual-insurance-company,
free-look-period,Free Look Period,Cooling-Off Period; Right to Examine,Lifecycle,"Life, Health",A short period after receiving a policy when you can cancel it for a full refund.,You have 10 days to review your new life policy and cancel for a full refund.,Policy document,"Individuals, Developers, Underwriters",Beginner,"policy-delivery, cancellation","Length is set by state law, often 10–30 days; longer for replacements and seniors."
free-withdrawal-provision,Free Withdrawal Provision,Penalty-Free Withdrawal,Line-Specific,Life,"Lets you withdraw a portion, often 10% a year, from an annuity without surrender charges.",You take out 10% in year 3 without penalty.,Policy document,"Individuals, Developers",Intermediate,"surrender-charge, annuity",
frequency,Frequency,Claim Frequency,Finance & Actuarial,All,"How often losses or claims happen, usually measured per exposure.",5 claims per 100 cars per year is a frequency of 5%.,"Financial statements, Underwriting system","Developers, Underwriters, Product Owners",Intermediate,"severity, loss-cost, pure-premium",
fronting,Fronting,Fronting Carrier,Reinsurance,All,A licensed insurer issues a policy but passes most or all of the risk to a reinsurer or captive.,"A captive can't issue policies in all states, so a fronting carrier issues them and reinsures to the captive.",Reinsurance contract,"Underwriters, Product Owners",Advanced,"captive-insurance-company, reinsurance, managing-general-agent",
fully-earned-premium,Fully Earned Premium,,Finance & Actuarial,"Commercial, Specialty","A premium, or portion of it, that is not refunded if the policy is cancelled.",Event cancellation premium is fully earned at inception.,Declarations page,"Developers, Underwriters",Advanced,"minimum-premium, earned-premium",
fully-insured-plan,Fully Insured Plan,,Line-Specific,Health,"A health plan where the employer pays premiums to an insurer, which takes on the claims risk.",A small business buys a fully insured group plan.,Policy document,"Developers, Underwriters, Product Owners",Intermediate,self-funded-plan,Subject to state insurance mandates.
gaap,GAAP,Generally Accepted Accounting Principles,Finance & Actuarial,All,Standard US accounting rules used for financial reports to investors.,Public insurers report GAAP earnings to the SEC.,Financial statements,"Developers, Product Owners",Advanced,"statutory-accounting-principles, deferred-acquisition-costs",
gap-insurance,Gap Insurance,Loan/Lease Payoff,Policy Wording,Motor,Pays the difference between your car's actual cash value and what you still owe on the loan or lease after a total loss.,"Your car is worth $20,000 but you owe $24,000; gap pays $4,000.",Declarations page,"Individuals, Developers",Beginner,"total-loss, actual-cash-value",
garage-liability,Garage Liability,Garagekeepers,Line-Specific,"Motor, Commercial","Coverage for auto businesses such as repair shops and dealers, including customers' cars in their care (garagekeepers).",A customer's car is damaged in a shop fire.,Policy document,Underwriters,Intermediate,commercial-auto-insurance,
garaging-address,Garaging Address,,Underwriting,Motor,"Where a vehicle is usually kept overnight, used to set the rating territory.",Listing a cheaper rural address falsely is misrepresentation.,Application form,"Individuals, Developers, Underwriters",Beginner,"territory, misrepresentation",
general-average,General Average,,Legal/Latin,Marine/Aviation/Transit,A maritime rule where all parties in a sea voyage share losses from a deliberate sacrifice made to save the voyage.,Cargo is thrown overboard to save the ship; all cargo owners share the loss.,Policy document,Underwriters,Advanced,"particular-average, york-antwerp-rules",
general-damages,General Damages,,Legal/Latin,"Casualty/Liability, Motor","Damages for harm that has no exact price, like pain, suffering and loss of enjoyment of life.","A crash victim receives $30,000 for pain and suffering.",Claim documents,Underwriters,Intermediate,"special-damages, compensatory-damages",
indemnity-agreement,General Indemnity Agreement,GIA,Line-Specific,"Specialty, Financial Lines",An agreement where a bond principal (and often its owners) promise to repay the surety for any losses.,A contractor's owners personally sign the GIA.,Policy document,Underwriters,Advanced,surety-bond,
general-ledger,General Ledger,GL (Accounting),Technology,All,"The accounting system recording all financial transactions, fed by policy, billing and claims systems.",Premium and claim payments post to the general ledger.,Financial statements,Developers,Intermediate,"billing-system, statutory-accounting-principles",
general-liability-insurance,General Liability Insurance,,Line-Specific,"Casualty/Liability, Commercial",Broad term for insurance covering a business's legal liability for injuries and property damage to others.,A contractor buys general liability to win jobs.,Policy document,"Individuals, Developers, Underwriters, Product Owners",Beginner,commercial-general-liability,
generalized-linear-model,Generalized Linear Model,GLM,Technology,All,A statistical technique widely used in insurance pricing to estimate how each rating factor affects losses.,A GLM shows young drivers have 2.5x the claim frequency.,Rating engine,"Developers, Product Owners",Advanced,"predictive-model, rating-factor",Regulators often review GLMs in rate filings.
geocoding,Geocoding,,Technology,"Property, Motor",Converting an address into latitude and longitude for risk and pricing analysis.,A home is geocoded to measure distance to the coast.,"Underwriting system, Rating engine",Developers,Intermediate,"territory, catastrophe-model",
glass-coverage,Glass Coverage,Full Glass,Policy Wording,Motor,"Coverage for windshield and window damage, sometimes with no deductible.",A cracked windshield is replaced for free.,Declarations page,Individuals,Beginner,comprehensive-coverage,"Some states (e.g., Florida, Kentucky, South Carolina) require zero-deductible windshield coverage."
good-driver-discount,Good Driver Discount,Safe Driver Discount,Underwriting,Motor,A discount for drivers with no recent accidents or violations.,A 20% discount for 5 clean years.,Quote,Individuals,Beginner,driving-record-points,California law mandates a 20% good driver discount.
grace-period,Grace Period,,Lifecycle,All,Extra time after a premium due date during which coverage stays in force before the policy lapses.,A life policy gives a 31-day grace period.,"Policy document, Billing statement","Individuals, Developers, Underwriters",Beginner,"lapse, reinstatement, premium",ACA marketplace enrollees receiving subsidies get a 3-month grace period; life policies typically have 30–31 days by state law.
graded-death-benefit,Graded Death Benefit,,Line-Specific,Life,A benefit that is limited (often to premiums plus interest) if death from illness occurs in the first two or three years.,Death in year one returns premiums plus 10%.,Policy document,"Individuals, Underwriters",Intermediate,"guaranteed-issue, final-expense-insurance",
glba,Gramm-Leach-Bliley Act,GLBA,Regulation,All,"A 1999 federal law that, among other things, requires financial institutions including insurers to protect customer personal information and give privacy notices.",An insurer mails an annual privacy notice.,Regulatory filings,"Developers, Product Owners",Intermediate,"privacy-notice, data-security-model-law",States enforce GLBA privacy rules for insurers.
group-insurance,Group Insurance,,Core Concept,"Life, Health","Insurance covering a group of people, like employees or members, under one contract.",An employer's group health plan.,Policy document,"Individuals, Developers, Product Owners",Beginner,"master-policy, certificate-of-coverage, group-life-insurance",
group-life-insurance,Group Life Insurance,,Line-Specific,Life,"Life insurance provided to a group, typically employees, under one master policy.",Your employer provides life cover equal to 1x salary.,Policy document,"Individuals, Developers, Product Owners",Beginner,"group-insurance, master-policy, certificate-of-coverage",
guaranteed-insurability-rider,Guaranteed Insurability Rider,Guaranteed Purchase Option,Line-Specific,Life,A rider allowing you to buy more coverage at set dates or life events without proving good health.,"You add $50,000 after your child is born.",Policy document,"Individuals, Underwriters",Intermediate,rider,
guaranteed-issue,Guaranteed Issue,,Underwriting,"Life, Health",Coverage that must be offered regardless of health.,A guaranteed issue final expense policy with a two-year graded benefit.,Application form,"Individuals, Underwriters, Product Owners",Intermediate,"simplified-issue, graded-death-benefit",The ACA made major medical guaranteed issue; Medigap has guaranteed issue rights in certain situations.
guaranteed-living-benefit,Guaranteed Living Benefit,GLWB; GMWB; GMIB,Line-Specific,Life,An optional annuity rider guaranteeing income or withdrawals regardless of market performance.,A GLWB guarantees 5% a year for life.,Policy document,"Individuals, Underwriters, Product Owners",Advanced,"variable-annuity, rider",
guaranteed-minimum-death-benefit,Guaranteed Minimum Death Benefit,GMDB,Line-Specific,Life,"An annuity feature guaranteeing heirs at least a minimum amount, like premiums paid, at death.","Heirs receive $100,000 even though the account fell to $80,000.",Policy document,"Individuals, Underwriters",Advanced,variable-annuity,
guaranteed-replacement-cost,Guaranteed Replacement Cost,,Policy Wording,Property,Pays the full cost to rebuild your home even if it exceeds the policy limit.,"Rebuild costs $600,000 on a $450,000 limit, all paid.",Policy document,"Individuals, Underwriters",Intermediate,"extended-replacement-cost, replacement-cost",Few insurers still offer it.
guaranteed-universal-life,Guaranteed Universal Life,GUL; No-Lapse UL,Line-Specific,Life,Universal life focused on a guaranteed death benefit to a certain age with little cash value.,A GUL guaranteed to age 100.,Policy document,"Individuals, Underwriters, Product Owners",Intermediate,"universal-life-insurance, no-lapse-guarantee",
guaranty-fund,Guaranty Fund,Guaranty Association,Regulation,All,"A state fund that pays claims, up to limits, when an admitted insurer becomes insolvent.","After an insurer fails, the state guaranty association pays your claim up to $300,000.",Regulatory filings,"Individuals, Underwriters, Product Owners",Intermediate,"admitted-insurer, insolvency, receivership",Separate associations for life/health and P&C in each state; limits vary.
guidewire,Guidewire,,Technology,"Property, Casualty/Liability, Motor, Commercial","A widely used software platform for P&C insurers (PolicyCenter, BillingCenter, ClaimCenter).",An insurer migrates to Guidewire Cloud.,,"Developers, Product Owners",Intermediate,"policy-administration-system, core-systems",
hard-fraud,Hard Fraud,,Claims,All,Planning or inventing a loss on purpose to collect insurance.,Burning your own house for the payout.,Claims system,Underwriters,Intermediate,"insurance-fraud, soft-fraud",
hard-market,Hard Market,,Underwriting,All,"A period when insurance is harder to get, prices rise and terms tighten.",Commercial property rates rose sharply in the 2020–2023 hard market.,,"Underwriters, Product Owners",Intermediate,"soft-market, underwriting-cycle, capacity",
hazard,Hazard,,Core Concept,All,A condition that makes a loss more likely or more severe.,Storing oily rags in a garage is a hazard that raises the chance of fire.,Underwriting system,"Underwriters, Product Owners",Beginner,"peril, moral-hazard, morale-hazard, physical-hazard",
hcpcs,HCPCS,Healthcare Common Procedure Coding System,Technology,Health,"A coding system for supplies, equipment, drugs and services, including CPT as Level I.",A HCPCS code for a wheelchair.,Claims system,Developers,Advanced,cpt-code,
health-insurance,Health Insurance,Medical Insurance; Major Medical,Line-Specific,Health,"Insurance that pays for medical care such as doctor visits, hospital stays and prescriptions.","Your employer plan pays most of a $20,000 surgery.",Policy document,"Individuals, Developers, Underwriters, Product Owners",Beginner,"deductible, copayment, coinsurance-health, out-of-pocket-maximum",
health-insurance-marketplace,Health Insurance Marketplace,Exchange; HealthCare.gov,Distribution,Health,The government-run service where individuals and small businesses shop for ACA health plans and apply for subsidies.,You buy a silver plan on HealthCare.gov.,,"Individuals, Developers, Product Owners",Beginner,"affordable-care-act, premium-tax-credit, open-enrollment-period, metal-tiers","Some states run their own exchanges (e.g., Covered California)."
health-reimbursement-arrangement,Health Reimbursement Arrangement,HRA; ICHRA,Line-Specific,Health,An employer-funded account that reimburses employees for medical costs or individual insurance premiums.,An employer gives $400 a month via ICHRA to buy an individual plan.,Policy document,"Individuals, Developers, Product Owners",Advanced,"flexible-spending-account, health-savings-account",
health-savings-account,Health Savings Account,HSA,Line-Specific,Health,"A tax-advantaged savings account for medical costs, available with a high-deductible health plan.","You put $3,000 pre-tax into an HSA and use it for doctor bills.",Policy document,"Individuals, Developers, Product Owners",Intermediate,"high-deductible-health-plan, flexible-spending-account",IRS sets yearly contribution limits.
hierarchical-condition-categories,Hierarchical Condition Categories,HCC,Technology,Health,"A coding system that groups diagnoses to estimate how costly a patient will be, used for risk adjustment.",Coding diabetes with complications raises a member's risk score.,Claims system,"Developers, Product Owners",Advanced,"risk-adjustment, icd-10",
high-deductible-health-plan,High-Deductible Health Plan,HDHP,Line-Specific,Health,"A plan with a higher deductible that meets IRS rules, allowing you to open an HSA.","A plan with a $3,300 deductible and HSA eligibility.",Policy document,"Individuals, Developers, Product Owners",Intermediate,"health-savings-account, deductible",
hipaa,HIPAA,Health Insurance Portability and Accountability Act,Regulation,Health,A 1996 federal law that protects the privacy and security of health information and limits certain health plan exclusions.,A health insurer must encrypt member medical data.,Regulatory filings,"Developers, Underwriters, Product Owners",Intermediate,"protected-health-information, business-associate-agreement",
hired-and-non-owned-auto,Hired and Non-Owned Auto,HNOA,Policy Wording,"Motor, Commercial",Covers a business's liability for rented vehicles and employees' personal cars used for work.,An employee crashes their own car driving to a client.,Policy document,"Underwriters, Product Owners",Intermediate,commercial-auto-insurance,
hmo,HMO,Health Maintenance Organization,Line-Specific,Health,A health plan that usually covers only in-network care and requires a primary care doctor and referrals for specialists.,You need a referral from your PCP to see a dermatologist.,"Policy document, Insurance ID card","Individuals, Developers, Product Owners",Beginner,"ppo, epo, pos-plan, primary-care-physician, referral-health",
ho-3,HO-3,Special Form Homeowners,Line-Specific,Property,"The most common US homeowners form: open perils on the house, named perils on belongings.",Most homeowners buy an HO-3.,Policy document,"Individuals, Developers, Underwriters, Product Owners",Intermediate,"homeowners-insurance, ho-5, open-perils",Based on ISO form HO 00 03.
ho-4,HO-4,Renters Insurance; Tenant Policy,Line-Specific,Property,"Insurance for renters covering belongings, liability and additional living expense, but not the building.","A renter's $20,000 policy for furniture and electronics.",Policy document,"Individuals, Developers, Underwriters",Beginner,"homeowners-insurance, personal-property-coverage",
ho-5,HO-5,Comprehensive Form Homeowners,Line-Specific,Property,A homeowners form that covers both the house and belongings on an open perils basis.,A higher-end homeowner buys HO-5.,Policy document,"Individuals, Underwriters",Intermediate,"ho-3, open-perils",
ho-6,HO-6,Condo Insurance; Condominium Unit Owners,Line-Specific,Property,"Insurance for condo owners covering their unit's interior, belongings and liability.",Covers new kitchen cabinets after a fire in your condo unit.,Policy document,"Individuals, Underwriters",Intermediate,"master-policy-condo, loss-assessment-coverage",
ho-8,HO-8,Modified Coverage Form,Line-Specific,Property,"A homeowners form for older homes whose market value is below rebuild cost, usually paying repair with common materials or ACV.",A 1900s house with plaster walls insured under HO-8.,Policy document,"Individuals, Underwriters",Advanced,"ho-3, actual-cash-value",
hold-harmless-agreement,Hold Harmless Agreement,Indemnity Agreement,Legal/Latin,"Casualty/Liability, Commercial",A contract where one party agrees to protect the other from claims or losses.,A subcontractor agrees to hold the general contractor harmless for injuries on site.,,"Underwriters, Product Owners",Intermediate,"risk-transfer, contractual-liability, additional-insured",Many states have anti-indemnity statutes limiting these in construction.
homeowners-insurance,Homeowners Insurance,Home Insurance; HO Policy,Line-Specific,Property,"A package policy covering your house, belongings and personal liability.",An HO-3 policy covering a single-family home.,Policy document,"Individuals, Developers, Underwriters, Product Owners",Beginner,"ho-3, dwelling-coverage, personal-property-coverage, personal-liability-coverage",
hospital-indemnity-insurance,Hospital Indemnity Insurance,,Line-Specific,Health,"Insurance that pays a fixed amount per day you're in the hospital, regardless of actual costs.",$200 per day for a 5-day hospital stay.,Policy document,"Individuals, Product Owners",Intermediate,"critical-illness-insurance, excepted-benefits",
hours-clause,Hours Clause,,Reinsurance,Reinsurance,"A clause defining how long a period (e.g., 72 hours) counts as one catastrophe event.",Wind losses within 72 hours count as one hurricane event.,Reinsurance contract,Underwriters,Advanced,"catastrophe-excess-of-loss, occurrence",
hull-insurance,Hull Insurance,Hull and Machinery; H&M,Line-Specific,Marine/Aviation/Transit,Physical damage insurance on a ship or aircraft itself.,A ship's engine room fire is covered.,Policy document,"Underwriters, Product Owners",Intermediate,"aviation-insurance, ocean-marine-insurance",
hurricane-deductible,Hurricane Deductible,Named Storm Deductible,Policy Wording,Property,"A special, usually percentage-based, deductible that applies to hurricane damage.",A 5% hurricane deductible applies when a named storm damages your Florida home.,"Declarations page, Policy document","Individuals, Underwriters",Intermediate,"percentage-deductible, deductible",Used in about 19 coastal states and D.C.; each state sets its own trigger rules.
hybrid-life-ltc,Hybrid Life/LTC,Linked Benefit Policy,Line-Specific,"Life, Health",A life insurance or annuity product combined with long-term care benefits.,A single-premium policy that pays LTC or a death benefit.,Policy document,"Individuals, Product Owners",Advanced,"long-term-care-insurance, long-term-care-rider",
ibnr,IBNR,Incurred But Not Reported,Finance & Actuarial,All,A reserve for claims that have happened but haven't yet been reported to the insurer.,A December accident reported in February is part of year-end IBNR.,Financial statements,"Developers, Underwriters, Product Owners",Advanced,"loss-reserve, case-reserve-development, bulk-reserve, loss-development",
icd-10,ICD-10,"International Classification of Diseases, 10th Revision",Technology,Health,The code set used to record diagnoses on health claims.,E11.9 is the code for type 2 diabetes without complications.,"Claim documents, Claims system","Developers, Underwriters",Intermediate,"cpt-code, claim-adjudication",US uses ICD-10-CM (diagnoses) and ICD-10-PCS (inpatient procedures).
identity-theft-insurance,Identity Theft Insurance,,Line-Specific,"Property, Specialty","Covers costs of restoring your identity after theft, like legal fees and lost wages.",Pays costs to fix accounts opened in your name.,Policy document,Individuals,Beginner,cyber-insurance,
immediate-annuity,Immediate Annuity,SPIA; Single Premium Immediate Annuity,Line-Specific,Life,An annuity bought with a lump sum that starts paying income within a year.,"A retiree buys a SPIA for $200,000.",Policy document,"Individuals, Product Owners",Intermediate,"annuity, deferred-annuity",
in-force,In Force,,Lifecycle,All,A policy that is currently active and providing coverage.,Your policy is in force until next March.,"Policy administration system, Declarations page","Individuals, Developers, Underwriters, Product Owners",Beginner,"policy-status, lapse",
in-network,In-Network,Participating Provider; Par,Line-Specific,Health,"Doctors, hospitals and other providers that have a contract with your health plan to charge agreed rates.",An in-network visit costs you a $20 copay.,"Insurance ID card, Explanation of benefits","Individuals, Developers",Beginner,"out-of-network, provider-network",
incontestability-clause,Incontestability Clause,Incontestable Clause,Policy Wording,"Life, Health","After a set time (usually two years), the insurer can't cancel or deny a life policy for misstatements on the application, except in some cases like fraud.","After two years, a small error on your life application can't be used to deny the claim.",Policy document,"Individuals, Underwriters, Product Owners",Intermediate,"rescission, suicide-clause, contestable-period",Required by state law for life policies; generally 2 years.
incoterms,Incoterms,,Legal/Latin,Marine/Aviation/Transit,International trade terms (like FOB and CIF) that define when risk passes from seller to buyer and who buys insurance.,"Under CIF, the seller must insure the goods.",,"Underwriters, Product Owners",Advanced,cargo-insurance,
incurred-losses,Incurred Losses,,Finance & Actuarial,All,Losses paid plus change in reserves during a period.,"Paid $40M, reserves up $10M, incurred $50M.",Financial statements,"Developers, Underwriters, Product Owners",Intermediate,"total-incurred, paid-losses, loss-ratio",
indemnity,Indemnity,Principle of Indemnity,Core Concept,All,"The idea that insurance should put you back in the same financial position you were in before the loss, not make you better off.","After a $10,000 fire loss you receive $10,000, not $15,000.",Policy document,"Individuals, Underwriters, Product Owners",Beginner,"actual-cash-value, replacement-cost, subrogation, contribution",
independent-adjuster,Independent Adjuster,IA,Claims,All,"An adjuster hired by an insurer on contract rather than employed by it, often used after catastrophes.",Hundreds of IAs deploy to Florida after a hurricane.,Claims system,"Underwriters, Product Owners",Intermediate,"claims-adjuster, catastrophe-adjuster",
independent-agent,Independent Agent,,Distribution,All,An agent who represents several insurers and can shop for the best fit.,An independent agent compares quotes from six carriers.,,"Individuals, Underwriters, Product Owners",Beginner,"captive-agent, insurance-agent, broker",
index-insurance,Index Insurance,Index-Based Insurance,Line-Specific,"Agriculture, Alternative Risk Transfer",Insurance that pays based on an index like area yield or rainfall rather than an individual's loss.,A rancher gets paid when the pasture rainfall index falls below normal.,Policy document,"Underwriters, Product Owners",Intermediate,"parametric-trigger, pasture-rangeland-forage",
indexed-universal-life,Indexed Universal Life,IUL,Line-Specific,Life,"Universal life where cash value interest is linked to a stock market index, with a floor and cap.","Credited interest follows the S&P 500 up to a 10% cap, with a 0% floor.",Policy document,"Individuals, Developers, Underwriters, Product Owners",Advanced,"universal-life-insurance, cap-rate, participation-rate, floor-rate",NAIC Actuarial Guideline 49-A limits illustrated rates.
indication,Indication,Ballpark Quote,Lifecycle,All,"A rough, non-binding price estimate given before full underwriting.","A broker gets an indication of about $40,000 for a D&O policy.",Quote,"Underwriters, Product Owners",Intermediate,"quote, submission",
individual-mandate,Individual Mandate,,Regulation,Health,An ACA rule requiring most people to have health coverage; the federal penalty was reduced to $0 from 2019.,No federal tax penalty for being uninsured since 2019.,Regulatory filings,"Individuals, Product Owners",Intermediate,"affordable-care-act, adverse-selection","California, Massachusetts, New Jersey, Rhode Island and D.C. have their own mandates with penalties."
industry-loss-warranty,Industry Loss Warranty,ILW,Reinsurance,"Reinsurance, Alternative Risk Transfer",A reinsurance contract that pays when total industry losses from an event exceed a set amount.,Pays if a US hurricane causes industry losses over $30B.,Reinsurance contract,Product Owners,Advanced,"catastrophe-bond, pcs-catastrophe",
inherent-vice,Inherent Vice,,Legal/Latin,"Property, Marine/Aviation/Transit, Specialty","Damage caused by a natural quality of the item itself, not an outside event. It is usually excluded.",Fruit rotting in transit because of its own ripening is inherent vice.,Policy document,Underwriters,Advanced,"exclusion, wear-and-tear",
inland-marine-insurance,Inland Marine Insurance,,Line-Specific,"Property, Commercial, Marine/Aviation/Transit","Covers property that moves or is in transit over land, or unusual property like equipment, bridges and fine art.",A contractor's tools and equipment covered at job sites.,Policy document,"Developers, Underwriters, Product Owners",Intermediate,"contractors-equipment, builders-risk, scheduled-personal-property",NAIC's Nationwide Marine Definition sets what qualifies.
innocent-co-insured,Innocent Co-Insured,,Policy Wording,Property,"An insured who didn't take part in a wrongful act, such as arson by a spouse, and may still recover.",A wife whose husband set fire to their home may still be paid for her share.,Policy document,Underwriters,Advanced,severability-of-interests,"Many states protect innocent co-insureds by statute, especially in domestic violence cases."
insolvency,Insolvency,,Finance & Actuarial,All,"When an insurer cannot pay its debts, including claims.",A Florida homeowners insurer becomes insolvent after hurricanes.,"Financial statements, Regulatory filings","Underwriters, Product Owners",Intermediate,"guaranty-fund, receivership, risk-based-capital",
inspection,Inspection,Risk Survey; Loss Control Survey,Underwriting,"Property, Casualty/Liability, Commercial",A visit to evaluate a property or operation for hazards before or after issuing coverage.,An inspector photographs a home's roof for underwriting.,Underwriting system,"Developers, Underwriters",Beginner,"loss-control, underwriting",
installation-floater,Installation Floater,,Line-Specific,"Commercial, Marine/Aviation/Transit",Covers materials and equipment being installed until the job is accepted.,HVAC units in transit and during install.,Policy document,Underwriters,Advanced,inland-marine-insurance,
installment-plan,Installment Plan,Payment Plan,Lifecycle,All,"Paying the premium in parts, such as monthly or quarterly, sometimes with a fee.","A $1,200 policy paid in 12 installments of $100 plus $5 fee.",Billing statement,"Individuals, Developers",Beginner,"premium, premium-finance",
institute-cargo-clauses,Institute Cargo Clauses,"ICC (A), (B), (C)",Policy Wording,Marine/Aviation/Transit,"Standard London-market cargo wordings: (A) broadest all-risks, (B) and (C) named perils.",A shipper buys ICC (A) cover.,Policy document,Underwriters,Advanced,cargo-insurance,Widely used in US cargo placements; American Institute forms also exist.
insurable-interest,Insurable Interest,,Core Concept,All,"You can only insure something if you would suffer a financial loss if it were damaged, destroyed or lost.","You can insure your own house, but not your neighbor's house.","Application form, Policy document","Individuals, Underwriters, Product Owners",Beginner,"indemnity, policyholder, beneficiary","In life insurance, insurable interest must exist when the policy is bought; state laws address stranger-originated life insurance (STOLI)."
insurable-risk,Insurable Risk,,Core Concept,All,"A risk that insurers are willing and able to cover because losses are accidental, measurable and not catastrophic for everyone at once.",House fire is insurable; a stock market crash is not.,Underwriting system,"Underwriters, Product Owners",Intermediate,"pure-risk, law-of-large-numbers, catastrophe",
insurance,Insurance,,Core Concept,All,"An arrangement where you pay a company a fee so that it covers the cost of certain losses if they happen. Many people pay in, and the money pays for the few who suffer a loss.","You pay $1,200 a year for home insurance; when a pipe bursts, the insurer pays $8,000 for repairs.","Policy document, Agent/broker communications","Individuals, Developers, Underwriters, Product Owners",Beginner,"premium, risk-pooling, insurer, insured","Insurance is regulated mainly by the states, not the federal government."
insurance-commissioner,Insurance Commissioner,Superintendent; Director of Insurance,Regulation,All,The official who heads a state's insurance regulator.,The California Insurance Commissioner is elected.,Regulatory filings,"Individuals, Underwriters, Product Owners",Beginner,state-department-of-insurance,"Elected in some states, appointed in most."
data-security-model-law,Insurance Data Security Model Law,,Regulation,All,An NAIC model law requiring insurers and agents to have information security programs and report cybersecurity events.,An insurer notifies the regulator of a data breach within 72 hours.,Regulatory filings,"Developers, Product Owners",Advanced,"glba, naic, model-law",Adopted by roughly half the states; New York has its own cyber rule (23 NYCRR 500).
data-warehouse,Insurance Data Warehouse,,Technology,All,"A central database that combines policy, claims and billing data for reporting and analytics.",Actuaries pull loss triangles from the warehouse.,,"Developers, Product Owners",Intermediate,loss-development-triangle,
insurance-fraud,Insurance Fraud,,Claims,All,Deliberately lying or deceiving to get insurance money or lower premiums.,Staging a car crash to claim injuries is insurance fraud.,"Claims system, Claim documents","Individuals, Developers, Underwriters, Product Owners",Beginner,"special-investigations-unit, moral-hazard, soft-fraud, hard-fraud",Most states have fraud bureaus and require insurers to report suspected fraud.
insurance-holding-company,Insurance Holding Company,,Regulation,All,A parent company that owns one or more insurers; transactions between affiliates are regulated.,A holding company owns five P&C insurers in different states.,Regulatory filings,Product Owners,Advanced,form-a,
insurance-id-card,Insurance ID Card,Proof of Insurance,Technology,"Health, Motor","A card showing proof of coverage, like an auto ID card or health member card.",You show your auto ID card to police.,Insurance ID card,"Individuals, Developers",Beginner,policy-number,Most states now accept digital auto ID cards.
insurance-policy,Insurance Policy,Policy; Contract of Insurance,Policy Wording,All,"The written contract that spells out what is covered, what is not, and the duties of both sides.",Your 40-page homeowners policy document.,Policy document,"Individuals, Developers, Underwriters, Product Owners",Beginner,"declarations-page, insuring-agreement, exclusion, conditions",
insurance-to-value,Insurance to Value,ITV,Underwriting,"Property, Commercial",How close the insured amount is to the true replacement cost of the property.,"An underwriter checks ITV to make sure the $500,000 limit matches rebuild cost.","Underwriting system, Rating engine","Developers, Underwriters",Intermediate,"underinsurance, coinsurance-clause, replacement-cost",
insurance-linked-securities,Insurance-Linked Securities,ILS,Finance & Actuarial,"Reinsurance, Alternative Risk Transfer","Financial instruments whose value depends on insurance losses, like cat bonds and collateralized reinsurance.",A pension fund invests in ILS for diversification.,Financial statements,Product Owners,Advanced,"catastrophe-bond, collateralized-reinsurance",
insured,Insured,,Core Concept,All,The person or organization protected by the policy.,"On a car policy, you and family members who drive your car are insureds.","Declarations page, Policy document","Individuals, Developers, Underwriters, Product Owners",Beginner,"named-insured, additional-insured, policyholder",
insured-life,Insured (Life),Life Insured; Insured Person,Line-Specific,Life,The person whose life is covered; their death triggers the payout. They may differ from the policyowner.,A company insures the life of its CEO.,Declarations page,"Individuals, Developers, Underwriters",Beginner,"policyholder, beneficiary",
insured-vs-insured-exclusion,Insured vs. Insured Exclusion,,Policy Wording,Financial Lines,"Excludes claims brought by one insured against another, such as the company suing its own directors.",The company sues its former CFO; the D&O excludes it.,Policy document,Underwriters,Advanced,"directors-and-officers-liability, exclusion",
insurer,Insurer,Carrier; Insurance Company; Underwriter,Core Concept,All,The company that issues the policy and agrees to pay covered claims.,State Farm or a small regional mutual is an insurer.,Policy document,"Individuals, Developers, Underwriters, Product Owners",Beginner,"insured, admitted-insurer, mutual-insurance-company, stock-insurance-company",
insuring-agreement,Insuring Agreement,,Policy Wording,All,The part of the policy stating what the insurer promises to cover.,'We will pay those sums the insured becomes legally obligated to pay as damages because of bodily injury...',Policy document,"Individuals, Underwriters, Product Owners",Intermediate,"exclusion, conditions, definitions-section",
insurtech,Insurtech,,Technology,All,"Technology-driven companies or innovations in insurance, such as app-based insurers, data tools or digital distribution.",An app that quotes renters insurance in 90 seconds.,,"Developers, Product Owners",Beginner,"embedded-insurance, digital-distribution",
intentional-acts-exclusion,Intentional Acts Exclusion,Expected or Intended Injury Exclusion,Policy Wording,"Property, Casualty/Liability, Commercial",Excludes injury or damage the insured intended or expected to cause.,Punching someone is not covered by your homeowners liability.,Policy document,"Individuals, Underwriters",Intermediate,exclusion,
inter-company-arbitration,Inter-Company Arbitration,Arbitration Forums,Claims,"Property, Motor",A process where insurers resolve subrogation disputes between themselves without going to court.,"Two auto insurers resolve fault through Arbitration Forums, Inc.",Claims system,"Developers, Underwriters",Advanced,"subrogation, subrogation-demand",
investment-income,Investment Income,,Finance & Actuarial,All,Money an insurer earns by investing premiums and reserves before claims are paid.,Interest from bonds held to back reserves.,Financial statements,Product Owners,Intermediate,"float, operating-ratio",
irrevocable-beneficiary,Irrevocable Beneficiary,,Line-Specific,Life,A beneficiary who cannot be changed without their consent.,A divorce decree requires an ex-spouse to be irrevocable beneficiary.,Policy document,"Individuals, Underwriters",Intermediate,beneficiary,
iso,ISO,Insurance Services Office; Verisk ISO,Technology,"Property, Casualty/Liability, Motor, Commercial","An advisory organization (part of Verisk) that writes standard policy forms, collects statistics and files loss costs.",The standard CGL form CG 00 01 is an ISO form.,"Policy document, Regulatory filings","Developers, Underwriters, Product Owners",Intermediate,"form, loss-cost, aais",
issuance,Issuance,Policy Issuance,Lifecycle,All,Creating and delivering the formal policy documents after coverage is bound.,The policy is issued and emailed as a PDF.,Policy administration system,"Developers, Underwriters, Product Owners",Beginner,"binding, policy-delivery",
issue-age,Issue Age,,Underwriting,"Life, Health","The insured's age when the policy is issued, used to price premiums.",A policy issued at 35 is priced at issue age 35.,"Application form, Declarations page","Developers, Underwriters",Beginner,"attained-age, backdating",
jewelers-block,Jewelers Block,,Line-Specific,"Marine/Aviation/Transit, Specialty",Inland marine coverage for jewelry retailers' and wholesalers' stock.,A jewelry store robbery.,Policy document,Underwriters,Advanced,inland-marine-insurance,
joint-life,Joint Life,First-to-Die,Line-Specific,Life,A policy covering two people that pays when the first one dies.,Business partners buy first-to-die coverage.,Policy document,"Individuals, Underwriters",Intermediate,survivorship-life,
jones-act,Jones Act,Merchant Marine Act of 1920,Legal/Latin,"Commercial, Marine/Aviation/Transit",A federal law letting injured seamen sue their employers for negligence.,A deckhand sues the vessel owner after a fall.,,Underwriters,Advanced,"usl-h, protection-and-indemnity",
key-person-insurance,Key Person Insurance,Key Man Insurance,Line-Specific,"Life, Commercial","Life or disability insurance a business buys on an important employee, with the business as beneficiary.",A startup insures its founder for $2M.,Policy document,"Underwriters, Product Owners",Intermediate,"buy-sell-agreement, business-owners-policy",Employer-owned policies must meet IRS notice and consent rules (Section 101(j)).
kidnap-and-ransom,Kidnap and Ransom,K&R,Line-Specific,Specialty,"Covers ransom payments, crisis consultants and related costs if an insured person is kidnapped.",An executive traveling abroad is kidnapped.,Policy document,"Underwriters, Product Owners",Advanced,crime-insurance,
know-your-customer,Know Your Customer,KYC,Regulation,"Life, Financial Lines","Checks to verify the identity of customers, used to prevent money laundering and fraud.",An insurer verifies ID before issuing a large annuity.,Application form,"Developers, Underwriters",Intermediate,"anti-money-laundering, ofac",
landlord-insurance,Landlord Insurance,Rental Property Insurance,Line-Specific,Property,"Insurance for owners who rent out property, covering the building, liability and lost rent.",A landlord's policy pays lost rent after a fire.,Policy document,"Individuals, Underwriters",Beginner,"dwelling-fire-policy, fair-rental-value",
lapse,Lapse,,Lifecycle,All,When a policy ends because the premium was not paid within the grace period.,Your life policy lapses after missing payments.,"Policy administration system, Billing statement","Individuals, Developers, Underwriters",Beginner,"grace-period, reinstatement",
lapse-rate,Lapse Rate,,Finance & Actuarial,"Life, Health",The share of policies that stop because premiums are not paid.,A 5% annual lapse rate on term policies.,Financial statements,"Developers, Product Owners",Advanced,"lapse, persistency",
law-of-large-numbers,Law of Large Numbers,,Finance & Actuarial,All,"The larger the group of similar risks, the more accurately an insurer can predict how many losses will occur.","An insurer covering 100,000 cars can predict accident numbers far better than one covering 100.",,"Developers, Underwriters, Product Owners",Intermediate,"risk-pooling, actuary, credibility",
layer,Layer,,Reinsurance,"Property, Casualty/Liability, Financial Lines, Reinsurance","A slice of coverage between two amounts, often insured by different insurers in a tower.",One insurer takes the $5M excess of $5M layer.,"Reinsurance contract, Agent/broker communications","Underwriters, Product Owners",Advanced,"excess-insurance, tower, attachment-point",
lead-generation,Lead Generation,Leads,Distribution,All,Collecting information about potential customers and selling or passing it to agents or insurers.,An agent buys internet leads for Medicare supplement shoppers.,,"Developers, Product Owners",Intermediate,aggregator,Telemarketing and TCPA rules affect lead use.
legacy-system,Legacy System,,Technology,All,"An older system, often mainframe-based, still running critical insurance operations.",A 1980s COBOL policy system still issues life policies.,,"Developers, Product Owners",Beginner,core-systems,
suit-against-us-clause,Legal Action Against Us,Suit Limitation Clause,Policy Wording,"Property, Motor","A condition that limits when and how you can sue the insurer, such as within two years of the loss.",You must sue within one year after the loss.,Policy document,"Individuals, Underwriters",Advanced,conditions,Limits must meet state minimums.
level-term,Level Term,,Line-Specific,Life,Term life where the premium and death benefit stay the same for the whole term.,A 30-year level term policy at $40 a month.,Policy document,"Individuals, Underwriters",Beginner,"term-life-insurance, annual-renewable-term",
level-funded-plan,Level-Funded Plan,,Line-Specific,Health,"A self-funded plan for smaller employers with fixed monthly payments covering expected claims, admin and stop-loss.",A 40-employee firm pays a steady monthly amount and may get a refund if claims are low.,Policy document,"Underwriters, Product Owners",Advanced,"self-funded-plan, stop-loss-insurance",
liability,Liability,Legal Liability,Core Concept,"Casualty/Liability, Motor, Commercial, Financial Lines",Legal responsibility to pay for harm you cause to someone else or their property.,"If your dog bites a visitor, you may have liability for their medical bills.",Policy document,"Individuals, Developers, Underwriters, Product Owners",Beginner,"negligence, third-party-coverage, general-liability-insurance",
liberalization-clause,Liberalization Clause,,Policy Wording,"Property, Commercial","If the insurer broadens a form without extra charge, the broader coverage automatically applies to your current policy.",A new edition adds coverage mid-term and it applies to you immediately.,Policy document,Underwriters,Advanced,form,
license-and-permit-bond,License and Permit Bond,Commercial Surety Bond,Line-Specific,"Specialty, Financial Lines","A bond required by a government to obtain a license, guaranteeing compliance with laws.","An auto dealer must post a $50,000 bond.",Policy document,Underwriters,Intermediate,surety-bond,
lienholder,Lienholder,Lessor,Policy Wording,"Property, Motor",A lender or leasing company with a financial interest in the insured property.,The car finance company is the lienholder.,Declarations page,"Individuals, Developers",Beginner,"loss-payee, mortgagee-clause",
life-insurance,Life Insurance,,Line-Specific,Life,Insurance that pays money to your beneficiaries when you die.,"A $500,000 policy pays your family if you die.",Policy document,"Individuals, Developers, Underwriters, Product Owners",Beginner,"term-life-insurance, permanent-life-insurance, death-benefit, beneficiary",
life-only-annuity,Life Only Annuity,Straight Life Annuity,Line-Specific,Life,"Payments continue for the annuitant's life and stop at death, with nothing to heirs.",Payments stop when the annuitant dies.,Policy document,Individuals,Intermediate,"payout-option, period-certain",
life-settlement,Life Settlement,,Line-Specific,Life,Selling a life insurance policy to a third party for more than its cash surrender value but less than its death benefit.,"A 78-year-old sells a $1M policy for $200,000.",,"Individuals, Underwriters, Product Owners",Advanced,"viatical-settlement, stoli",Regulated by most states; rescission periods apply.
limit-of-liability,Limit of Liability,Limit; Limit of Insurance; Policy Limit,Core Concept,All,The most the insurer will pay for a covered loss or during the policy period.,"A liability policy with a $1,000,000 limit will not pay more than $1 million for a lawsuit.","Declarations page, Policy document","Individuals, Developers, Underwriters, Product Owners",Beginner,"aggregate-limit, per-occurrence-limit, sublimit, split-limits",
line,Line,Line Size,Reinsurance,"Property, Marine/Aviation/Transit, Reinsurance",The amount of a risk an insurer or reinsurer accepts; also a share of a risk taken by a market.,A syndicate writes a 10% line on a cargo policy.,Reinsurance contract,Underwriters,Advanced,"surplus-treaty, capacity",
line-of-business,Line of Business,LOB; Line of Insurance,Technology,All,"A category of insurance, like personal auto, homeowners or workers' comp, used for products, reporting and regulation.",Reporting premiums by LOB on the annual statement.,"Financial statements, Policy administration system","Developers, Underwriters, Product Owners",Beginner,"annual-statement, product-model",NAIC annual statement lines define regulatory LOBs.
lines-of-authority,Lines of Authority,LOA,Regulation,All,"The types of insurance a producer's license allows them to sell, such as life, health, property or casualty.",A producer with P&C lines of authority can't sell life insurance.,Regulatory filings,"Developers, Underwriters",Intermediate,producer-license,
liquor-liability,Liquor Liability,,Line-Specific,"Casualty/Liability, Commercial",Covers businesses that sell or serve alcohol against claims from intoxicated customers causing harm.,A bar is sued after a drunk patron crashes.,Policy document,"Underwriters, Product Owners",Intermediate,dram-shop-law,
litigation,Litigation,,Claims,"Casualty/Liability, Commercial, Financial Lines",A claim that has become a lawsuit.,A slip-and-fall claim goes to litigation.,Claims system,"Developers, Underwriters, Product Owners",Beginner,"defense-costs, duty-to-defend",
litigation-hold,Litigation Hold,Legal Hold,Claims,All,An order to keep all records related to a claim or lawsuit and not delete them.,The IT team preserves emails for a pending bad faith suit.,Claims system,Developers,Advanced,litigation,
livestock-insurance,Livestock Insurance,Livestock Mortality,Line-Specific,Agriculture,"Covers death of livestock from accidents, disease or other causes; federal price-risk livestock plans also exist.",A prize bull dies from lightning.,Policy document,Underwriters,Intermediate,crop-insurance,
lloyds,Lloyd's,Lloyd's of London,Distribution,"Marine/Aviation/Transit, Specialty, Financial Lines, Reinsurance",A London insurance marketplace where syndicates underwrite risks; it's a major non-admitted market in the US.,A US film production insurance placed at Lloyd's.,,"Underwriters, Product Owners",Intermediate,"syndicate, non-admitted-insurer, coverholder","Lloyd's writes US business mainly as a surplus lines insurer and reinsurer; it's admitted only in Illinois, Kentucky and the US Virgin Islands."
long-tail,Long-Tail Line,,Finance & Actuarial,"Casualty/Liability, Commercial, Financial Lines","A line where claims take many years to be reported and settled, like liability and workers' comp.",Asbestos claims appeared decades after exposure.,Financial statements,"Developers, Underwriters, Product Owners",Advanced,"short-tail, ibnr",
long-term-care-insurance,Long-Term Care Insurance,LTC; LTCI,Line-Specific,Health,"Insurance that pays for help with daily activities in a nursing home, assisted living or at home.",Pays $200 a day for a nursing home.,Policy document,"Individuals, Underwriters, Product Owners",Intermediate,"activities-of-daily-living, elimination-period, long-term-care-rider",Many states have LTC partnership programs linked to Medicaid asset protection.
long-term-care-rider,Long-Term Care Rider,,Line-Specific,"Life, Health",A rider allowing death benefit to be used for long-term care costs.,"The rider pays $4,000 a month toward assisted living.",Policy document,"Individuals, Underwriters, Product Owners",Intermediate,"long-term-care-insurance, hybrid-life-ltc",
long-term-disability-insurance,Long-Term Disability Insurance,LTD,Line-Specific,Health,"Disability insurance that pays for a long period, often to age 65, after a waiting period.",Pays 60% of salary for years after a disabling stroke.,Policy document,"Individuals, Developers, Product Owners",Intermediate,"disability-insurance, elimination-period, own-occupation",
loss,Loss,,Core Concept,All,"The reduction in value or financial harm that triggers a claim, such as damage, injury or death.",A tree falling on your garage is a loss.,"Policy document, Claim documents","Individuals, Developers, Underwriters, Product Owners",Beginner,"claim, peril, hazard",
loss-adjustment,Loss Adjustment,Claims Adjustment,Claims,All,"The process of investigating, evaluating and settling a claim.",The loss adjustment took three weeks.,Claims system,"Developers, Underwriters",Intermediate,"claims-adjuster, loss-adjustment-expense",
loss-adjustment-expense,Loss Adjustment Expense,LAE,Finance & Actuarial,All,"The costs of investigating and settling claims, separate from the claim payments themselves.",Adjuster fees and legal costs are LAE.,Financial statements,"Developers, Underwriters, Product Owners",Advanced,"allocated-loss-adjustment-expense, unallocated-loss-adjustment-expense, loss-ratio",
loss-assessment-coverage,Loss Assessment Coverage,,Policy Wording,Property,Pays your share of a special assessment charged by an HOA for a covered loss to common property.,"The HOA charges each owner $3,000 after a lobby fire.",Policy document,"Individuals, Underwriters",Intermediate,"ho-6, master-policy-condo",
loss-control,Loss Control,Risk Engineering; Loss Prevention,Underwriting,"Property, Casualty/Liability, Commercial",Services and actions to reduce the frequency or severity of losses.,A loss control engineer recommends machine guards at a factory.,Underwriting system,"Underwriters, Product Owners",Intermediate,"inspection, risk-management",
loss-cost,Loss Cost,Pure Premium,Finance & Actuarial,All,"The part of the premium needed just to pay expected losses, before expenses and profit.",Expected losses of $300 per car per year is the loss cost.,"Rating engine, Regulatory filings","Developers, Underwriters, Product Owners",Advanced,"pure-premium, rate, expense-load","In many states, advisory organizations like ISO file loss costs that insurers adjust with their own expenses."
loss-development,Loss Development,,Finance & Actuarial,All,The pattern of how total losses for a period grow as more claims are reported and paid.,Liability losses may take 10 years to fully develop.,Financial statements,"Developers, Product Owners",Advanced,"loss-development-triangle, loss-development-factor, reserve-development",
loss-development-factor,Loss Development Factor,LDF; Age-to-Age Factor,Finance & Actuarial,All,A multiplier showing how much losses are expected to grow from one evaluation age to the next or to ultimate.,A 12-to-24 month LDF of 1.40.,Financial statements,"Developers, Product Owners",Advanced,"loss-development-triangle, ultimate-loss",
loss-development-triangle,Loss Development Triangle,Loss Triangle,Finance & Actuarial,All,"A table showing losses by accident year across successive evaluation dates, used to project final losses.","Rows are accident years; columns are 12, 24, 36 months.",Financial statements,"Developers, Product Owners",Advanced,"loss-development, loss-development-factor, chain-ladder-method",
loss-history,Loss History,Claims History,Underwriting,All,A record of past claims used to judge the likelihood of future losses.,Three water claims in five years raise your home premium.,Underwriting system,"Individuals, Underwriters",Beginner,"loss-run, clue-report",
loss-of-use,Loss of Use,Additional Living Expense; ALE; Coverage D,Policy Wording,Property,Coverage for extra costs of living elsewhere while your home is being repaired after a covered loss.,The policy pays for a hotel while your fire-damaged house is fixed.,Policy document,"Individuals, Underwriters",Beginner,"additional-living-expense, fair-rental-value",
loss-payee,Loss Payee,,Policy Wording,"Property, Motor","A party, often a lender, that is paid from the claim along with or instead of the insured.",The bank financing your car is a loss payee.,Declarations page,"Developers, Underwriters",Intermediate,"mortgagee-clause, lienholder",
loss-ratio,Loss Ratio,,Finance & Actuarial,All,Losses (usually including loss adjustment expenses) divided by earned premium.,$60M losses on $100M earned premium is a 60% loss ratio.,Financial statements,"Developers, Underwriters, Product Owners",Beginner,"combined-ratio, expense-ratio, medical-loss-ratio",
loss-ratio-corridor,Loss Ratio Corridor,,Reinsurance,"Health, Reinsurance","A range of loss ratio in which a reinsurer does not pay, so the cedent keeps those losses.",Losses between 70% and 80% loss ratio stay with the cedent.,Reinsurance contract,Product Owners,Advanced,"quota-share, aggregate-excess-of-loss",
loss-reserve,Loss Reserve,,Finance & Actuarial,All,"Money set aside for claims that have happened but aren't paid yet, including unreported ones.",An insurer holds $500M in loss reserves.,Financial statements,"Developers, Underwriters, Product Owners",Intermediate,"claim-reserve, ibnr, reserves",
loss-run,Loss Run,Loss History Report,Underwriting,"Property, Casualty/Liability, Motor, Commercial, Financial Lines",A report from an insurer listing the claims a policyholder has had over a period.,A business gives five years of loss runs to a new insurer.,"Underwriting system, Agent/broker communications","Developers, Underwriters, Product Owners",Intermediate,"loss-history, submission, experience-rating",Several states require insurers to provide loss runs within a set time of request.
loss-trend,Loss Trend,Trend,Finance & Actuarial,All,The expected rate at which claim costs grow over time due to inflation and other factors.,A 6% annual severity trend for auto liability.,Financial statements,"Developers, Product Owners",Advanced,"social-inflation, severity",
loss-sensitive-program,Loss-Sensitive Program,,Underwriting,"Casualty/Liability, Commercial","Any insurance plan where the cost depends on the insured's own losses, such as retro plans or large deductibles.",A large-deductible workers' comp program for a trucking company.,,"Underwriters, Product Owners",Advanced,"retrospective-rating, self-insured-retention",
management-liability,Management Liability,,Line-Specific,Financial Lines,"A package of D&O, EPLI, fiduciary and crime coverages for private companies or nonprofits.",A nonprofit buys a management liability package.,Policy document,"Underwriters, Product Owners",Intermediate,"directors-and-officers-liability, employment-practices-liability",
managing-general-agent,Managing General Agent,MGA,Distribution,All,"A firm given authority by insurers to underwrite, bind, issue policies and sometimes handle claims on their behalf.",An MGA writes pet insurance backed by a large carrier.,,"Developers, Underwriters, Product Owners",Intermediate,"binding-authority, program-business, fronting",MGAs are regulated under state MGA laws based on an NAIC model act.
managing-general-underwriter,Managing General Underwriter,MGU,Distribution,All,"A term similar to MGA, stressing underwriting authority delegated by insurers.",An MGU specializes in cyber risks for small firms.,,"Developers, Underwriters, Product Owners",Intermediate,managing-general-agent,
market-conduct-examination,Market Conduct Examination,Market Conduct Exam,Regulation,All,"A regulatory review of how an insurer treats customers in sales, underwriting, claims and complaints.",A state exam finds late claim payments and fines the insurer.,Regulatory filings,"Developers, Underwriters, Product Owners",Intermediate,"financial-examination, unfair-claims-settlement-practices",
market-value-adjustment,Market Value Adjustment,MVA,Line-Specific,Life,An adjustment to an annuity's surrender value based on interest rate changes since purchase.,"Rates rose, so the MVA lowers your surrender value.",Policy document,"Individuals, Developers, Underwriters",Advanced,"surrender-charge, fixed-annuity",
mass-tort,Mass Tort,,Legal/Latin,"Casualty/Liability, Commercial",Lawsuits by many people harmed by the same product or action.,Thousands sue over a harmful chemical.,,"Underwriters, Product Owners",Advanced,"tort, product-liability-insurance",
master-policy,Master Policy,Group Policy,Policy Wording,"Life, Health",The single contract issued to an employer or organization for group insurance.,The employer holds the master policy; employees get certificates.,Policy document,"Developers, Underwriters, Product Owners",Intermediate,"group-insurance, certificate-of-coverage",
material-fact,Material Fact,,Underwriting,All,A fact that would affect whether an insurer accepts a risk or what premium it charges.,Having had two DUIs is a material fact for auto insurance.,Application form,"Individuals, Underwriters",Intermediate,"misrepresentation, concealment, utmost-good-faith",
maturity-date,Maturity Date,,Line-Specific,Life,"The date a policy or annuity ends and pays its value, if the insured is alive.",A policy matures at age 121.,Policy document,"Individuals, Developers",Intermediate,endowment,
maximum-foreseeable-loss,Maximum Foreseeable Loss,MFL,Underwriting,"Property, Commercial",The largest loss that could happen at a location if all protection systems failed.,The MFL assumes the sprinklers fail and the whole warehouse burns.,Underwriting system,Underwriters,Advanced,probable-maximum-loss,
mccarran-ferguson-act,McCarran-Ferguson Act,,Regulation,All,A 1945 federal law leaving insurance regulation mainly to the states and giving insurers limited antitrust exemption.,Why each state regulates its own insurance market.,Regulatory filings,"Underwriters, Product Owners",Intermediate,"state-department-of-insurance, naic",
mcs-90,MCS-90,,Regulation,"Motor, Commercial",A federally required endorsement guaranteeing a trucking company's liability limits are available to the public.,The insurer pays a victim under MCS-90 even if the policy wouldn't otherwise apply.,Policy document,Underwriters,Advanced,motor-carrier,
media-liability,Media Liability,,Line-Specific,"Specialty, Financial Lines","Covers claims of defamation, copyright infringement and invasion of privacy from published content.",A publisher is sued for libel.,Policy document,Underwriters,Intermediate,personal-and-advertising-injury,
medicaid,Medicaid,,Line-Specific,"Health, Social/Government",A joint federal-state program providing health coverage to people with low income and some other groups.,A low-income family gets free coverage through Medicaid.,,"Individuals, Developers, Product Owners",Beginner,"chip, dual-eligible, medicaid-managed-care",Eligibility and benefits vary by state; not all states expanded Medicaid under the ACA.
medicaid-managed-care,Medicaid Managed Care,MCO,Line-Specific,"Health, Social/Government",Medicaid benefits delivered through private health plans that contract with the state.,A state pays an MCO a monthly amount per member.,,"Developers, Product Owners",Advanced,"medicaid, capitation",
medical-loss-ratio,Medical Loss Ratio,MLR,Finance & Actuarial,Health,The share of health premiums spent on medical care and quality improvement.,A plan spends 82 cents of each premium dollar on care.,"Financial statements, Regulatory filings","Developers, Product Owners",Intermediate,"loss-ratio, affordable-care-act","The ACA requires 80% MLR for individual and small group, 85% for large group, or rebates are paid."
medical-malpractice-insurance,Medical Malpractice Insurance,Med Mal; Medical Professional Liability,Line-Specific,"Casualty/Liability, Financial Lines","Professional liability for doctors, nurses and health facilities against claims of patient injury from treatment.",A surgeon is sued for a surgical error.,Policy document,"Underwriters, Product Owners",Intermediate,"professional-liability-insurance, claims-made-policy, tail-coverage",Some states cap non-economic damages in malpractice cases; some have patient compensation funds.
medical-necessity,Medical Necessity,Medically Necessary,Line-Specific,Health,Health care services needed to diagnose or treat an illness under accepted medical standards; plans usually only cover these.,Cosmetic surgery is usually not medically necessary.,"Policy document, Explanation of benefits","Individuals, Developers, Underwriters",Intermediate,"prior-authorization, utilization-review",
medical-payments-coverage,Medical Payments Coverage,MedPay,Policy Wording,Motor,"Pays medical bills for you and passengers after an accident, regardless of fault, usually in smaller amounts than PIP.","$5,000 MedPay covers an ER visit.",Declarations page,"Individuals, Developers",Intermediate,personal-injury-protection,
medical-payments-to-others,Medical Payments to Others,Coverage F; Med Pay,Policy Wording,"Property, Casualty/Liability","Pays small medical bills for guests injured on your property, regardless of fault.","A neighbor's child falls off your swing; $1,500 medical is paid.",Declarations page,"Individuals, Developers",Beginner,"personal-liability-coverage, medical-payments-coverage",
medical-underwriting,Medical Underwriting,,Underwriting,"Life, Health",Assessing a person's health to decide whether and at what price to offer life or health coverage.,An applicant with diabetes is rated up.,Underwriting system,"Individuals, Underwriters, Product Owners",Intermediate,"underwriting, risk-class, paramedical-exam",The ACA bans medical underwriting for major medical health insurance.
medicare,Medicare,,Line-Specific,"Health, Social/Government",The federal health insurance program for people 65 and older and some younger people with disabilities.,At 65 you enroll in Medicare Part A and B.,,"Individuals, Developers, Underwriters, Product Owners",Beginner,"medicare-part-a, medicare-part-b, medicare-advantage, medigap",
medicare-advantage,Medicare Advantage,Medicare Part C; MA,Line-Specific,"Health, Social/Government","Private health plans approved by Medicare that replace Original Medicare coverage, often with extra benefits and a network.",An MA HMO includes dental and vision.,,"Individuals, Developers, Product Owners",Intermediate,"medicare, medigap, risk-adjustment",
annual-enrollment-period,Medicare Annual Enrollment Period,AEP,Lifecycle,"Health, Social/Government","The yearly period, October 15 to December 7, when Medicare beneficiaries can change Medicare Advantage or Part D plans.",You switch Part D plans during AEP.,,"Individuals, Developers, Product Owners",Intermediate,"open-enrollment-period, medicare-advantage",
medicare-part-a,Medicare Part A,Hospital Insurance,Line-Specific,"Health, Social/Government","The part of Medicare covering inpatient hospital care, skilled nursing, hospice and some home health.",Part A pays for your 3-day hospital stay after your deductible.,,"Individuals, Developers",Beginner,"medicare, medicare-part-b",
medicare-part-b,Medicare Part B,Medical Insurance,Line-Specific,"Health, Social/Government","The part of Medicare covering doctor visits, outpatient care and preventive services, with a monthly premium.",Part B pays 80% of approved doctor charges.,,"Individuals, Developers",Beginner,"medicare, medicare-part-a, medigap",
medicare-part-d,Medicare Part D,Prescription Drug Plan,Line-Specific,"Health, Social/Government",Medicare prescription drug coverage offered through private plans.,A Part D plan covers your blood pressure pills.,,"Individuals, Developers, Product Owners",Beginner,"medicare, formulary",The Inflation Reduction Act capped Part D out-of-pocket costs starting 2025.
medigap,Medigap,Medicare Supplement Insurance,Line-Specific,Health,"Private insurance that pays some costs Original Medicare doesn't, like coinsurance and deductibles.",Medigap Plan G covers your 20% Part B coinsurance.,Policy document,"Individuals, Developers, Product Owners",Intermediate,"medicare, medicare-part-b","Plans are standardized by letter (A–N); Massachusetts, Minnesota and Wisconsin use different standards."
mental-health-parity,Mental Health Parity,MHPAEA,Regulation,Health,Federal rules requiring mental health and substance use benefits to be no more restrictive than medical benefits.,Therapy visits can't have higher copays than other doctor visits.,Regulatory filings,"Developers, Product Owners",Advanced,essential-health-benefits,
metal-tiers,Metal Tiers,"Bronze, Silver, Gold, Platinum",Line-Specific,Health,"ACA plan categories based on how much of costs the plan pays on average: bronze 60%, silver 70%, gold 80%, platinum 90%.",A bronze plan has low premiums but high deductibles.,Policy document,"Individuals, Developers, Product Owners",Beginner,"actuarial-value, health-insurance-marketplace",
medical-information-bureau,MIB,Medical Information Bureau,Underwriting,"Life, Health",A US organization where member life and health insurers share coded information from past applications to detect nondisclosure.,MIB shows a prior application disclosing heart problems.,Underwriting system,"Developers, Underwriters",Advanced,"underwriting, misrepresentation",Consumers can request their MIB file free under FCRA.
mid-term-adjustment,Mid-Term Adjustment,MTA; Policy Change; Endorsement Transaction,Lifecycle,All,"A change made to a policy during its term, which may change the premium.",Adding a teen driver in month 4 increases the premium.,Policy administration system,"Developers, Underwriters, Product Owners",Intermediate,"endorsement, out-of-sequence-endorsement, return-premium",
miller-act,Miller Act,,Regulation,"Specialty, Financial Lines","A federal law requiring performance and payment bonds on federal construction contracts over $150,000.",A federal courthouse project requires bonds.,Regulatory filings,Underwriters,Advanced,"performance-bond, payment-bond",States have 'Little Miller Acts' for state projects.
minimum-premium,Minimum Premium,,Finance & Actuarial,All,The lowest premium the insurer will charge for a policy regardless of exposures or cancellation.,"Even after mid-term cancellation, a $250 minimum premium applies.",Rating engine,"Developers, Underwriters",Intermediate,"deposit-premium, fully-earned-premium",
misrepresentation,Misrepresentation,,Underwriting,All,A false statement on an application or in a claim.,Saying you don't smoke when you do is a misrepresentation.,"Application form, Policy document","Individuals, Underwriters, Product Owners",Intermediate,"material-fact, rescission, concealment, insurance-fraud",
misstatement-of-age-clause,Misstatement of Age Clause,Misstatement of Age or Sex,Policy Wording,"Life, Health","If your age was wrong on the application, the benefit is adjusted to what the premium paid would have bought at the correct age.","A benefit is reduced from $100,000 to $92,000 because the insured was older than stated.",Policy document,Underwriters,Intermediate,"misrepresentation, incontestability-clause",
model-law,Model Law,Model Act; Model Regulation,Regulation,All,"A draft law written by the NAIC that states can adopt, sometimes with changes.",The NAIC Insurance Data Security Model Law adopted by many states.,Regulatory filings,"Developers, Underwriters, Product Owners",Intermediate,naic,
modified-endowment-contract,Modified Endowment Contract,MEC,Line-Specific,Life,"A life policy funded too quickly under federal tax rules, which loses some tax advantages on loans and withdrawals.",Paying a huge single premium turns a policy into a MEC.,Policy document,"Individuals, Developers, Underwriters",Advanced,"seven-pay-test, policy-loan",Defined in Internal Revenue Code Section 7702A.
mold-exclusion,Mold Exclusion,Fungi Exclusion,Policy Wording,Property,Limits or excludes coverage for mold damage.,Mold from long-term humidity isn't covered.,Policy document,"Individuals, Underwriters",Intermediate,exclusion,
monopolistic-state-fund,Monopolistic State Fund,,Regulation,"Commercial, Social/Government",A state-run workers' comp insurer that is the only allowed source of WC coverage in that state.,Ohio employers must buy WC from the Ohio BWC.,Regulatory filings,"Underwriters, Product Owners",Advanced,"workers-compensation-insurance, state-fund",
moral-hazard,Moral Hazard,,Underwriting,All,"The risk that someone acts dishonestly, such as faking a claim, because they are insured.",A struggling business owner sets fire to the shop to collect insurance.,Underwriting system,"Underwriters, Product Owners",Intermediate,"hazard, morale-hazard, insurance-fraud",
morale-hazard,Morale Hazard,Attitudinal Hazard,Underwriting,All,Carelessness that happens because a person knows they are insured.,Leaving your car unlocked because 'insurance will pay if it's stolen'.,Underwriting system,"Underwriters, Product Owners",Intermediate,"hazard, moral-hazard",
morbidity-rate,Morbidity Rate,,Finance & Actuarial,"Life, Health",The rate of illness or disability in a group.,Disability insurers price based on morbidity rates.,Financial statements,"Developers, Product Owners",Advanced,mortality-rate,
mortality-rate,Mortality Rate,,Finance & Actuarial,Life,"The chance of dying within a given period, often per 1,000 people at a given age.","A mortality rate of 2 per 1,000 at age 50.",Financial statements,"Developers, Product Owners",Advanced,"mortality-table, morbidity-rate",
mortality-table,Mortality Table,Life Table,Finance & Actuarial,"Life, Health","A table showing the probability of death at each age, used to price life insurance and annuities.",The 2017 CSO table is used for reserves.,Financial statements,"Developers, Product Owners",Advanced,"mortality-rate, actuary",The CSO (Commissioners Standard Ordinary) tables are adopted by the NAIC.
mortgage-insurance,Mortgage Insurance,PMI; Private Mortgage Insurance,Line-Specific,Financial Lines,"Insurance that protects the lender if a borrower stops paying the mortgage, typically required with a down payment under 20%.",You pay PMI until you reach 20% equity.,Billing statement,"Individuals, Product Owners",Intermediate,mortgage-protection-insurance,FHA loans use federal mortgage insurance premiums (MIP).
mortgage-protection-insurance,Mortgage Protection Insurance,,Line-Specific,Life,Life insurance meant to pay off a mortgage if the borrower dies.,A decreasing term policy pays the remaining mortgage.,Policy document,Individuals,Intermediate,"decreasing-term, mortgage-insurance",
mortgagee-clause,Mortgagee Clause,Standard Mortgage Clause,Policy Wording,Property,Protects the mortgage lender's interest so it gets paid even if the homeowner's own coverage is voided.,A claim check is made out to you and your mortgage company.,"Policy document, Declarations page","Individuals, Developers, Underwriters",Intermediate,"loss-payee, lienholder",
motor-carrier,Motor Carrier Coverage,Trucking Insurance,Line-Specific,"Motor, Commercial","Coverage for trucking companies, including liability required by federal rules for interstate haulers.","A trucking firm needs $750,000 minimum liability.",Policy document,"Underwriters, Product Owners",Intermediate,"mcs-90, motor-truck-cargo",FMCSA sets minimum limits for interstate carriers.
motor-truck-cargo,Motor Truck Cargo,,Line-Specific,"Motor, Marine/Aviation/Transit",Covers freight hauled by a trucker against damage or loss.,A load of TVs is stolen from a trailer.,Policy document,Underwriters,Intermediate,"motor-carrier, cargo-insurance",
motor-vehicle-report,Motor Vehicle Report,MVR; Driving Record,Underwriting,Motor,"A state record of a person's driving history, including violations, accidents and suspensions.",An MVR shows two speeding tickets in three years.,Underwriting system,"Individuals, Developers, Underwriters",Beginner,"driving-record-points, underwriting",Obtained from each state DMV; retention periods vary.
multi-peril-crop-insurance,Multi-Peril Crop Insurance,MPCI,Line-Specific,Agriculture,Federally subsidized crop insurance covering yield loss from many natural causes.,A soybean farmer is paid after floods.,Policy document,"Underwriters, Product Owners",Intermediate,"crop-insurance, revenue-protection, actual-production-history",Sold by private Approved Insurance Providers and reinsured by the federal government.
multi-policy-discount,Multi-Policy Discount,Bundling Discount,Underwriting,"Property, Motor","A discount for buying more than one policy, such as home and auto, from the same insurer.",15% off for bundling home and auto.,Quote,"Individuals, Product Owners",Beginner,rating-factor,
mutual-insurance-company,Mutual Insurance Company,Mutual,Core Concept,All,An insurer owned by its policyholders rather than shareholders.,State Farm and Northwestern Mutual are mutuals.,,"Individuals, Underwriters, Product Owners",Intermediate,"stock-insurance-company, dividend, reciprocal-exchange",
naic,NAIC,National Association of Insurance Commissioners,Regulation,All,The organization of US state insurance regulators that writes model laws and sets accounting and reporting standards.,NAIC model laws guide how states regulate data security.,Regulatory filings,"Developers, Underwriters, Product Owners",Beginner,"state-department-of-insurance, model-law, statutory-accounting-principles",
naics-code,NAICS Code,North American Industry Classification System,Technology,"Property, Casualty/Liability, Commercial, Financial Lines","A standard code classifying businesses by industry, used in underwriting and data.",NAICS 722511 means full-service restaurants.,"Application form, Underwriting system","Developers, Underwriters",Intermediate,"class-code, sic-code",
named-insured,Named Insured,First Named Insured,Policy Wording,All,"The person or business specifically listed on the declarations page, who has the main rights and duties under the policy.",'Jane Smith' is shown as named insured on the declarations page of her home policy.,"Declarations page, Policy document","Individuals, Developers, Underwriters",Beginner,"insured, additional-insured, declarations-page",
named-perils,Named Perils,Specified Perils,Policy Wording,"Property, Marine/Aviation/Transit",Coverage only for the causes of loss specifically listed in the policy.,"A policy covering fire, lightning, windstorm and hail only.",Policy document,"Individuals, Underwriters, Product Owners",Beginner,"open-perils, peril, basic-form, broad-form",
narrow-network,Narrow Network,,Line-Specific,Health,"A plan with a small group of providers, usually in exchange for lower premiums.",A marketplace plan limited to one hospital system.,Policy document,"Individuals, Product Owners",Intermediate,"provider-network, network-adequacy",
national-flood-insurance-program,National Flood Insurance Program,NFIP,Line-Specific,"Property, Social/Government",A federal program run by FEMA that provides flood insurance to property owners in participating communities.,You buy NFIP flood insurance through your agent.,Policy document,"Individuals, Underwriters, Product Owners",Intermediate,"flood-insurance, fema, write-your-own","Building coverage caps at $250,000 for homes."
national-producer-number,National Producer Number,NPN,Regulation,All,A unique ID number assigned to each licensed producer nationwide.,NPN 1234567 appears on appointment filings.,"Regulatory filings, Policy administration system","Developers, Underwriters",Intermediate,"nipr, producer-license",
ncci,NCCI,National Council on Compensation Insurance,Regulation,"Casualty/Liability, Commercial",The organization that collects data and files workers' compensation loss costs and class codes in most states.,NCCI calculates an employer's experience mod.,"Rating engine, Regulatory filings","Developers, Underwriters, Product Owners",Intermediate,"experience-modification-factor, workers-compensation-insurance, class-code","Some states, like California and New York, use their own rating bureaus."
negligence,Negligence,,Legal/Latin,"Casualty/Liability, Motor, Commercial","Failing to take the care a reasonable person would take, causing harm to someone.",A store that doesn't clean a spill may be negligent if a shopper slips.,"Claim documents, Policy document","Underwriters, Product Owners",Intermediate,"liability, comparative-negligence, duty-of-care",
net-amount-at-risk,Net Amount at Risk,NAR,Finance & Actuarial,"Life, Reinsurance",The death benefit minus the cash value; what the insurer truly has at risk.,"$500,000 death benefit minus $100,000 cash value is $400,000 NAR.",Financial statements,"Developers, Underwriters, Product Owners",Advanced,"cost-of-insurance, cash-value",
net-written-premium,Net Written Premium,NWP,Finance & Actuarial,All,Written premium after subtracting premium paid to reinsurers.,$50M gross minus $10M ceded equals $40M net written.,Financial statements,"Developers, Product Owners",Advanced,"written-premium, ceded-premium",
network-adequacy,Network Adequacy,,Regulation,Health,Rules requiring health plans to have enough providers so members can get care without long travel or waits.,A plan must have a pediatrician within 30 miles.,Regulatory filings,"Developers, Product Owners",Advanced,provider-network,Standards set by states and CMS for marketplace plans.
network-security-liability,Network Security and Privacy Liability,Third-Party Cyber,Policy Wording,"Specialty, Financial Lines",Covers claims from others harmed by your data breach or security failure.,Customers sue after their card data is stolen.,Policy document,Underwriters,Intermediate,cyber-insurance,
new-business,New Business,,Lifecycle,All,Policies written for customers who were not previously insured by that insurer.,A spike in new business after a marketing campaign.,"Policy administration system, Financial statements","Developers, Underwriters, Product Owners",Beginner,"renewal, retention-ratio",
new-car-replacement,New Car Replacement,,Policy Wording,Motor,Pays to replace a totaled new car with a brand new one instead of its depreciated value.,Your 1-year-old car is replaced with a new model.,Policy document,Individuals,Beginner,"total-loss, gap-insurance",
nipr,NIPR,National Insurance Producer Registry,Regulation,All,A nonprofit that runs a national database and gateway for producer licensing across states.,An agency uses NIPR to renew non-resident licenses in 10 states.,Regulatory filings,"Developers, Underwriters",Intermediate,"producer-license, national-producer-number",
no-surprises-act,No Surprises Act,,Regulation,Health,A 2022 federal law protecting patients from surprise bills for most emergency care and some out-of-network care at in-network facilities.,An out-of-network anesthesiologist can't balance bill you after in-network surgery.,Regulatory filings,"Individuals, Developers, Product Owners",Intermediate,"balance-billing, out-of-network",Many states had their own surprise billing laws before this federal law.
no-fault-insurance,No-Fault Insurance,,Line-Specific,Motor,"A system where your own insurer pays your injury costs regardless of fault, and lawsuits are limited.",Your own PIP pays after a crash in New York.,Policy document,"Individuals, Underwriters, Product Owners",Intermediate,"personal-injury-protection, tort-threshold",About a dozen states use no-fault systems.
no-lapse-guarantee,No-Lapse Guarantee,Secondary Guarantee,Line-Specific,Life,"A promise that a UL policy will stay in force as long as required premiums are paid, even if cash value runs out.",Paying the guarantee premium keeps the policy alive to age 95.,Policy document,"Developers, Underwriters",Advanced,guaranteed-universal-life,
non-admitted-insurer,Non-Admitted Insurer,Surplus Lines Insurer; E&S Carrier,Regulation,All,"An insurer not licensed in a state but allowed to write coverage there through surplus lines brokers, with more freedom on rates and forms.",A hard-to-place coastal property risk goes to a non-admitted insurer.,Regulatory filings,"Individuals, Developers, Underwriters, Product Owners",Intermediate,"admitted-insurer, surplus-lines, surplus-lines-broker",Not backed by state guaranty funds in most states.
non-proportional-reinsurance,Non-Proportional Reinsurance,,Reinsurance,Reinsurance,The reinsurer pays losses above a set retention up to a limit; premiums aren't shared in proportion.,The reinsurer pays losses above $5M.,Reinsurance contract,"Underwriters, Product Owners",Intermediate,"excess-of-loss, proportional-reinsurance",
non-qualified-annuity,Non-Qualified Annuity,,Line-Specific,Life,An annuity bought with after-tax money; only the earnings are taxed on withdrawal.,Buying an annuity with savings from your bank account.,Policy document,"Individuals, Product Owners",Intermediate,qualified-annuity,
non-renewal,Non-Renewal,,Lifecycle,All,The insurer's decision not to continue a policy when it expires.,An insurer non-renews homes in a wildfire zone.,Renewal notice,"Individuals, Developers, Underwriters, Product Owners",Beginner,"renewal, cancellation",States set minimum notice periods (often 30–60 days) and sometimes restrict reasons.
nonforfeiture-options,Nonforfeiture Options,,Line-Specific,Life,"Choices for using cash value if you stop paying premiums: take cash, buy reduced paid-up insurance or extended term.","You choose reduced paid-up insurance of $30,000.",Policy document,"Individuals, Developers, Underwriters",Intermediate,"cash-surrender-value, reduced-paid-up, extended-term-insurance",Required by state standard nonforfeiture laws.
nose-coverage,Nose Coverage,Prior Acts Coverage,Policy Wording,"Specialty, Financial Lines","Coverage on a new claims-made policy for incidents before its start date, replacing the need for a tail from the old policy.",A new insurer grants prior acts back to 2015.,Policy document,Underwriters,Advanced,"tail-coverage, prior-acts-coverage, retroactive-date",
notice-of-cancellation,Notice of Cancellation,,Lifecycle,All,A written notice that a policy will be cancelled on a certain date.,A notice of cancellation for non-payment gives 10 days.,"Billing statement, Renewal notice","Individuals, Developers, Underwriters",Beginner,"cancellation, grace-period",Minimum notice periods are set by state law.
notice-of-loss,Notice of Loss,Notice of Claim,Claims,All,Telling the insurer that a loss or claim has happened.,Calling your insurer the day after a car accident.,"Claim documents, Policy document","Individuals, Developers, Underwriters",Beginner,"first-notice-of-loss, duties-after-loss",
nuclear-exclusion,Nuclear Exclusion,Nuclear Hazard Exclusion,Policy Wording,All,"Excludes losses from nuclear reaction, radiation or radioactive contamination.",Contamination from a nuclear plant accident is excluded.,Policy document,Underwriters,Intermediate,exclusion,Nuclear liability is handled by the Price-Anderson Act and nuclear pools.
obligee,Obligee,,Line-Specific,"Specialty, Financial Lines",The party protected by a surety bond.,The city is the obligee on a road construction bond.,Policy document,Underwriters,Intermediate,"surety-bond, principal",
occupancy,Occupancy,,Underwriting,"Property, Commercial","How a building is used, such as owner-occupied home, rental or restaurant.",A restaurant is a different occupancy from an office.,"Application form, Underwriting system","Developers, Underwriters",Beginner,"construction-type, cope, vacancy-clause",
occurrence,Occurrence,,Policy Wording,"Property, Casualty/Liability, Commercial","An accident, including continuous or repeated exposure to the same harmful conditions, that causes injury or damage.",A leaking pipe damaging a neighbor's unit over several weeks may be one occurrence.,Policy document,"Underwriters, Product Owners",Intermediate,"occurrence-policy, per-occurrence-limit, accident",
occurrence-policy,Occurrence Policy,,Policy Wording,"Casualty/Liability, Commercial","A policy that covers injury or damage that happens during the policy period, no matter when the claim is made.",A 2020 occurrence policy covers a 2020 injury even if the lawsuit comes in 2025.,Policy document,"Developers, Underwriters, Product Owners",Intermediate,"claims-made-policy, occurrence",
ocean-marine-insurance,Ocean Marine Insurance,Marine Insurance,Line-Specific,Marine/Aviation/Transit,"Insurance for ships, cargo and marine liability for goods moving by sea.",A container of electronics lost overboard.,Policy document,"Underwriters, Product Owners",Intermediate,"hull-insurance, cargo-insurance, protection-and-indemnity",
ofac,OFAC,Office of Foreign Assets Control,Regulation,All,A US Treasury office whose sanctions rules forbid insurers from dealing with sanctioned people or countries.,A payment is blocked because the claimant is on the sanctions list.,"Regulatory filings, Policy administration system","Developers, Underwriters",Intermediate,"sanctions-clause, know-your-customer",
open-enrollment-period,Open Enrollment Period,OEP; Annual Enrollment,Lifecycle,Health,The yearly window when you can sign up for or change health insurance.,ACA open enrollment runs from November 1 to January 15 in most states.,,"Individuals, Developers, Product Owners",Beginner,"special-enrollment-period, annual-enrollment-period",
open-perils,Open Perils,All Risks; Special Form; All-Risk,Policy Wording,"Property, Commercial, Marine/Aviation/Transit",Coverage for all causes of loss except those specifically excluded.,An HO-3 covers the dwelling on an open perils basis.,Policy document,"Individuals, Underwriters, Product Owners",Intermediate,"named-perils, special-form, exclusion",
operating-ratio,Operating Ratio,,Finance & Actuarial,All,Combined ratio minus the investment income ratio; shows overall operating profitability.,A 102% combined ratio minus 6% investment income ratio gives 96%.,Financial statements,Product Owners,Advanced,"combined-ratio, investment-income",
ordinance-or-law-coverage,Ordinance or Law Coverage,Building Code Upgrade Coverage,Policy Wording,"Property, Commercial",Pays extra costs to rebuild to current building codes after a covered loss.,New code requires sprinklers when rebuilding.,Policy document,"Individuals, Underwriters",Intermediate,"replacement-cost, endorsement",
own-risk-and-solvency-assessment,ORSA,Own Risk and Solvency Assessment,Regulation,All,"An insurer's internal review of its risks and whether it has enough capital, reported to regulators.",A large insurer files an ORSA summary report yearly.,Regulatory filings,Product Owners,Advanced,"risk-based-capital, solvency",Required by NAIC model for larger insurer groups.
other-insurance-clause,Other Insurance Clause,,Policy Wording,All,Policy wording explaining how this policy shares a loss with other policies that cover the same thing.,A policy says it pays excess over any other valid insurance.,Policy document,"Developers, Underwriters",Advanced,"contribution, primary-insurance, excess-insurance",
other-structures-coverage,Other Structures Coverage,Coverage B,Policy Wording,Property,"Covers structures on your property not attached to the house, like fences, sheds and detached garages.",Coverage B pays to rebuild a fence knocked down in a storm.,Declarations page,"Individuals, Developers",Beginner,dwelling-coverage,
out-of-network,Out-of-Network,Non-Participating Provider,Line-Specific,Health,"Providers with no contract with your plan; you usually pay more, or everything.",An out-of-network specialist costs you 50% coinsurance.,Explanation of benefits,"Individuals, Developers",Beginner,"in-network, balance-billing",
out-of-pocket-maximum,Out-of-Pocket Maximum,OOP Max; Out-of-Pocket Limit,Line-Specific,Health,"The most you'll pay for covered care in a plan year; after that, the plan pays 100%.","After paying $9,000, all covered care is free for the rest of the year.","Policy document, Explanation of benefits","Individuals, Developers, Product Owners",Beginner,"deductible, cost-sharing",The ACA sets a federal maximum each year for in-network essential health benefits.
out-of-sequence-endorsement,Out-of-Sequence Endorsement,OOSE,Technology,All,"A policy change with an effective date earlier than a change already processed, which forces the system to recalculate later changes.",A backdated vehicle addition entered after a later address change.,Policy administration system,"Developers, Underwriters",Advanced,"mid-term-adjustment, policy-administration-system",
override,Override,Override Commission,Distribution,All,A commission paid to a managing agent or MGA on business written by agents under it.,An MGA earns a 5% override.,Financial statements,"Underwriters, Product Owners",Advanced,"commission, managing-general-agent",
own-occupation,Own Occupation,Own Occ,Line-Specific,Health,"A disability definition that pays if you can't do your specific job, even if you could do another.",A surgeon who can't operate is paid even while teaching.,Policy document,"Individuals, Underwriters",Advanced,"any-occupation, disability-insurance",
paid-losses,Paid Losses,,Finance & Actuarial,All,Claim payments already made.,$3M paid on hurricane claims so far.,Financial statements,"Developers, Underwriters, Product Owners",Beginner,"total-incurred, incurred-losses",
paid-up-additions,Paid-Up Additions,PUA,Line-Specific,Life,"Small amounts of extra paid-up whole life coverage bought with dividends or extra premium, increasing cash value and death benefit.","Dividends buy $2,000 of paid-up additions each year.",Policy document,"Individuals, Developers",Advanced,"dividend, whole-life-insurance",
paramedical-exam,Paramedical Exam,Paramed,Underwriting,"Life, Health","A basic health exam for a life insurance application, often including blood and urine samples, done by a trained examiner.",A nurse visits your home to take blood pressure and a blood sample.,Underwriting system,"Individuals, Underwriters",Intermediate,"medical-underwriting, accelerated-underwriting",
parametric-trigger,Parametric Trigger,Parametric Insurance,Core Concept,"Property, Specialty, Agriculture, Alternative Risk Transfer","Coverage that pays a set amount when a measured event occurs, like wind speed or rainfall, rather than based on actual damage.",A hotel receives $1M automatically when a hurricane with 120 mph winds passes nearby.,Policy document,"Developers, Underwriters, Product Owners",Intermediate,"catastrophe-bond, index-insurance",
partial-loss,Partial Loss,,Claims,"Property, Motor, Marine/Aviation/Transit",Damage that can be repaired and doesn't destroy the whole insured item.,A dented bumper is a partial loss.,Claims system,"Individuals, Underwriters",Beginner,total-loss,
participating-policy,Participating Policy,Par Policy,Line-Specific,Life,A policy eligible for dividends.,A whole life policy from a mutual insurer that pays dividends.,Policy document,"Individuals, Underwriters, Product Owners",Intermediate,"dividend, mutual-insurance-company",
participation-rate,Participation Rate,,Line-Specific,Life,The percentage of the index gain credited to an indexed product.,"With 80% participation, a 10% index gain credits 8%.",Policy document,"Individuals, Developers",Advanced,"cap-rate, floor-rate",
particular-average,Particular Average,,Legal/Latin,Marine/Aviation/Transit,A partial marine loss that falls only on the owner of the damaged property.,Only one shipper's cargo is damaged by seawater.,Policy document,Underwriters,Advanced,general-average,
pasture-rangeland-forage,"Pasture, Rangeland, Forage",PRF,Line-Specific,Agriculture,A federal index-based program paying ranchers when rainfall in their area falls below normal.,A rancher is paid when rainfall is 60% of normal.,Policy document,Underwriters,Advanced,index-insurance,
payment-bond,Payment Bond,,Line-Specific,"Specialty, Financial Lines",A surety bond guaranteeing that a contractor will pay subcontractors and suppliers.,A supplier is paid by the surety after the contractor defaults.,Policy document,Underwriters,Intermediate,"performance-bond, miller-act",
payout-option,Payout Option,Settlement Option,Line-Specific,Life,"The way annuity or life benefits are paid, such as life only, period certain or lump sum.",A 'life with 10 years certain' payout.,Policy document,"Individuals, Developers",Intermediate,"annuitization, life-only-annuity, period-certain",
pbgc,PBGC,Pension Benefit Guaranty Corporation,Regulation,"Financial Lines, Social/Government",A federal agency that insures private defined-benefit pension plans.,PBGC pays pensions when a company's plan fails.,,Product Owners,Advanced,erisa,
pcs-catastrophe,PCS Catastrophe,Property Claim Services,Finance & Actuarial,"Property, Reinsurance",Verisk's Property Claim Services unit identifies catastrophes and estimates industry losses in the US; a 'PCS cat' is an event it designates.,A severe hailstorm gets a PCS catastrophe serial number.,Financial statements,"Developers, Product Owners",Advanced,"catastrophe, industry-loss-warranty",
per-capita,Per Capita,,Legal/Latin,Life,Latin for 'by head'. The benefit is shared equally among surviving beneficiaries.,Three surviving children split the benefit equally.,"Application form, Policy document","Individuals, Underwriters",Intermediate,"per-stirpes, beneficiary",
per-member-per-month,Per Member Per Month,PMPM,Finance & Actuarial,Health,A health plan measure of cost or revenue divided by members per month.,Claims costs of $450 PMPM.,Financial statements,"Developers, Product Owners",Intermediate,capitation,
per-risk-excess,Per Risk Excess of Loss,,Reinsurance,Reinsurance,Excess of loss reinsurance that applies to each individual risk.,Protects against a single large factory fire above $2M.,Reinsurance contract,Underwriters,Advanced,"excess-of-loss, catastrophe-excess-of-loss",
per-stirpes,Per Stirpes,,Legal/Latin,Life,"Latin for 'by branch'. If a beneficiary dies first, their share goes to their own descendants.",Your son dies before you; his share goes to his children.,"Application form, Policy document","Individuals, Underwriters",Intermediate,"beneficiary, per-capita",
per-occurrence-limit,Per-Occurrence Limit,Each Occurrence Limit,Core Concept,"Property, Casualty/Liability, Commercial","The most the insurer will pay for any single event, no matter how many claims come from it.",A $1M each-occurrence limit caps payment for one warehouse fire even if five people sue.,"Declarations page, Policy document","Developers, Underwriters, Product Owners",Intermediate,"aggregate-limit, occurrence, limit-of-liability",
percentage-deductible,Percentage Deductible,,Policy Wording,Property,A deductible set as a percentage of the insured value rather than a flat dollar amount.,"A 2% wind deductible on a $300,000 home is $6,000.",Declarations page,"Individuals, Underwriters",Intermediate,"deductible, hurricane-deductible",
performance-bond,Performance Bond,,Line-Specific,"Specialty, Financial Lines",A surety bond guaranteeing that a contractor will complete a project according to the contract.,The surety finishes a project after the contractor fails.,Policy document,"Underwriters, Product Owners",Intermediate,"surety-bond, payment-bond, bid-bond, miller-act",
peril,Peril,,Core Concept,"Property, Commercial, Marine/Aviation/Transit, Agriculture","A cause of loss, such as fire, wind, theft or flood.",Fire and lightning are perils covered by most home policies.,Policy document,"Individuals, Underwriters, Product Owners",Beginner,"hazard, named-perils, open-perils, exclusion",
period-certain,Period Certain,,Line-Specific,Life,A payout option guaranteeing payments for a set number of years even if the annuitant dies.,10-year certain means heirs get payments until year 10.,Policy document,Individuals,Intermediate,payout-option,
period-of-restoration,Period of Restoration,,Policy Wording,"Property, Commercial","The time from the damage until the property should reasonably be repaired, during which business income is paid.","Rebuilding takes 5 months, so income is paid for 5 months.",Policy document,Underwriters,Advanced,"business-interruption-insurance, extended-period-of-indemnity",
permanent-life-insurance,Permanent Life Insurance,Cash Value Life Insurance,Line-Specific,Life,Life insurance that lasts your whole life if premiums are paid and builds cash value.,Whole life and universal life are permanent insurance.,Policy document,"Individuals, Developers, Underwriters, Product Owners",Beginner,"whole-life-insurance, universal-life-insurance, cash-value",
permissive-user,Permissive User,,Policy Wording,Motor,Someone who drives your car with your permission and is generally covered by your policy.,A friend borrows your car and crashes; your policy responds.,Policy document,"Individuals, Underwriters",Intermediate,"named-insured, excluded-driver",
persistency,Persistency,,Finance & Actuarial,"Life, Health",The share of policies that remain in force over time; the opposite of lapse.,13-month persistency of 90%.,Financial statements,"Developers, Product Owners",Intermediate,"lapse-rate, retention-ratio",
personal-and-advertising-injury,Personal and Advertising Injury,Coverage B (CGL),Policy Wording,"Casualty/Liability, Commercial","Liability for offenses like libel, slander, false arrest, privacy invasion and copying another's advertising idea.",A competitor sues you for defamatory ads.,Policy document,"Underwriters, Product Owners",Intermediate,commercial-general-liability,
personal-auto-policy,Personal Auto Policy,PAP; Car Insurance; Auto Insurance,Line-Specific,Motor,A policy covering your car and your liability for accidents.,A policy for two cars and three drivers.,Policy document,"Individuals, Developers, Underwriters, Product Owners",Beginner,"bodily-injury-liability, property-damage-liability, collision-coverage, comprehensive-coverage",Most states require minimum liability limits; New Hampshire doesn't mandate insurance for most drivers.
personal-contract,Personal Contract,,Legal/Latin,"Property, Casualty/Liability, Motor","Insurance covers a person, not a thing, so it generally can't be transferred without the insurer's consent.",Selling your car does not transfer your auto policy to the buyer.,Policy document,Underwriters,Intermediate,assignment,
personal-injury-protection,Personal Injury Protection,PIP,Policy Wording,Motor,Pays medical bills and lost wages for you and passengers regardless of who caused the accident.,"PIP pays $10,000 of your medical bills after a crash.",Declarations page,"Individuals, Developers, Underwriters",Intermediate,"no-fault-insurance, medical-payments-coverage","Required in no-fault states like Florida, Michigan and New York."
personal-liability-coverage,Personal Liability Coverage,Coverage E,Policy Wording,"Property, Casualty/Liability",Covers you if you're legally responsible for injuring someone or damaging their property.,A guest trips on your stairs and sues; Coverage E pays.,Declarations page,"Individuals, Developers",Beginner,"medical-payments-to-others, liability",
personal-lines,Personal Lines,,Core Concept,"Property, Casualty/Liability, Motor","Insurance for individuals and families, such as auto, homeowners and renters.",Home and auto are the biggest personal lines.,,"Individuals, Developers, Underwriters, Product Owners",Beginner,commercial-lines,
personal-property-coverage,Personal Property Coverage,Coverage C; Contents Coverage,Policy Wording,Property,"Covers your belongings like furniture, clothes and electronics.",Coverage C pays for a stolen laptop.,Declarations page,"Individuals, Developers",Beginner,"dwelling-coverage, scheduled-personal-property",
pet-insurance,Pet Insurance,,Line-Specific,Specialty,Covers veterinary bills for pets due to accidents and illness.,"Pays 80% of a dog's $4,000 surgery.",Policy document,"Individuals, Product Owners",Beginner,pre-existing-condition,NAIC Pet Insurance Model Act adopted by several states.
pharmacy-benefit-manager,Pharmacy Benefit Manager,PBM,Line-Specific,Health,"A company that manages prescription drug benefits for health plans, including formularies, pharmacy networks and pricing.",A PBM processes your prescription at the pharmacy counter.,,"Developers, Product Owners",Intermediate,formulary,Many states have passed PBM transparency laws.
physical-hazard,Physical Hazard,,Underwriting,"Property, Casualty/Liability, Commercial",A physical condition that increases the chance or size of a loss.,Old knob-and-tube wiring in a house is a physical hazard.,Underwriting system,Underwriters,Intermediate,"hazard, moral-hazard, morale-hazard",
plan-year,Plan Year,Benefit Year,Line-Specific,Health,"The 12-month period for health plan benefits, deductibles and out-of-pocket limits.",Your deductible resets on January 1.,Policy document,"Individuals, Developers",Beginner,"deductible, out-of-pocket-maximum",
policy-administration-system,Policy Administration System,PAS; Policy Admin System,Technology,All,"The core software an insurer uses to manage policies through quoting, issuing, changes, renewals and cancellations.",Guidewire PolicyCenter or Duck Creek Policy used as PAS.,Policy administration system,"Developers, Underwriters, Product Owners",Intermediate,"rating-engine, billing-system, claims-management-system, product-configurator",
policy-anniversary,Policy Anniversary,,Lifecycle,"Life, Health","The yearly date on which the policy began, when many values and premiums change.",Your universal life cost of insurance updates on each policy anniversary.,Policy document,"Individuals, Developers",Beginner,effective-date,
policy-delivery,Policy Delivery,,Lifecycle,All,"Giving the policy to the policyholder, which may start the free look period.",An agent delivers a life policy and gets a signed delivery receipt.,Policy administration system,"Developers, Underwriters",Intermediate,"issuance, free-look-period",
dividend,Policy Dividend,Dividend,Line-Specific,Life,A return of part of the premium paid to owners of participating policies when the insurer does well. It is not guaranteed.,A $600 dividend used to buy paid-up additions.,"Policy document, Billing statement","Individuals, Developers",Intermediate,"participating-policy, paid-up-additions, mutual-insurance-company",
illustration,Policy Illustration,Illustration; Ledger,Line-Specific,Life,"A document projecting how a life policy's premiums, cash values and death benefits may change over time, showing guaranteed and non-guaranteed values.",An illustration shows cash value at age 65 under current and guaranteed rates.,Quote,"Individuals, Developers, Underwriters, Product Owners",Intermediate,"indexed-universal-life, cash-value",Governed by the NAIC Life Insurance Illustrations Model Regulation.
policy-loan,Policy Loan,,Line-Specific,Life,A loan from the insurer using your policy's cash value as security.,"You borrow $10,000 from your whole life policy.",Policy document,"Individuals, Developers",Intermediate,"cash-value, automatic-premium-loan",Unpaid loans reduce the death benefit; loans on MECs may be taxable.
policy-number,Policy Number,,Technology,All,A unique identifier assigned to a policy.,Policy number HO-1234567 on your ID card.,"Declarations page, Insurance ID card","Individuals, Developers",Beginner,policy-administration-system,
policy-period,Policy Period,Policy Term,Policy Wording,All,"The time span during which the policy is in force, from the effective date to the expiration date.",12:01 a.m. January 1 to 12:01 a.m. January 1 next year.,Declarations page,"Individuals, Developers, Underwriters, Product Owners",Beginner,"effective-date, expiration-date, renewal",
policy-reserve,Policy Reserve,Statutory Reserve,Finance & Actuarial,Life,Money a life insurer must hold to pay future benefits promised under its policies.,Reserves required under principle-based reserving.,Financial statements,"Developers, Product Owners",Advanced,"reserves, principle-based-reserving",
policy-status,Policy Status,,Technology,All,"The current state of a policy in the system, such as quoted, bound, in force, cancelled, lapsed or expired.",A policy moves from 'bound' to 'in force' on its effective date.,Policy administration system,"Developers, Product Owners",Beginner,"policy-administration-system, in-force",
policy-territory,Policy Territory,Coverage Territory,Policy Wording,All,The geographic area where the policy provides coverage.,"A US auto policy covers the US, its territories and Canada.",Policy document,"Individuals, Underwriters",Beginner,,
policy-year,Policy Year,Underwriting Year,Finance & Actuarial,All,Grouping of losses and premium by the year the policy started.,Losses on policies written in 2024.,Financial statements,"Developers, Product Owners",Advanced,"accident-year, calendar-year",
policyholder,Policyholder,Policyowner; Owner,Core Concept,All,The person or organization that owns the insurance policy and controls it.,A parent owns a life policy on their child; the parent is the policyholder.,"Declarations page, Policy document","Individuals, Developers, Underwriters, Product Owners",Beginner,"insured, beneficiary, named-insured",
policyholder-surplus,Policyholders' Surplus,Surplus; Capital and Surplus,Finance & Actuarial,All,An insurer's assets minus liabilities under statutory accounting; the cushion that protects policyholders.,An insurer with $2B surplus can absorb big losses.,Financial statements,Product Owners,Advanced,"risk-based-capital, premium-to-surplus-ratio",
pollution-exclusion,Pollution Exclusion,Absolute Pollution Exclusion,Policy Wording,"Property, Casualty/Liability, Commercial",An exclusion removing coverage for injury or damage caused by pollutants.,A chemical leak contaminating a river is not covered under a standard CGL.,Policy document,"Underwriters, Product Owners",Advanced,"exclusion, environmental-impairment-liability",Courts in different states interpret its scope differently.
portability,Portability,,Line-Specific,"Life, Health",The right to keep group coverage after leaving the group by paying premiums directly.,You port your group life policy after changing jobs.,Policy document,"Individuals, Underwriters",Intermediate,"conversion-right, cobra",
portfolio,Portfolio,,Finance & Actuarial,All,A group of policies managed or analyzed together.,An insurer's Florida homeowners portfolio.,Financial statements,"Underwriters, Product Owners",Intermediate,"book-of-business, portfolio-transfer",
portfolio-transfer,Portfolio Transfer,Loss Portfolio Transfer; LPT,Reinsurance,"Reinsurance, Alternative Risk Transfer","Transferring a block of existing liabilities, such as old claims, to another insurer or reinsurer.",An insurer transfers its asbestos reserves to a run-off specialist.,Reinsurance contract,Product Owners,Advanced,"run-off, adverse-development-cover",
pos-plan,POS Plan,Point of Service Plan,Line-Specific,Health,"A plan combining HMO and PPO features: a primary doctor and referrals, but some out-of-network coverage.",You pay more to see out-of-network doctors with a referral.,Policy document,"Individuals, Developers, Product Owners",Intermediate,"hmo, ppo",
ppo,PPO,Preferred Provider Organization,Line-Specific,Health,"A health plan that lets you see any provider, paying less in-network, without needing referrals.",You see an out-of-network specialist and pay 40% coinsurance.,"Policy document, Insurance ID card","Individuals, Developers, Product Owners",Beginner,"hmo, epo, pos-plan",
pre-existing-condition,Pre-Existing Condition,,Underwriting,"Life, Health, Specialty",A health problem you had before your coverage started.,Asthma diagnosed before buying a policy.,"Application form, Policy document","Individuals, Underwriters, Product Owners",Beginner,"affordable-care-act, medical-underwriting",The ACA bans excluding pre-existing conditions in major medical plans; other products like travel or short-term plans may still exclude them.
predictive-model,Predictive Model,Predictive Analytics,Technology,All,A statistical or machine-learning model that uses data to predict outcomes like claims or lapses.,A model predicts which auto claims are likely fraudulent.,"Underwriting system, Claims system","Developers, Underwriters, Product Owners",Intermediate,"generalized-linear-model, accelerated-underwriting",Some states require filing models used in rating.
premium,Premium,,Core Concept,All,The amount you pay the insurer to keep your coverage in force. It can be paid all at once or in installments.,"Your auto policy costs $1,500 a year, paid as $125 each month.","Declarations page, Quote, Billing statement","Individuals, Developers, Underwriters, Product Owners",Beginner,"rate, earned-premium, written-premium, grace-period",Premium tax is charged by each state on premiums written there.
premium-audit,Premium Audit,Audit,Lifecycle,"Casualty/Liability, Commercial","A review after the policy ends of the insured's actual exposures, such as payroll or sales, to calculate the final premium.","An audit finds payroll was higher than estimated, so you owe more premium.","Billing statement, Policy administration system","Developers, Underwriters, Product Owners",Intermediate,"deposit-premium, rating-basis, auditable-policy",
premium-finance,Premium Finance,,Distribution,"Casualty/Liability, Commercial","A loan from a finance company to pay an insurance premium, repaid in installments.","A contractor finances a $60,000 premium over 10 months.",Billing statement,"Developers, Underwriters, Product Owners",Intermediate,installment-plan,Premium finance companies are licensed by states.
premium-tax,Premium Tax,,Regulation,All,"A state tax on insurance premiums written in that state, paid by the insurer.",A 2% premium tax on all policies sold in a state.,"Financial statements, Regulatory filings","Developers, Product Owners",Intermediate,"surplus-lines, state-department-of-insurance",Rates generally range around 1–4% and differ by state and line.
premium-tax-credit,Premium Tax Credit,APTC; Subsidy,Regulation,Health,A federal tax credit that lowers monthly premiums for marketplace plans based on income.,A family pays $150 instead of $900 a month thanks to APTC.,Billing statement,"Individuals, Developers, Product Owners",Intermediate,"health-insurance-marketplace, cost-sharing-reductions",
premium-to-surplus-ratio,Premium-to-Surplus Ratio,Leverage Ratio; Kenney Ratio,Finance & Actuarial,All,Net written premium divided by policyholders' surplus; a measure of how much risk an insurer takes relative to its capital.,$300M premium on $150M surplus gives 2:1.,Financial statements,Product Owners,Advanced,"policyholder-surplus, capacity",
prevented-planting,Prevented Planting,,Line-Specific,Agriculture,Crop insurance payments when weather stops a farmer from planting by the final planting date.,Flooded fields prevent corn planting.,Policy document,Underwriters,Advanced,multi-peril-crop-insurance,
preventive-care,Preventive Care,,Line-Specific,Health,"Routine care like screenings, checkups and vaccines to prevent illness, often covered at no cost.",A free annual flu shot and mammogram.,Policy document,"Individuals, Developers",Beginner,essential-health-benefits,The ACA requires in-network preventive services with no cost sharing.
primary-beneficiary,Primary Beneficiary,,Line-Specific,Life,The first person or entity in line to receive the death benefit.,Your spouse is the primary beneficiary.,"Application form, Policy document","Individuals, Developers",Beginner,"beneficiary, contingent-beneficiary",
primary-care-physician,Primary Care Physician,PCP,Line-Specific,Health,"Your main doctor who provides basic care and, in many plans, coordinates referrals.",You choose a family doctor as your PCP.,Insurance ID card,"Individuals, Developers",Beginner,"hmo, referral-health",
primary-insurance,Primary Insurance,,Policy Wording,"Health, Casualty/Liability, Motor, Commercial","Insurance that pays first, before any other policy.",Your auto liability is primary when you drive your own car.,Policy document,"Individuals, Underwriters, Product Owners",Intermediate,"excess-insurance, other-insurance-clause, coordination-of-benefits",
principal,Principal,,Line-Specific,"Specialty, Financial Lines","In surety, the party whose performance is guaranteed by the bond.",The contractor is the principal on a performance bond.,Policy document,Underwriters,Intermediate,"surety-bond, obligee, surety",
principle-based-reserving,Principle-Based Reserving,PBR; VM-20,Finance & Actuarial,Life,A US method of calculating life reserves using company-specific assumptions and scenarios instead of fixed formulas.,An insurer calculates VM-20 reserves for its term portfolio.,"Financial statements, Regulatory filings","Developers, Product Owners",Advanced,policy-reserve,Adopted through the NAIC Valuation Manual beginning 2017.
prior-acts-coverage,Prior Acts Coverage,,Policy Wording,"Specialty, Financial Lines","Coverage for wrongful acts that occurred before the policy's start date, back to the retroactive date.",An E&O policy covers errors made in the last five years.,Policy document,Underwriters,Advanced,"retroactive-date, nose-coverage",
prior-approval,Prior Approval,,Regulation,All,A rating system where the regulator must approve rates before they can be used.,California requires prior approval for home insurance rates.,Regulatory filings,"Underwriters, Product Owners",Intermediate,"file-and-use, use-and-file, rate-filing",
prior-authorization,Prior Authorization,Pre-Authorization; Precertification,Line-Specific,Health,Approval the health plan must give before certain services or drugs are covered.,An MRI requires prior authorization.,"Claims system, Explanation of benefits","Individuals, Developers, Underwriters",Intermediate,"utilization-review, medical-necessity",Many states and CMS have added rules to speed up prior authorization decisions.
privacy-notice,Privacy Notice,,Regulation,All,A notice telling customers what personal information the insurer collects and shares.,A privacy notice arrives with your new policy.,Policy document,"Individuals, Developers, Product Owners",Beginner,glba,
pro-rata,Pro Rata,,Legal/Latin,All,Latin for 'in proportion'. Something is divided or calculated in proportion to time or share.,"Cancel a $1,200 annual policy after 3 months and you get $900 back on a pro rata basis.","Policy document, Billing statement","Individuals, Developers, Underwriters",Beginner,"pro-rata-cancellation, short-rate-cancellation, contribution",
pro-rata-cancellation,Pro Rata Cancellation,,Lifecycle,All,A cancellation where the refund is exactly proportional to the unused time.,"Cancel halfway through a $1,000 policy, get $500 back.",Billing statement,"Developers, Underwriters",Intermediate,"short-rate-cancellation, pro-rata, return-premium",Insurer-initiated cancellations are normally pro rata.
probable-maximum-loss,Probable Maximum Loss,PML,Finance & Actuarial,"Property, Commercial, Marine/Aviation/Transit, Reinsurance",An estimate of the largest loss likely from a single event at a given probability.,A 1-in-250-year PML of $1B for earthquake.,"Financial statements, Underwriting system","Underwriters, Product Owners",Advanced,"catastrophe-model, exceedance-probability, maximum-foreseeable-loss",
producer,Producer,,Distribution,All,"The regulatory term for anyone licensed to sell, solicit or negotiate insurance, including agents and brokers.",A state licenses you as a property and casualty producer.,Regulatory filings,"Developers, Underwriters, Product Owners",Intermediate,"insurance-agent, broker, producer-license",Used in the NAIC Producer Licensing Model Act.
producer-license,Producer License,Insurance License,Regulation,All,A state-issued license that allows a person to sell insurance in specific lines.,You pass the life and health exam to get your license.,Regulatory filings,"Developers, Underwriters, Product Owners",Beginner,"producer, lines-of-authority, nipr",Non-resident licenses are needed to sell in other states.
product-configurator,Product Configurator,Product Definition Tool,Technology,All,"Software for defining insurance products (coverages, limits, rules, rates, forms) without custom coding.",A product owner adds a new endorsement in the configurator.,Policy administration system,"Developers, Product Owners",Intermediate,"policy-administration-system, product-model",
product-liability-insurance,Product Liability Insurance,,Line-Specific,"Casualty/Liability, Commercial",Covers claims that a product you made or sold caused injury or damage.,A defective toaster starts a kitchen fire.,Policy document,"Underwriters, Product Owners",Intermediate,"products-completed-operations, product-recall-insurance, strict-liability",
product-model,Product Model,Product Definition,Technology,All,"A structured description of an insurance product's coverages, options, limits, deductibles, rules and forms used by systems.",A homeowners product model with 20 coverages and 5 deductible options.,Product specification,"Developers, Product Owners",Advanced,"product-configurator, coverage-code",
product-recall-insurance,Product Recall Insurance,Contaminated Products Insurance,Line-Specific,"Commercial, Specialty",Covers costs of recalling products that are defective or contaminated.,A food maker recalls peanut butter due to salmonella.,Policy document,"Underwriters, Product Owners",Intermediate,product-liability-insurance,
products-completed-operations,Products-Completed Operations,PCO,Policy Wording,"Casualty/Liability, Commercial",Liability for injury or damage caused by your products or finished work after it leaves your control.,A deck you built collapses a year later.,Policy document,"Underwriters, Product Owners",Intermediate,"commercial-general-liability, product-liability-insurance, products-completed-operations-aggregate",
products-completed-operations-aggregate,Products-Completed Operations Aggregate,,Policy Wording,"Casualty/Liability, Commercial",A separate annual aggregate limit for products-completed operations claims under a CGL.,A $2M PCO aggregate separate from the general aggregate.,Declarations page,Underwriters,Advanced,"aggregate-limit, products-completed-operations",
professional-liability-insurance,Professional Liability Insurance,,Line-Specific,Financial Lines,"Coverage for professionals like accountants, lawyers and consultants against claims of negligent services.",A lawyer misses a filing deadline and is sued.,Policy document,"Underwriters, Product Owners",Intermediate,"errors-and-omissions-insurance, medical-malpractice-insurance",
profit-commission,Profit Commission,,Reinsurance,Reinsurance,An extra commission paid to the cedent if the reinsured business is profitable.,20% of profits returned to the ceding company.,Reinsurance contract,Product Owners,Advanced,ceding-commission,
program-administrator,Program Administrator,,Distribution,"Property, Casualty/Liability, Commercial",A firm that runs an insurance program for a niche class under delegated authority.,A program administrator for youth sports leagues.,,"Underwriters, Product Owners",Advanced,"program-business, managing-general-agent",
program-business,Program Business,,Distribution,"Property, Casualty/Liability, Commercial","Insurance for a specific niche class, like dentists or landscapers, managed by an MGA under a carrier's paper.","A program insuring 5,000 craft breweries.",,"Underwriters, Product Owners",Advanced,"managing-general-agent, program-administrator",
prompt-pay-law,Prompt Pay Law,,Regulation,"Health, Property, Motor",A state law setting deadlines by which insurers must pay or respond to claims.,A health insurer must pay a clean claim within 30 days.,Regulatory filings,"Developers, Underwriters, Product Owners",Intermediate,"unfair-claims-settlement-practices, clean-claim",Deadlines vary by state and line.
proof-of-loss,Proof of Loss,Sworn Statement in Proof of Loss,Claims,"Life, Property","A formal, often sworn, statement of the amount and details of your claim.","You sign a proof of loss for $42,000 in fire damage.",Claim documents,"Individuals, Developers, Underwriters",Intermediate,"notice-of-loss, claim",NFIP flood claims require a proof of loss within 60 days unless extended.
property-and-casualty,Property and Casualty,P&C; General Insurance,Core Concept,"Property, Casualty/Liability, Motor, Commercial","The branch of insurance covering property damage and liability, as opposed to life and health.",Auto and home insurers are P&C insurers.,,"Individuals, Developers, Underwriters, Product Owners",Beginner,"life-insurance, personal-lines, commercial-lines",
property-damage,Property Damage,,Policy Wording,"Casualty/Liability, Motor, Commercial","Physical damage to tangible property, including loss of its use.",Your employee damages a client's floor.,Policy document,"Individuals, Underwriters",Beginner,"bodily-injury, property-damage-liability",
property-damage-liability,Property Damage Liability,PD,Policy Wording,"Casualty/Liability, Motor",Pays for damage you cause to other people's property.,You hit a fence; PD pays to fix it.,Declarations page,"Individuals, Developers",Beginner,"bodily-injury-liability, split-limits",
proportional-reinsurance,Proportional Reinsurance,Pro Rata Reinsurance,Reinsurance,Reinsurance,The reinsurer takes an agreed share of premium and losses.,A 50% share of every premium and every loss.,Reinsurance contract,"Underwriters, Product Owners",Intermediate,"quota-share, surplus-treaty, non-proportional-reinsurance",
protected-health-information,Protected Health Information,PHI,Regulation,Health,"Health information that can identify a person, protected under HIPAA.",A claim with your name and diagnosis is PHI.,Regulatory filings,"Developers, Product Owners",Intermediate,"hipaa, business-associate-agreement",
protection-and-indemnity,Protection and Indemnity,P&I,Line-Specific,Marine/Aviation/Transit,"Marine liability coverage for shipowners, including crew injury, pollution and collision liabilities, often from mutual P&I clubs.",A P&I club pays for an oil spill cleanup.,Policy document,"Underwriters, Product Owners",Advanced,"ocean-marine-insurance, jones-act",
protection-class,Protection Class,PPC; Public Protection Classification,Underwriting,"Property, Commercial","A 1 to 10 rating by ISO of a community's fire protection, used in property pricing.",A home in protection class 3 pays less than one in class 9.,Rating engine,"Developers, Underwriters",Intermediate,"cope, territory",
provider-network,Provider Network,Network,Line-Specific,Health,"The group of doctors, hospitals and other providers a health plan contracts with.",An HMO's network covers local hospitals only.,Policy document,"Individuals, Developers, Product Owners",Beginner,"in-network, hmo, ppo, narrow-network",
proximate-cause,Proximate Cause,Dominant Cause,Core Concept,All,"The main or most direct cause of a loss, used to decide whether the loss is covered.",A storm knocks down a power line that starts a fire; the storm may be treated as the proximate cause.,"Policy document, Claim documents","Underwriters, Product Owners",Advanced,"peril, exclusion, concurrent-causation, anti-concurrent-causation-clause",
public-adjuster,Public Adjuster,PA,Claims,"Property, Commercial","A licensed adjuster hired by the policyholder, not the insurer, to negotiate a claim for a percentage fee.",A business hires a public adjuster for 10% of the settlement.,Claim documents,"Individuals, Underwriters",Intermediate,"claims-adjuster, appraisal-clause",Licensed and fee-capped by state; some states cap fees after catastrophes.
punitive-damages,Punitive Damages,Exemplary Damages,Legal/Latin,"Casualty/Liability, Commercial, Financial Lines","Extra money a court awards to punish especially bad behavior, not to repay a loss.",A company that knowingly hid a product defect is ordered to pay $5M in punitive damages.,"Claim documents, Policy document","Underwriters, Product Owners",Advanced,"damages, compensatory-damages",Whether insurance may pay punitive damages varies by state; some states prohibit it as against public policy.
purchasing-group,Purchasing Group,,Core Concept,"Casualty/Liability, Alternative Risk Transfer",A group of similar businesses that buy liability insurance together to get better terms.,A group of daycare centers jointly buying liability insurance.,,"Underwriters, Product Owners",Advanced,risk-retention-group,
pure-premium,Pure Premium,,Finance & Actuarial,All,Expected losses divided by exposures; the amount needed to pay claims only.,"Total losses of $1M over 10,000 car-years gives a pure premium of $100.",Rating engine,"Developers, Underwriters, Product Owners",Advanced,"loss-cost, frequency, severity",
pure-risk,Pure Risk,,Core Concept,All,"A risk where only a loss or no loss can happen, with no chance of gain. Only pure risks are normally insurable.",The chance your house burns down is a pure risk.,,"Underwriters, Product Owners",Intermediate,"speculative-risk, insurable-risk",
qualified-annuity,Qualified Annuity,,Line-Specific,Life,An annuity funded with pre-tax retirement money such as an IRA or 401(k).,Rolling a 401(k) into an IRA annuity.,Policy document,"Individuals, Product Owners",Intermediate,"non-qualified-annuity, required-minimum-distribution",
qualifying-life-event,Qualifying Life Event,QLE,Lifecycle,Health,"A change such as marriage, birth, moving or losing coverage that allows a special enrollment.",Having a baby is a qualifying life event.,,"Individuals, Developers",Beginner,special-enrollment-period,
quota-share,Quota Share,,Reinsurance,Reinsurance,A proportional treaty where the reinsurer takes a fixed percentage of every policy's premium and losses.,A 25% quota share cedes one-quarter of all premiums and claims.,Reinsurance contract,"Underwriters, Product Owners",Intermediate,"proportional-reinsurance, ceding-commission",
quote,Quote,Quotation; Indication,Lifecycle,All,An offer from an insurer showing the price and terms at which it would provide coverage.,An online auto quote of $98 per month.,"Quote, Policy administration system","Individuals, Developers, Underwriters, Product Owners",Beginner,"application, binding, indication, rating-engine",
quote-to-bind-ratio,Quote-to-Bind Ratio,Hit Ratio; Conversion Rate,Finance & Actuarial,All,The share of quotes that become bound policies.,"100 quotes, 25 bound: a 25% hit ratio.","Financial statements, Policy administration system","Developers, Underwriters, Product Owners",Intermediate,"quote, binding",
ransomware,Ransomware,Cyber Extortion,Line-Specific,"Specialty, Financial Lines",Malicious software that locks data until a ransom is paid; cyber policies may cover extortion costs.,A hospital's systems are encrypted and attackers demand bitcoin.,Claim documents,"Developers, Underwriters, Product Owners",Intermediate,"cyber-insurance, ofac",OFAC warns payments to sanctioned actors are prohibited.
rate,Rate,,Underwriting,All,The price per unit of exposure used to calculate the premium.,"A rate of $0.50 per $100 of property value on a $300,000 building gives $1,500.","Rating engine, Regulatory filings","Developers, Underwriters, Product Owners",Intermediate,"premium, exposure, rate-filing, base-rate",
rate-adequacy,Rate Adequacy,,Finance & Actuarial,All,"Whether rates are high enough to cover expected losses, expenses and a reasonable profit.",An actuary finds rates are 8% inadequate.,"Rating engine, Financial statements","Developers, Underwriters, Product Owners",Advanced,"rate-filing, rate-indication",
rate-filing,Rate Filing,,Regulation,All,Submitting proposed rates and rating rules to a state regulator.,An insurer files a 9% auto rate increase in Texas.,Regulatory filings,"Developers, Underwriters, Product Owners",Intermediate,"prior-approval, file-and-use, serff",
rate-indication,Rate Indication,Indicated Rate Change,Finance & Actuarial,All,The actuarially calculated rate change needed to reach target profitability.,"The indication calls for +12%, but the insurer files +7%.","Rating engine, Regulatory filings","Developers, Underwriters, Product Owners",Advanced,"rate-adequacy, rate-filing",
rate-table,Rate Table,Rating Table,Technology,All,"A table of rates or factors looked up by the rating engine, such as factors by age or territory.",A lookup table of territory factors by ZIP code.,Rating engine,"Developers, Underwriters",Intermediate,"rating-engine, rating-factor",
rate-version,Rate Version,Rate Edition; Effective Rate Date,Technology,All,"A specific set of rates identified by effective date and state, so the system applies the correct rates to each policy.",New business on or after 7/1 uses rate version 2025-07.,Rating engine,"Developers, Product Owners",Advanced,"rate-filing, rating-engine",States may require separate new-business and renewal effective dates.
rating-algorithm,Rating Algorithm,,Technology,All,The step-by-step formula that combines base rates and factors to calculate the premium.,Premium = base rate × territory × age × vehicle × discounts.,"Rating engine, Regulatory filings","Developers, Underwriters, Product Owners",Advanced,"rating-engine, base-rate, rating-factor",Filed with state regulators as part of rate filings.
rating-basis,Rating Basis,,Underwriting,"Casualty/Liability, Commercial","The measure an insurer uses to price a policy, such as payroll, sales, area or units.",General liability for a restaurant may be rated on gross sales.,"Rating engine, Declarations page","Developers, Underwriters",Intermediate,"exposure, premium-audit",
rating-engine,Rating Engine,,Technology,All,"Software that calculates premiums by applying rates, factors and rules to a risk's details.","A rating engine returns a $1,234 auto premium from 40 inputs.",Rating engine,"Developers, Underwriters, Product Owners",Intermediate,"rating-algorithm, policy-administration-system, rate",
rating-factor,Rating Factor,Rating Variable,Underwriting,All,"A characteristic used to adjust the premium, such as age, location or claims history.",Living in a city increases the territory rating factor for auto insurance.,Rating engine,"Developers, Underwriters, Product Owners",Intermediate,"base-rate, rating-algorithm, territory","Some states ban or limit factors such as credit score, gender or occupation."
reasonable-expectations-doctrine,Reasonable Expectations Doctrine,,Legal/Latin,All,"A rule in some courts that honors the coverage an ordinary policyholder would reasonably expect, even if the fine print says otherwise.",A court finds a policyholder reasonably expected water damage coverage.,,"Underwriters, Product Owners",Advanced,"contra-proferentem, ambiguity",Adopted in varying forms by some states only.
rebating,Rebating,,Regulation,All,Giving a customer part of the commission or something of value to get them to buy a policy.,An agent offers $200 cash back to buy a policy.,Regulatory filings,"Underwriters, Product Owners",Intermediate,"unfair-trade-practices, commission","Illegal or restricted in most states, though many now allow small gifts or value-added services."
receivership,Receivership,Rehabilitation; Liquidation,Regulation,All,A court process where the state regulator takes control of a troubled insurer to fix or wind it down.,A regulator places an insurer in liquidation.,Regulatory filings,"Underwriters, Product Owners",Advanced,"insolvency, guaranty-fund",
reciprocal-exchange,Reciprocal Insurance Exchange,Reciprocal; Interinsurance Exchange,Core Concept,All,"An unincorporated group of members who insure each other, managed by an attorney-in-fact.",USAA and Erie Insurance Exchange are reciprocals.,,"Underwriters, Product Owners",Advanced,"attorney-in-fact, mutual-insurance-company",
recorded-statement,Recorded Statement,,Claims,All,An interview recorded by the adjuster about how a loss happened.,The adjuster records your account of the crash.,Claims system,"Individuals, Underwriters",Intermediate,"claim-investigation, examination-under-oath",
recoverable-depreciation,Recoverable Depreciation,Holdback,Claims,Property,"The depreciation amount held back on a replacement cost claim, paid once you actually repair or replace the item.","The insurer pays $6,000 ACV now and the remaining $4,000 after the new roof is installed.","Claim documents, Claims system","Individuals, Developers, Underwriters",Intermediate,"replacement-cost, actual-cash-value, depreciation",
recovery,Recovery,Recoveries,Claims,All,"Money the insurer gets back after paying a claim, through subrogation, salvage or reinsurance.","A $4,000 subrogation recovery from another insurer.","Claims system, Financial statements","Developers, Underwriters, Product Owners",Intermediate,"subrogation, salvage",
reduced-paid-up,Reduced Paid-Up Insurance,RPU,Line-Specific,Life,A nonforfeiture option that uses cash value to buy a smaller fully paid policy.,"Your $100,000 policy becomes $35,000 with no more premiums.",Policy document,"Individuals, Developers",Intermediate,nonforfeiture-options,
referral,Referral,Refer,Underwriting,All,Sending a risk to a senior underwriter or other team for approval because it falls outside normal rules or authority.,The rating engine refers an applicant with three recent claims.,"Underwriting system, Policy administration system","Developers, Underwriters, Product Owners",Intermediate,"underwriting-authority, straight-through-processing, underwriting-rules-engine",
referral-health,Referral (Health),,Line-Specific,Health,"Approval from your primary care doctor to see a specialist, required by some plans.",Your HMO needs a referral before a cardiology visit.,Claim documents,"Individuals, Developers",Beginner,"hmo, primary-care-physician, prior-authorization",
registered-index-linked-annuity,Registered Index-Linked Annuity,RILA; Buffered Annuity,Line-Specific,Life,An annuity linked to an index that offers more upside than an FIA but shares losses beyond a buffer.,A 10% buffer absorbs the first 10% of losses.,Policy document,"Individuals, Underwriters, Product Owners",Advanced,"fixed-indexed-annuity, variable-annuity",SEC-registered product.
reinstatement,Reinstatement,,Lifecycle,All,"Restoring a lapsed or cancelled policy, sometimes with conditions such as proof of insurability.",You reinstate your life policy within 3 years by paying back premiums and showing good health.,Policy administration system,"Individuals, Developers, Underwriters",Intermediate,"lapse, grace-period",
reinstatement-premium,Reinstatement Premium,,Reinsurance,Reinsurance,Premium paid to restore a reinsurance limit after it has been used by a loss.,"After a hurricane uses the limit, the insurer pays to reinstate it for a second event.",Reinsurance contract,"Underwriters, Product Owners",Advanced,"excess-of-loss, catastrophe-excess-of-loss",
reinsurance,Reinsurance,Insurance for Insurers,Reinsurance,All,Insurance bought by insurers to protect themselves against large or numerous losses.,A Florida home insurer buys reinsurance for hurricane losses above $50M.,Reinsurance contract,"Developers, Underwriters, Product Owners",Beginner,"ceding-company, reinsurer, treaty-reinsurance, facultative-reinsurance",US reinsurance is regulated through ceding insurers' credit-for-reinsurance rules.
reinsurance-broker,Reinsurance Broker,Reinsurance Intermediary,Reinsurance,Reinsurance,A broker who arranges reinsurance between insurers and reinsurers.,A broker places a $1B catastrophe program across 30 reinsurers.,Reinsurance contract,Product Owners,Intermediate,"broker, reinsurance",
reinsurer,Reinsurer,Assuming Company,Reinsurance,Reinsurance,The company that accepts risk from an insurer in a reinsurance deal.,Munich Re takes part of a US insurer's catastrophe risk.,Reinsurance contract,"Underwriters, Product Owners",Beginner,"reinsurance, ceding-company",
release,Release,Release of Claims,Claims,"Casualty/Liability, Motor",A signed document where a claimant gives up further claims in exchange for payment.,"An injured driver signs a release after accepting $25,000.",Claim documents,"Individuals, Underwriters",Intermediate,claim-settlement,
renewal,Renewal,,Lifecycle,All,"Continuing a policy for another term, often with updated price or terms.",Your auto policy renews every six months.,Renewal notice,"Individuals, Developers, Underwriters, Product Owners",Beginner,"non-renewal, expiration-date, renewal-offer",
renewal-offer,Renewal Offer,Renewal Notice,Lifecycle,All,Notice from the insurer of the price and terms for the next policy term.,You receive a renewal offer 45 days before expiration.,Renewal notice,"Individuals, Developers",Beginner,"renewal, conditional-renewal",
rental-reimbursement,Rental Reimbursement,Transportation Expense,Policy Wording,Motor,Coverage that pays for a rental car while yours is being repaired after a covered loss.,$40 per day for up to 30 days for a rental car.,Declarations page,"Individuals, Developers",Beginner,loss-of-use,
reopened-claim,Reopened Claim,,Claims,All,A claim that was closed but opened again because of new information or damage.,A closed injury claim is reopened after new surgery is needed.,Claims system,"Developers, Underwriters",Intermediate,"claim, reserve-development",
replacement,Replacement,,Regulation,"Life, Health","Buying a new life policy or annuity that ends or reduces an existing one, which triggers extra disclosure rules.",A replacement form is signed when switching life policies.,"Application form, Regulatory filings","Developers, Underwriters, Product Owners",Intermediate,"twisting, free-look-period",States follow the NAIC Life Insurance and Annuities Replacement Model Regulation.
replacement-cost,Replacement Cost,RC; RCV; Replacement Cost Value,Core Concept,Property,"The cost to replace damaged property with new property of similar kind and quality, without subtracting depreciation.",Your 5-year-old TV is replaced with a new comparable model costing $900.,"Policy document, Claim documents","Individuals, Developers, Underwriters, Product Owners",Beginner,"actual-cash-value, depreciation, recoverable-depreciation, guaranteed-replacement-cost",
representation,Representation,,Underwriting,All,"A statement made by the applicant that they believe to be true, used by the insurer to decide on the risk.",You state your home has a smoke detector.,Application form,Underwriters,Intermediate,"warranty, misrepresentation",
required-minimum-distribution,Required Minimum Distribution,RMD,Regulation,Life,"The minimum amount you must withdraw each year from qualified retirement accounts, including qualified annuities, after a certain age.",At 73 you must start RMDs.,Policy document,"Individuals, Developers",Intermediate,qualified-annuity,"The starting age is set by federal law (currently 73, rising to 75 in 2033)."
rescission,Rescission,,Lifecycle,All,"Cancelling a policy as if it never existed, usually because of material misrepresentation, with premium refunded.",An insurer rescinds a life policy after finding undisclosed cancer treatment.,Policy document,"Developers, Underwriters, Product Owners",Advanced,"misrepresentation, ab-initio, void-policy, incontestability-clause",The ACA limits rescission of health coverage to fraud or intentional misrepresentation.
reservation-of-rights,Reservation of Rights,ROR Letter,Claims,"Casualty/Liability, Commercial, Financial Lines",A letter from the insurer saying it will handle a claim for now but may later deny coverage.,The insurer defends a lawsuit but reserves its right to deny if the act was intentional.,Claim documents,"Individuals, Underwriters",Advanced,"duty-to-defend, declination","Some states let insureds choose independent counsel (e.g., California 'Cumis counsel') when there is an ROR."
reserve-development,Reserve Development,Loss Development,Finance & Actuarial,All,"How estimates of past claims change over time; adverse development means they grew, favorable means they shrank.",Adverse development of $50M on prior-year claims.,Financial statements,"Developers, Underwriters, Product Owners",Advanced,"loss-development, schedule-p, ibnr",
reserves,Reserves,Technical Reserves; Insurance Liabilities,Finance & Actuarial,All,Money an insurer sets aside on its balance sheet to pay future claims and obligations.,Reserves for unpaid claims and unearned premium.,Financial statements,"Developers, Underwriters, Product Owners",Intermediate,"loss-reserve, unearned-premium-reserve, ibnr, policy-reserve",
residual-disability,Residual Disability,Partial Disability,Line-Specific,Health,Benefits paid when you can work but earn less due to disability.,You return part-time and receive partial benefits.,Policy document,"Individuals, Underwriters",Advanced,disability-insurance,
residual-market,Residual Market,Assigned Risk; Shared Market; Market of Last Resort,Regulation,"Property, Motor, Commercial",State-run or state-mandated plans that provide insurance to people who can't get it in the normal market.,A driver with many violations gets auto insurance through the state assigned risk plan.,Regulatory filings,"Individuals, Underwriters, Product Owners",Intermediate,"fair-plan, assigned-risk-plan, citizens-property-insurance",
respondeat-superior,Respondeat Superior,,Legal/Latin,"Casualty/Liability, Commercial",Latin for 'let the master answer'. An employer is legally responsible for acts of employees done within their job.,A hospital is liable for a nurse's error during a shift.,Claim documents,Underwriters,Advanced,vicarious-liability,
retail-agent,Retail Agent,Retail Broker,Distribution,All,The agent who deals directly with the customer.,A retail agent works with a wholesaler for an unusual risk.,Agent/broker communications,"Underwriters, Product Owners",Intermediate,"wholesale-broker, insurance-agent",
retention,Retention,,Reinsurance,All,The amount of loss kept by the insured or by an insurer before insurance or reinsurance pays.,A reinsurer pays losses above the insurer's $1M retention.,"Reinsurance contract, Declarations page","Underwriters, Product Owners",Intermediate,"self-insured-retention, attachment-point, deductible",
retention-ratio,Retention Ratio,Renewal Retention,Finance & Actuarial,All,The percentage of policies that renew.,An 87% retention ratio means 13% of customers left.,Financial statements,"Underwriters, Product Owners",Intermediate,"renewal, new-business",
retroactive-date,Retroactive Date,Retro Date,Policy Wording,"Casualty/Liability, Specialty, Financial Lines","The date on a claims-made policy before which incidents are not covered, even if the claim is made during the policy.",A retro date of 2018 means a mistake made in 2016 is not covered.,"Declarations page, Policy document","Developers, Underwriters, Product Owners",Advanced,"claims-made-policy, prior-acts-coverage, tail-coverage",
retrocession,Retrocession,Retro,Reinsurance,Reinsurance,Reinsurance bought by reinsurers to protect themselves.,A reinsurer buys retrocession for peak hurricane risk.,Reinsurance contract,"Underwriters, Product Owners",Advanced,"reinsurance, retrocessionaire",
retrocessionaire,Retrocessionaire,,Reinsurance,Reinsurance,The company that provides retrocession to a reinsurer.,A hedge-fund-backed retrocessionaire.,Reinsurance contract,Product Owners,Advanced,retrocession,
retrospective-rating,Retrospective Rating,Retro Plan,Underwriting,"Casualty/Liability, Commercial",A plan where the final premium is adjusted after the policy period based on actual losses during that period.,A large employer pays a lower premium after a year with few claims.,Rating engine,"Underwriters, Product Owners",Advanced,"experience-rating, loss-sensitive-program",
return-of-premium-term,Return of Premium Term,ROP Term,Line-Specific,Life,"Term life that refunds premiums paid if you outlive the term, at a higher price.",After 20 years you get back all your premiums.,Policy document,"Individuals, Product Owners",Intermediate,term-life-insurance,
return-period,Return Period,,Finance & Actuarial,"Property, Agriculture, Reinsurance","How often, on average, a loss of a certain size is expected, such as once in 100 years.",A 1-in-100 return period equals 1% chance each year.,Financial statements,"Developers, Product Owners",Advanced,exceedance-probability,
return-premium,Return Premium,RP; Refund,Lifecycle,All,Money returned to the policyholder because of a cancellation or a reduction in coverage.,Removing a car mid-term produces a $120 return premium.,Billing statement,"Individuals, Developers, Underwriters",Beginner,"additional-premium, pro-rata-cancellation",
revenue-protection,Revenue Protection,RP,Line-Specific,Agriculture,"A federal crop policy covering loss of revenue from low yields, price declines, or both.",Prices fall and yields drop; RP pays the difference.,Policy document,"Underwriters, Product Owners",Advanced,"multi-peril-crop-insurance, yield-protection",
rider,Rider,,Policy Wording,"Life, Health","An add-on to a life or health policy that changes or adds benefits, usually for extra premium.",A waiver-of-premium rider on a life policy.,"Policy document, Application form","Individuals, Developers, Underwriters, Product Owners",Beginner,"endorsement, accelerated-death-benefit-rider, waiver-of-premium-rider",
rideshare-coverage,Rideshare Coverage,TNC Endorsement,Policy Wording,Motor,"Coverage for drivers using their car for services like Uber or Lyft, filling gaps in personal auto policies.",Covers the period when the app is on but no ride is accepted.,Policy document,"Individuals, Underwriters, Product Owners",Intermediate,"personal-auto-policy, commercial-auto-insurance",Most states have TNC insurance laws.
risk,Risk,,Core Concept,All,The chance that something bad and costly will happen. Insurers also use 'risk' to mean the person or property being insured.,A house near the coast has a higher risk of hurricane damage.,"Underwriting system, Policy document","Individuals, Developers, Underwriters, Product Owners",Beginner,"hazard, peril, exposure, risk-management",
risk-adjustment,Risk Adjustment,,Finance & Actuarial,Health,A program that moves money from health plans with healthier members to plans with sicker members.,A plan with many diabetic enrollees receives risk adjustment payments.,Financial statements,"Developers, Product Owners",Advanced,"affordable-care-act, hierarchical-condition-categories",Used in ACA markets and Medicare Advantage.
risk-appetite,Risk Appetite,,Underwriting,All,The types and amount of risk an insurer is willing to accept.,An insurer's appetite excludes restaurants with deep fryers.,"Underwriting system, Agent/broker communications","Underwriters, Product Owners",Intermediate,"underwriting-guidelines, capacity",
risk-class,Risk Class,Underwriting Class; Rate Class,Underwriting,"Life, Health","A group into which applicants with similar risk are placed, such as preferred plus, standard or substandard.",A non-smoker in excellent health gets Preferred Plus.,"Underwriting system, Quote","Individuals, Developers, Underwriters",Intermediate,"table-rating, medical-underwriting",
risk-management,Risk Management,,Core Concept,All,"The process of identifying risks and deciding how to handle them, such as avoiding, reducing, retaining or transferring them.",A factory installs sprinklers and buys property insurance as part of risk management.,,"Underwriters, Product Owners",Beginner,"risk-transfer, risk-retention, loss-control",
risk-pooling,Risk Pooling,Pooling,Core Concept,All,Combining many people's premiums so that the losses of a few are paid from the money of many.,Thousands of homeowners pay premiums into a pool that pays for the few homes that burn.,,"Individuals, Underwriters, Product Owners",Beginner,"insurance, law-of-large-numbers",
risk-rating-2,Risk Rating 2.0,,Underwriting,"Property, Social/Government","FEMA's pricing method for NFIP policies, introduced in 2021, that bases premiums on each property's individual flood risk.",Two neighbors pay different NFIP premiums based on distance to water.,Rating engine,"Developers, Underwriters, Product Owners",Advanced,national-flood-insurance-program,
risk-retention,Risk Retention,Self-Insurance,Core Concept,All,Choosing to pay for certain losses yourself instead of insuring them.,"A company pays small property losses under $25,000 out of its own budget.",,"Underwriters, Product Owners",Intermediate,"self-insurance, deductible, self-insured-retention",
risk-retention-group,Risk Retention Group,RRG,Core Concept,"Casualty/Liability, Alternative Risk Transfer","A liability insurer owned by its members in the same industry, allowed by federal law to operate across states after licensing in one.",Physicians form an RRG for malpractice coverage.,,"Underwriters, Product Owners",Advanced,"captive-insurance-company, purchasing-group",Created under the federal Liability Risk Retention Act.
risk-selection,Risk Selection,,Underwriting,All,Choosing which applicants to insure to keep the book of business profitable.,An insurer selects drivers with clean records.,Underwriting system,"Underwriters, Product Owners",Intermediate,"underwriting, adverse-selection",
risk-transfer,Risk Transfer,,Core Concept,All,"Shifting the financial cost of a risk to someone else, usually an insurer or through a contract.",A contractor makes subcontractors carry insurance and name it as additional insured.,Policy document,"Underwriters, Product Owners",Intermediate,"risk-management, hold-harmless-agreement, insurance",
risk-transfer-testing,Risk Transfer Testing,10-10 Rule,Finance & Actuarial,"Reinsurance, Alternative Risk Transfer",Accounting tests to confirm a reinsurance contract transfers enough risk to count as insurance.,An auditor checks there's a 10% chance of a 10% loss.,Financial statements,Product Owners,Advanced,finite-risk-insurance,
risk-based-capital,Risk-Based Capital,RBC,Regulation,All,A regulatory formula that sets the minimum capital an insurer needs based on its risks.,An insurer below 200% RBC triggers regulator action.,"Regulatory filings, Financial statements","Underwriters, Product Owners",Advanced,"solvency, insolvency, naic",
rma,RMA,Risk Management Agency,Regulation,"Agriculture, Social/Government",The USDA agency that oversees the federal crop insurance program.,RMA sets crop insurance prices and rules.,Regulatory filings,"Underwriters, Product Owners",Intermediate,"federal-crop-insurance-corporation, crop-insurance",
roadside-assistance,Roadside Assistance,Towing and Labor,Policy Wording,Motor,"Coverage for towing, jump starts, flat tires and lockouts.",A tow when your car breaks down.,Declarations page,Individuals,Beginner,rental-reimbursement,
roof-payment-schedule,Roof Payment Schedule,Roof Surfacing Payment Schedule,Policy Wording,Property,An endorsement paying roof damage based on the roof's age using a depreciation schedule.,A 15-year-old roof is paid at 40% of replacement cost.,Policy document,"Individuals, Underwriters",Intermediate,"actual-cash-value, endorsement",Common in hail-prone states like Texas and Colorado.
run-off,Run-Off,Legacy Business,Finance & Actuarial,All,A book of business that no longer writes new policies but still has claims to pay.,A closed-down asbestos portfolio in run-off.,Financial statements,"Developers, Product Owners",Advanced,portfolio-transfer,
salvage,Salvage,,Claims,"Property, Motor, Marine/Aviation/Transit","Damaged property the insurer takes after paying a total loss, or money recovered by selling it.","The insurer sells your wrecked car at auction for $1,500.",Claims system,"Developers, Underwriters, Product Owners",Intermediate,"total-loss, subrogation, recovery",
salvage-title,Salvage Title,Branded Title,Claims,Motor,A vehicle title marking a car as having been a total loss.,A car rebuilt after a flood has a salvage title.,Claims system,"Individuals, Developers",Intermediate,"total-loss, salvage",Rules and branding vary by state.
sanctions-clause,Sanctions Clause,,Policy Wording,All,A clause saying the insurer will not provide coverage or pay claims if doing so would violate sanctions laws.,Cargo headed to a sanctioned port is not covered.,Policy document,Underwriters,Intermediate,ofac,
schedule,Schedule,,Policy Wording,All,"A list attached to a policy that details specific items, locations, vehicles or people covered.",A schedule lists 12 insured buildings with values.,Declarations page,"Developers, Underwriters",Beginner,"declarations-page, scheduled-personal-property",
schedule-p,Schedule P,,Finance & Actuarial,"Property, Casualty/Liability, Motor, Commercial, Financial Lines",The part of the P&C annual statement showing how loss reserves have developed over ten years.,Analysts use Schedule P to check whether reserves were adequate.,Financial statements,"Developers, Product Owners",Advanced,"annual-statement, loss-development, reserves",
schedule-rating,Schedule Rating,,Underwriting,"Property, Casualty/Liability, Commercial",Adjusting a commercial premium up or down within limits based on the underwriter's judgment of specific characteristics.,A 15% credit for excellent housekeeping and safety programs.,Rating engine,"Developers, Underwriters",Advanced,"experience-rating, rating-factor",Maximum schedule credits and debits are filed with each state.
scheduled-personal-property,Scheduled Personal Property,Personal Articles Floater; Floater,Policy Wording,Property,"Specific valuable items listed individually with their own limits, often with broader coverage.","A $10,000 engagement ring scheduled on your home policy.","Declarations page, Policy document","Individuals, Underwriters",Beginner,"sublimit, inland-marine-insurance, endorsement",
securities-claim,Securities Claim,,Policy Wording,Financial Lines,"A claim alleging violation of securities laws, such as misleading investors.",Shareholders sue after the stock drops on restated earnings.,Policy document,Underwriters,Advanced,"side-c, directors-and-officers-liability",
self-funded-plan,Self-Funded Plan,Self-Insured Plan; ASO Plan,Line-Specific,Health,"A health plan where the employer pays claims from its own funds, usually hiring an insurer or TPA to administer it.",A large company pays employees' medical claims directly.,Policy document,"Developers, Underwriters, Product Owners",Intermediate,"fully-insured-plan, stop-loss-insurance, erisa, administrative-services-only",Governed by ERISA and generally exempt from state insurance mandates.
self-insurance,Self-Insurance,Self-Funding,Core Concept,"Health, Casualty/Liability, Commercial",When an organization pays its own losses from its own funds rather than buying insurance.,A large employer pays employee medical bills directly and hires a TPA to process claims.,,"Developers, Underwriters, Product Owners",Intermediate,"risk-retention, self-funded-plan, third-party-administrator, captive-insurance-company",Self-insuring workers' comp requires state approval; self-funded health plans are governed by ERISA.
self-insured-retention,Self-Insured Retention,SIR,Policy Wording,"Casualty/Liability, Commercial, Financial Lines","An amount the insured must pay (including defense costs) before the insurer becomes involved; unlike a deductible, the insurer doesn't pay first.","A company pays the first $250,000 of each liability claim itself.","Declarations page, Policy document","Underwriters, Product Owners",Advanced,"deductible, risk-retention, retention",
serff,SERFF,System for Electronic Rates and Forms Filing,Technology,All,The NAIC's online system insurers use to submit rate and form filings to states.,Product filings for a new auto program go through SERFF.,Regulatory filings,"Developers, Underwriters, Product Owners",Intermediate,"rate-filing, form-filing, naic",
severability-of-interests,Severability of Interests,Separation of Insureds,Policy Wording,"Casualty/Liability, Commercial, Financial Lines","A clause that applies the policy separately to each insured, as if each had its own policy.",An exclusion for one insured's intentional act doesn't remove coverage for an innocent co-insured.,Policy document,Underwriters,Advanced,"named-insured, innocent-co-insured",
severity,Severity,Claim Severity,Finance & Actuarial,All,The average cost of each loss or claim.,"If 10 claims cost $50,000 total, severity is $5,000.","Financial statements, Underwriting system","Developers, Underwriters, Product Owners",Intermediate,"frequency, loss-cost",
short-rate-cancellation,Short-Rate Cancellation,,Lifecycle,All,A cancellation where the refund is less than the proportional amount to cover the insurer's costs.,"Cancelling halfway through a $1,000 policy returns only $450.",Billing statement,"Developers, Underwriters",Intermediate,"pro-rata-cancellation, cancellation",Some states prohibit or limit short-rate penalties in personal lines.
short-tail,Short-Tail Line,,Finance & Actuarial,"Property, Motor","A line where claims are reported and settled quickly, like property and auto physical damage.",Hail claims are usually closed within months.,Financial statements,"Developers, Underwriters, Product Owners",Advanced,long-tail,
short-term-disability-insurance,Short-Term Disability Insurance,STD,Line-Specific,Health,"Disability insurance that pays for a short period, often up to 3–6 months.",Paid for 12 weeks after surgery.,Policy document,"Individuals, Developers",Beginner,"disability-insurance, long-term-disability-insurance","California, Hawaii, New Jersey, New York, Rhode Island and Puerto Rico have mandatory state disability programs."
short-term-health-insurance,Short-Term Health Insurance,Short-Term Limited Duration Insurance; STLDI,Line-Specific,Health,Temporary health coverage that doesn't have to follow ACA rules and may exclude pre-existing conditions.,A 3-month plan between jobs.,Policy document,"Individuals, Product Owners",Intermediate,"affordable-care-act, pre-existing-condition",Federal rules (2024) cap initial terms at 3 months; many states restrict or ban these plans.
sic-code,SIC Code,Standard Industrial Classification,Technology,"Property, Casualty/Liability, Commercial",An older 4-digit industry classification still used by some insurers.,SIC 5812 means eating places.,Application form,"Developers, Underwriters",Intermediate,"naics-code, class-code",
side-a,Side A Coverage,,Policy Wording,Financial Lines,"D&O coverage paying directors and officers directly when the company can't indemnify them, such as in bankruptcy.",Side A pays a director's defense when the company is insolvent.,Policy document,Underwriters,Advanced,"directors-and-officers-liability, side-b, side-c",
side-b,Side B Coverage,Corporate Reimbursement,Policy Wording,Financial Lines,D&O coverage reimbursing the company when it indemnifies its directors and officers.,The company pays a CEO's legal fees and is reimbursed.,Policy document,Underwriters,Advanced,"side-a, side-c",
side-c,Side C Coverage,Entity Coverage,Policy Wording,Financial Lines,"D&O coverage protecting the company itself, often only for securities claims in public companies.",A securities class action against the company.,Policy document,Underwriters,Advanced,"side-a, side-b, securities-claim",
simplified-issue,Simplified Issue,,Underwriting,"Life, Health","A policy issued based on a few health questions, with no medical exam.","A $100,000 simplified issue term policy.",Application form,"Individuals, Underwriters, Product Owners",Intermediate,"guaranteed-issue, medical-underwriting",
slip,Slip,Placing Slip,Reinsurance,"Marine/Aviation/Transit, Specialty, Reinsurance","A document summarizing the terms of a risk, which underwriters sign to accept a share.",Lloyd's underwriters stamp the slip for their lines.,Reinsurance contract,"Developers, Underwriters",Advanced,"lloyds, line",
social-engineering-fraud,Social Engineering Fraud,Funds Transfer Fraud,Policy Wording,"Commercial, Financial Lines",Coverage for losses when an employee is tricked into sending money to a fraudster.,"An employee wires $80,000 after a fake CEO email.",Policy document,"Underwriters, Product Owners",Intermediate,"crime-insurance, cyber-insurance",
social-inflation,Social Inflation,,Finance & Actuarial,"Casualty/Liability, Motor, Commercial, Financial Lines","Rising claim costs driven by larger jury awards, litigation funding and changing attitudes toward corporations.",Commercial auto claims grow faster than general inflation.,Financial statements,"Underwriters, Product Owners",Advanced,"excess-verdict, loss-trend",
social-insurance,Social Insurance,,Core Concept,Social/Government,"Government insurance programs funded by payroll taxes or contributions, like Social Security, Medicare and unemployment insurance.",Payroll taxes fund Social Security.,,"Individuals, Product Owners",Beginner,"medicare, social-security-disability, unemployment-insurance",
social-security-disability,Social Security Disability Insurance,SSDI,Line-Specific,Social/Government,A federal program paying monthly benefits to people who can't work due to a severe disability and have enough work credits.,A worker with MS receives SSDI.,,"Individuals, Product Owners",Intermediate,disability-insurance,
soft-fraud,Soft Fraud,Opportunistic Fraud,Claims,All,Exaggerating a genuine claim or lying on an application to pay less.,Adding a laptop that wasn't stolen to a real burglary claim.,Claims system,Underwriters,Intermediate,"insurance-fraud, hard-fraud",
soft-market,Soft Market,,Underwriting,All,"A period when insurance is easy to buy, prices fall and terms loosen due to competition.","In a soft market, brokers can get more coverage for less premium.",,"Underwriters, Product Owners",Intermediate,"hard-market, underwriting-cycle",
solvency,Solvency,,Finance & Actuarial,All,"An insurer's ability to pay all its obligations, including future claims.",Regulators monitor solvency through capital ratios.,Financial statements,"Underwriters, Product Owners",Intermediate,"risk-based-capital, insolvency",
space-insurance,Space Insurance,,Line-Specific,"Marine/Aviation/Transit, Specialty",Covers satellites during launch and in orbit.,A satellite fails after launch.,Policy document,Underwriters,Advanced,aviation-insurance,
special-damages,Special Damages,Economic Damages,Legal/Latin,"Casualty/Liability, Motor","Damages for losses with a specific dollar amount, such as medical bills and lost wages.","Hospital bills of $12,000 are special damages.",Claim documents,Underwriters,Intermediate,"general-damages, compensatory-damages",
special-enrollment-period,Special Enrollment Period,SEP,Lifecycle,Health,"A time outside open enrollment when you can enroll because of a life event like losing coverage, marriage or having a baby.",You have 60 days after losing job coverage to enroll.,,"Individuals, Developers, Product Owners",Intermediate,"open-enrollment-period, qualifying-life-event",
special-form,Special Form,Special Causes of Loss,Policy Wording,"Property, Commercial",A property coverage form that covers all risks of direct physical loss except those excluded.,Most commercial buildings are insured on special form.,Policy document,"Underwriters, Product Owners",Intermediate,"open-perils, broad-form, basic-form",
special-investigations-unit,Special Investigations Unit,SIU,Claims,All,An insurer's team that investigates suspected fraud.,A suspicious fire claim is referred to SIU.,Claims system,"Developers, Underwriters, Product Owners",Intermediate,"insurance-fraud, examination-under-oath",Most states require insurers to maintain an SIU or anti-fraud plan.
specialty-insurance,Specialty Insurance,,Core Concept,Specialty,"Coverage for unusual, complex or niche risks not handled by standard policies.",Insurance for a film production or a rare art collection.,,"Underwriters, Product Owners",Intermediate,surplus-lines,
specific-stop-loss,Specific Stop-Loss,,Line-Specific,Health,Stop-loss that pays when one person's claims exceed a set amount.,"Pays one employee's claims above $150,000.",Policy document,"Underwriters, Product Owners",Advanced,"stop-loss-insurance, aggregate-stop-loss",
speculative-risk,Speculative Risk,,Core Concept,All,"A risk that could lead to a gain or a loss, such as gambling or investing. It is generally not insurable.",Buying stock is a speculative risk because it can go up or down.,,"Underwriters, Product Owners",Intermediate,"pure-risk, insurable-risk",
split-limits,Split Limits,25/50/25,Policy Wording,Motor,"Auto liability limits shown as three numbers: per-person bodily injury, per-accident bodily injury and property damage (in thousands).","100/300/100 means $100k per person, $300k per accident, $100k property.",Declarations page,"Individuals, Developers",Intermediate,"combined-single-limit, bodily-injury-liability","State minimums range widely (e.g., 25/50/25 or 15/30/5)."
spoilage-coverage,Spoilage Coverage,,Policy Wording,"Property, Commercial",Covers perishable goods that spoil due to power failure or equipment breakdown.,A grocery's frozen food spoils in a power outage.,Policy document,Underwriters,Intermediate,equipment-breakdown-insurance,
sr-22,SR-22,Certificate of Financial Responsibility,Regulation,Motor,"A form your insurer files with the state proving you carry required auto insurance, often after a DUI or serious violations.","After a DUI, you need an SR-22 for three years.",Regulatory filings,"Individuals, Developers, Underwriters",Intermediate,financial-responsibility-law,Florida and Virginia also use FR-44 for DUIs with higher limits.
staff-adjuster,Staff Adjuster,,Claims,All,An adjuster employed directly by the insurer.,The insurer's own adjuster handles your auto claim.,Claims system,"Developers, Underwriters",Beginner,"claims-adjuster, independent-adjuster",
standard-reinsurance-agreement,Standard Reinsurance Agreement,SRA,Reinsurance,"Agriculture, Social/Government, Reinsurance",The contract between the FCIC and private crop insurers setting how losses and gains are shared.,The SRA governs a crop insurer's risk sharing with the government.,Reinsurance contract,Product Owners,Advanced,federal-crop-insurance-corporation,
state-department-of-insurance,State Department of Insurance,DOI; Insurance Department,Regulation,All,"The state agency that licenses insurers and agents, approves rates and forms, and handles consumer complaints.",You file a complaint against your insurer with the Texas Department of Insurance.,Regulatory filings,"Individuals, Developers, Underwriters, Product Owners",Beginner,"insurance-commissioner, naic","Each of the 50 states, D.C. and territories has its own regulator."
stated-value,Stated Value,,Policy Wording,"Property, Motor","A value listed on the policy, but the insurer pays the lesser of that value or actual cash value.","A car with a $20,000 stated value may still be paid at $15,000 ACV.","Declarations page, Policy document","Individuals, Underwriters",Intermediate,"agreed-value, actual-cash-value",
statistical-plan,Statistical Plan,,Regulation,All,The coding rules and formats insurers must use for statistical reporting.,The ISO personal auto statistical plan codes each coverage.,Regulatory filings,Developers,Advanced,statistical-reporting,
statistical-reporting,Statistical Reporting,Stat Reporting,Regulation,All,Sending detailed premium and loss data to statistical agents like ISO or NCCI as required by states.,Monthly data sent to ISO under its statistical plan.,Regulatory filings,"Developers, Product Owners",Advanced,"iso, ncci, statistical-plan",
statutory-accounting-principles,Statutory Accounting Principles,SAP,Finance & Actuarial,All,"The conservative accounting rules insurers use for reports to state regulators, focused on ability to pay claims.",SAP requires acquisition costs to be expensed immediately.,"Financial statements, Regulatory filings","Developers, Underwriters, Product Owners",Advanced,"gaap, annual-statement, naic",
stock-insurance-company,Stock Insurance Company,,Core Concept,All,An insurer owned by shareholders who expect profits.,A publicly traded insurer like Allstate.,,"Individuals, Underwriters, Product Owners",Intermediate,mutual-insurance-company,
stoli,STOLI,Stranger-Originated Life Insurance,Line-Specific,Life,"A scheme where investors arrange for someone to buy life insurance on themselves, intending to sell it to the investors.",A senior is paid to take out a policy that is transferred to an investor.,,"Underwriters, Product Owners",Advanced,"insurable-interest, life-settlement",Prohibited in most states.
stop-loss-insurance,Stop-Loss Insurance,Excess Risk Insurance,Line-Specific,Health,Insurance that protects self-funded employers against unexpectedly high claims.,"Stop-loss pays for any employee's claims above $100,000.",Policy document,"Underwriters, Product Owners",Advanced,"self-funded-plan, specific-stop-loss, aggregate-stop-loss",
straight-through-processing,Straight-Through Processing,STP,Technology,All,"Handling a quote, policy or claim fully automatically without human touch.",70% of renters policies are issued with STP.,Policy administration system,"Developers, Product Owners",Intermediate,"underwriting-rules-engine, auto-adjudication",
strict-liability,Strict Liability,,Legal/Latin,"Casualty/Liability, Commercial",Being legally responsible for harm even if you were not careless.,A manufacturer may be strictly liable for a defective product that injures someone.,Claim documents,Underwriters,Advanced,"product-liability-insurance, liability, negligence",
sub-account,Sub-Account,,Line-Specific,Life,"An investment option in a variable policy or annuity, similar to a mutual fund.",You split money among five sub-accounts.,Policy document,"Individuals, Developers",Intermediate,"variable-annuity, variable-universal-life",
sublimit,Sublimit,,Policy Wording,All,A smaller limit within the main limit that applies to a particular type of loss or property.,"A home policy may cap jewelry theft at $1,500 even though personal property is covered up to $100,000.","Declarations page, Policy document","Individuals, Underwriters, Product Owners",Intermediate,"limit-of-liability, scheduled-personal-property, endorsement",
submission,Submission,,Lifecycle,"Property, Casualty/Liability, Commercial, Specialty, Financial Lines",The package of information a broker sends an insurer to request a commercial quote.,"A broker submits applications, loss runs and financials for a manufacturer.","Agent/broker communications, Underwriting system","Developers, Underwriters, Product Owners",Intermediate,"quote, loss-run, application, clearance",
subrogation,Subrogation,,Core Concept,All,"After paying your claim, the insurer takes over your right to recover the money from whoever caused the loss.","Your insurer pays for your car after someone rear-ends you, then sues the other driver's insurer to get its money back.","Policy document, Claim documents","Individuals, Developers, Underwriters, Product Owners",Intermediate,"waiver-of-subrogation, indemnity, recovery, salvage",Some states have 'made-whole' rules that limit health insurer subrogation until you are fully compensated.
subrogation-demand,Subrogation Demand,,Claims,"Property, Motor",A request sent to a responsible party or their insurer to repay the claim.,Your insurer sends a subrogation demand to the at-fault driver's carrier.,Claims system,"Developers, Underwriters",Intermediate,"subrogation, inter-company-arbitration",
sudden-and-accidental,Sudden and Accidental,,Policy Wording,Property,"Wording meaning damage must happen quickly and unexpectedly, not over time, to be covered.",A burst pipe is sudden; a slow leak over months isn't.,Policy document,"Individuals, Underwriters",Intermediate,"wear-and-tear, exclusion",
suicide-clause,Suicide Clause,Suicide Exclusion,Policy Wording,Life,"A clause saying the policy won't pay the full death benefit if the insured dies by suicide within a set period, usually two years; premiums are refunded instead.",A death by suicide in year one results in a refund of premiums.,Policy document,"Individuals, Underwriters",Intermediate,"incontestability-clause, exclusion",Usually 2 years; 1 year in a few states such as Colorado and North Dakota.
suitability,Suitability,Best Interest Standard,Regulation,Life,A requirement that an agent recommend annuities or policies that fit the customer's needs and finances.,An agent documents why a fixed annuity suits a 70-year-old's goals.,"Regulatory filings, Application form","Underwriters, Product Owners",Intermediate,"annuity, replacement",Most states adopted the 2020 NAIC Best Interest annuity model.
summary-of-benefits-and-coverage,Summary of Benefits and Coverage,SBC,Regulation,Health,"A standard, easy-to-read summary of a health plan's costs and coverage, required by the ACA.",You compare two plans using their SBCs.,Policy document,"Individuals, Developers, Product Owners",Beginner,summary-plan-description,
summary-plan-description,Summary Plan Description,SPD,Regulation,"Life, Health","A document required by ERISA explaining an employee benefit plan's benefits, rights and procedures.",Your HR portal has the SPD for the company's health plan.,Policy document,"Individuals, Developers, Product Owners",Intermediate,"erisa, summary-of-benefits-and-coverage",
supplement,Supplement,Supplemental Claim,Claims,"Property, Motor",An additional request for payment when hidden damage is found after the first estimate.,The shop finds a broken frame part and files a $900 supplement.,Claims system,"Individuals, Developers",Intermediate,estimate,
supplemental-insurance,Supplemental Insurance,Voluntary Benefits,Line-Specific,"Life, Health","Optional policies paid by employees, such as accident, critical illness or hospital indemnity, to supplement core coverage.",An employee adds cancer insurance through payroll deduction.,Policy document,"Individuals, Product Owners",Beginner,"critical-illness-insurance, accident-insurance",
supplementary-payments,Supplementary Payments,,Policy Wording,"Casualty/Liability, Motor, Commercial","Costs the insurer pays in addition to the limit, such as bail bonds, court costs and interest.",The insurer pays court costs and post-judgment interest.,Policy document,Underwriters,Advanced,defense-outside-limits,
surety,Surety,,Line-Specific,"Specialty, Financial Lines",The company that issues a bond and guarantees the principal's obligation.,An insurance company acting as surety.,Policy document,Underwriters,Intermediate,"surety-bond, principal",
surety-bond,Surety Bond,Bond,Line-Specific,"Specialty, Financial Lines","A three-party guarantee that one party (the principal) will fulfill an obligation to another (the obligee); if not, the surety pays and seeks repayment from the principal.",A contractor's performance bond guarantees completion of a school.,Policy document,"Developers, Underwriters, Product Owners",Intermediate,"principal, obligee, surety, performance-bond, indemnity-agreement",Treasury Circular 570 lists sureties approved for federal bonds.
surplus-lines,Surplus Lines,Excess and Surplus Lines; E&S,Regulation,"Property, Casualty/Liability, Commercial, Specialty","Insurance for risks the standard admitted market won't cover, placed with non-admitted insurers.",A fireworks manufacturer buys GL in the E&S market.,"Regulatory filings, Agent/broker communications","Developers, Underwriters, Product Owners",Intermediate,"non-admitted-insurer, surplus-lines-broker, diligent-search","The Nonadmitted and Reinsurance Reform Act (NRRA, 2010) gives the insured's home state sole authority to tax."
surplus-lines-broker,Surplus Lines Broker,Excess and Surplus Lines Broker,Distribution,"Property, Casualty/Liability, Commercial, Specialty",A specially licensed broker who can place coverage with non-admitted insurers.,A broker places a coastal condo with a surplus lines carrier.,"Agent/broker communications, Regulatory filings","Underwriters, Product Owners",Intermediate,"surplus-lines, non-admitted-insurer, diligent-search",Must file and pay surplus lines taxes in the insured's home state.
surplus-treaty,Surplus Treaty,Surplus Share,Reinsurance,Reinsurance,"A proportional treaty where the reinsurer takes the part of each risk above the insurer's retention line, in proportion.",The insurer keeps $1M per risk and cedes the surplus up to $9M.,Reinsurance contract,"Underwriters, Product Owners",Advanced,"proportional-reinsurance, quota-share, line",
surrender-charge,Surrender Charge,,Line-Specific,Life,A fee charged if you cancel a life policy or annuity in its early years.,"A 7% surrender charge in year one, declining yearly.",Policy document,"Individuals, Developers, Underwriters",Intermediate,"cash-surrender-value, annuity",
survivorship-life,Survivorship Life,Second-to-Die; Joint Last-to-Die,Line-Specific,Life,"A policy on two people that pays only after both have died, often used for estate planning.",A couple buys survivorship life to pay estate taxes.,Policy document,"Individuals, Underwriters, Product Owners",Intermediate,joint-life,
syndicate,Syndicate,,Distribution,"Marine/Aviation/Transit, Specialty, Reinsurance","A group of members at Lloyd's that underwrites insurance together, managed by a managing agent.",Syndicate 2623 writes marine risks.,,"Underwriters, Product Owners",Advanced,lloyds,
table-rating,Table Rating,Substandard Rating,Underwriting,Life,"An extra premium charged for higher-risk life applicants, often in steps of 25% above standard.",Table 4 adds 100% to the standard premium.,Underwriting system,"Developers, Underwriters",Advanced,"risk-class, flat-extra",
tail-coverage,Tail Coverage,Tail,Policy Wording,"Specialty, Financial Lines","Another name for an extended reporting period, bought when a claims-made policy ends.",A physician leaving a practice buys tail coverage.,Policy document,"Individuals, Underwriters",Advanced,"extended-reporting-period, nose-coverage",
technology-errors-omissions,Technology E&O,Tech E&O,Line-Specific,Financial Lines,Professional liability for technology companies whose products or services fail and cause client losses.,A software bug causes a client's billing errors.,Policy document,"Developers, Underwriters, Product Owners",Intermediate,"errors-and-omissions-insurance, cyber-insurance",
telematics,Telematics,,Technology,"Motor, Commercial","Technology that collects driving data like speed, braking and mileage from devices or phones.",A fleet uses telematics to monitor drivers.,,"Developers, Underwriters, Product Owners",Intermediate,usage-based-insurance,
term-life-insurance,Term Life Insurance,Term Insurance,Line-Specific,Life,"Life insurance that covers you for a set period, like 10, 20 or 30 years, and pays only if you die during that time.","A 20-year $500,000 term policy for a young parent.",Policy document,"Individuals, Developers, Underwriters, Product Owners",Beginner,"permanent-life-insurance, level-term, convertible-term",
term-rider,Term Rider,Child Term Rider,Line-Specific,Life,A rider adding term coverage for the insured or family members to a base policy.,"A child term rider covers each child for $10,000.",Policy document,Individuals,Beginner,rider,
territory,Territory,Rating Territory,Underwriting,"Property, Motor, Commercial",A geographic area used as a rating factor because losses differ by location.,Urban ZIP codes are in a higher-rated auto territory.,Rating engine,"Developers, Underwriters, Product Owners",Intermediate,"rating-factor, base-rate",
terrorism-exclusion,Terrorism Exclusion,,Policy Wording,"Property, Casualty/Liability, Commercial",Excludes loss from terrorism when the insured rejects TRIA coverage or for acts outside TRIA.,A policyholder rejected TRIA; terrorism losses excluded.,Policy document,Underwriters,Advanced,terrorism-risk-insurance-act,
terrorism-risk-insurance-act,Terrorism Risk Insurance Act,TRIA; TRIPRA,Regulation,"Property, Casualty/Liability, Commercial",A federal program where the government shares insured losses from certified terrorist attacks above set thresholds; insurers must offer terrorism coverage.,A commercial policyholder accepts or rejects terrorism coverage at binding.,"Policy document, Regulatory filings","Underwriters, Product Owners",Advanced,"war-exclusion, terrorism-exclusion",Reauthorized through 2027.
third-party,Third Party,,Core Concept,"Casualty/Liability, Motor, Commercial",Someone other than you or your insurer who may make a claim against you.,A pedestrian injured by your car is a third party.,"Policy document, Claim documents","Individuals, Developers, Underwriters",Beginner,"first-party-coverage, third-party-coverage, claimant",
third-party-administrator,Third-Party Administrator,TPA,Distribution,All,A company hired to handle claims or administration for an insurer or self-insured organization.,A TPA processes workers' comp claims for a self-insured employer.,,"Developers, Underwriters, Product Owners",Intermediate,"self-insurance, administrative-services-only",Many states license TPAs.
third-party-coverage,Third-Party Coverage,Liability Coverage,Core Concept,"Casualty/Liability, Motor, Commercial, Financial Lines",Insurance that pays others you are legally responsible for injuring or harming.,Your auto liability pays for the other driver's hospital bills.,Policy document,"Individuals, Underwriters, Product Owners",Beginner,"first-party-coverage, liability",
third-party-data,Third-Party Data,Prefill,Technology,All,"Data from outside providers used to prefill applications or enrich underwriting, like property characteristics or driving records.",Prefill fills in square footage and roof age.,"Underwriting system, Rating engine","Developers, Underwriters, Product Owners",Intermediate,"clue-report, motor-vehicle-report",Use of consumer data is regulated by FCRA and state rules.
third-party-epli,Third-Party EPLI,,Policy Wording,Financial Lines,EPLI coverage for discrimination or harassment claims by customers or vendors.,A customer alleges harassment by a salesperson.,Policy document,Underwriters,Advanced,employment-practices-liability,
title-insurance,Title Insurance,,Line-Specific,"Property, Specialty","Protects property buyers and lenders against losses from defects in the property's legal title, like undisclosed liens.",A forged prior deed is discovered after you buy.,Policy document,"Individuals, Underwriters, Product Owners",Intermediate,lienholder,Paid once at closing; rates are regulated or promulgated in some states like Texas.
tobacco-rating,Tobacco Rating,Smoker Rate,Underwriting,"Life, Health",Higher premiums for people who use tobacco or nicotine.,Smokers pay two to three times more for term life.,Rating engine,"Individuals, Developers, Underwriters",Beginner,"risk-class, rating-factor",ACA allows up to 1.5x tobacco surcharge for health plans.
tort,Tort,,Legal/Latin,"Casualty/Liability, Motor, Commercial","A wrongful act, other than a breach of contract, that harms someone and allows them to sue for damages.",Negligent driving that injures a pedestrian is a tort.,Claim documents,"Underwriters, Product Owners",Intermediate,"negligence, liability, damages",
tort-threshold,Tort Threshold,,Legal/Latin,Motor,The level of injury or cost that must be reached before you can sue in a no-fault state.,You can sue only for 'serious injury' in New York.,Policy document,Underwriters,Advanced,no-fault-insurance,
total-incurred,Total Incurred,Incurred Loss,Finance & Actuarial,All,Paid losses plus case reserves for a claim or group of claims.,"Paid $30,000 plus reserve $20,000 equals $50,000 incurred.","Financial statements, Claims system","Developers, Underwriters, Product Owners",Intermediate,"incurred-losses, claim-reserve, paid-losses",
total-loss,Total Loss,Write-Off,Claims,"Property, Motor, Marine/Aviation/Transit",When insured property is destroyed or repair costs exceed its value (or a set percentage of it).,"A car with $9,000 damage worth $10,000 is a total loss.","Claim documents, Claims system","Individuals, Developers, Underwriters",Beginner,"constructive-total-loss, actual-cash-value, salvage, total-loss-threshold",
total-loss-threshold,Total Loss Threshold,TLT,Claims,Motor,The percentage of vehicle value at which a state requires or allows a car to be declared a total loss.,"In a 75% state, $7,500 damage to a $10,000 car is a total loss.",Claims system,"Developers, Underwriters",Intermediate,"total-loss, salvage-title","Set by each state, often 60–100%; some states use a total loss formula."
tower,Tower,Insurance Tower; Program,Reinsurance,"Property, Casualty/Liability, Commercial, Financial Lines",A stack of primary and excess policies providing large total limits.,A company buys a $100M liability tower made of ten layers.,Agent/broker communications,"Underwriters, Product Owners",Advanced,"layer, excess-insurance, attachment-point",
trade-credit-insurance,Trade Credit Insurance,Credit Insurance (Commercial),Line-Specific,Financial Lines,Protects businesses against customers not paying invoices due to insolvency or default.,A supplier is paid when a retailer goes bankrupt.,Policy document,"Underwriters, Product Owners",Advanced,credit-insurance,
transaction-type,Transaction Type,,Technology,All,"The kind of policy change recorded in a system, like new business, endorsement, cancellation, reinstatement or renewal.",A 'REI' transaction reinstates a cancelled policy.,Policy administration system,Developers,Intermediate,"mid-term-adjustment, reinstatement",
travel-insurance,Travel Insurance,,Line-Specific,"Health, Specialty","Covers trip cancellation, medical emergencies abroad, lost luggage and delays.",Illness cancels your cruise and you're reimbursed.,Policy document,"Individuals, Product Owners",Beginner,"trip-cancellation, emergency-medical-evacuation",
treaty-reinsurance,Treaty Reinsurance,Treaty,Reinsurance,Reinsurance,A reinsurance agreement covering a whole class or portfolio of policies automatically.,All homeowners policies in Texas are ceded under one treaty.,Reinsurance contract,"Underwriters, Product Owners",Intermediate,"facultative-reinsurance, quota-share, excess-of-loss",
treaty-renewal-date,Treaty Renewal Date,1/1 Renewal; 6/1 Renewal,Reinsurance,Reinsurance,"Common dates when reinsurance treaties renew, such as January 1 or June 1 (Florida).",Florida insurers buy cat reinsurance at the 6/1 renewals.,Reinsurance contract,Product Owners,Advanced,treaty-reinsurance,
trip-cancellation,Trip Cancellation Insurance,,Policy Wording,Specialty,"Reimburses prepaid, non-refundable trip costs if you must cancel for a covered reason.","A family emergency cancels a $5,000 trip.",Policy document,Individuals,Beginner,"travel-insurance, cancel-for-any-reason",
twisting,Twisting,,Regulation,Life,"Persuading someone to replace an existing policy through misleading comparisons, to the customer's detriment.",An agent exaggerates a new policy's benefits to earn a commission.,Regulatory filings,"Underwriters, Product Owners",Intermediate,"churning, replacement",
ub-04,UB-04,CMS-1450; 837I,Technology,Health,The standard claim form (and 837I electronic equivalent) used by hospitals and other institutions to bill health plans.,A hospital bills a stay on a UB-04.,Claim documents,Developers,Advanced,"cms-1500, edi-837",
uberrimae-fidei,Uberrimae Fidei,,Legal/Latin,All,Latin for 'of the utmost good faith'. It is the legal principle that parties to an insurance contract must disclose all important facts honestly.,"Marine insurance law applies uberrimae fidei strictly, so an undisclosed fact can void the cover.",Policy document,"Underwriters, Product Owners",Advanced,"utmost-good-faith, material-fact, concealment",In the US it is applied strongly in marine insurance under federal maritime law; other lines follow state misrepresentation statutes.
ultimate-loss,Ultimate Loss,Ultimate,Finance & Actuarial,All,The final total cost of all claims for a period once every claim is closed.,Estimated ultimate losses of $80M for accident year 2024.,Financial statements,"Developers, Product Owners",Advanced,"loss-development-factor, ibnr",
umbrella-insurance,Umbrella Insurance,Umbrella Policy; Personal Umbrella,Line-Specific,"Casualty/Liability, Motor, Commercial","Extra liability coverage above your auto, home or business liability policies, which may also cover some gaps.",A $1M personal umbrella pays after your auto limit is used up.,Policy document,"Individuals, Developers, Underwriters, Product Owners",Beginner,"excess-insurance, drop-down, underlying-insurance",
umpire,Umpire,,Claims,Property,A neutral person who decides amounts on which the two appraisers can't agree.,"The umpire sides with your appraiser's $18,000 estimate.",Claim documents,Underwriters,Advanced,appraisal-clause,
unallocated-loss-adjustment-expense,Unallocated Loss Adjustment Expense,ULAE; AO (Adjusting and Other),Finance & Actuarial,All,"General claim department costs that can't be tied to a specific claim, such as salaries and office rent.",Claims staff salaries are ULAE.,Financial statements,"Developers, Underwriters",Advanced,"loss-adjustment-expense, allocated-loss-adjustment-expense",
underinsurance,Underinsurance,,Underwriting,"Property, Commercial","Having insurance limits lower than the true value of the property, which can reduce claim payments.","A house worth $400,000 insured for $250,000 is underinsured.",Underwriting system,"Individuals, Underwriters, Product Owners",Intermediate,"coinsurance-clause, insurance-to-value, average",
underinsured-motorist-coverage,Underinsured Motorist Coverage,UIM,Policy Wording,Motor,Pays when the at-fault driver's insurance isn't enough to cover your injuries.,"The other driver has $25,000 limits; your UIM covers the rest.",Declarations page,"Individuals, Developers",Intermediate,uninsured-motorist-coverage,
underlying-insurance,Underlying Insurance,Schedule of Underlying,Policy Wording,"Casualty/Liability, Commercial",The primary policies that must be in place beneath an umbrella or excess policy.,An umbrella requires $250k/$500k auto liability underneath.,Declarations page,"Developers, Underwriters",Intermediate,"umbrella-insurance, excess-insurance",
underwriter,Underwriter,,Underwriting,All,The person who evaluates risks and decides whether and how to insure them.,A commercial underwriter approves a warehouse policy with a sprinkler warranty.,Underwriting system,"Individuals, Developers, Underwriters, Product Owners",Beginner,"underwriting, underwriting-authority",
underwriting,Underwriting,,Underwriting,All,The process of evaluating a risk to decide whether to insure it and on what terms and price.,An underwriter reviews a restaurant's fire safety and loss history.,Underwriting system,"Individuals, Developers, Underwriters, Product Owners",Beginner,"underwriter, underwriting-guidelines, risk-selection, rate",
underwriting-authority,Underwriting Authority,Binding Authority; Letter of Authority,Underwriting,All,The limits within which an underwriter or agent can accept risks without approval from someone higher up.,A junior underwriter can approve policies up to $1M limit.,Underwriting system,"Developers, Underwriters, Product Owners",Intermediate,"referral, binding-authority, managing-general-agent",
underwriting-cycle,Underwriting Cycle,Insurance Cycle,Finance & Actuarial,All,The repeating pattern of hard and soft markets in the insurance industry.,"Profits attract capital, prices fall, losses follow, then prices rise again.",,"Underwriters, Product Owners",Advanced,"hard-market, soft-market",
underwriting-guidelines,Underwriting Guidelines,Underwriting Manual,Underwriting,All,"An insurer's rules for which risks it accepts, declines or refers, and on what terms.",The guidelines decline homes with roofs older than 20 years.,Underwriting system,"Developers, Underwriters, Product Owners",Intermediate,"underwriting, risk-appetite, referral",
underwriting-profit,Underwriting Profit,Underwriting Result,Finance & Actuarial,All,"Earned premium minus losses and expenses, excluding investment income.",$100M premium minus $95M losses and expenses is $5M profit.,Financial statements,"Underwriters, Product Owners",Intermediate,"combined-ratio, investment-income, operating-ratio",
underwriting-rules-engine,Underwriting Rules Engine,Rules Engine,Technology,All,"Software that automatically applies underwriting rules to accept, decline or refer risks.",Rule: refer any home built before 1950.,Underwriting system,"Developers, Underwriters, Product Owners",Intermediate,"referral, straight-through-processing",
underwriting-workbench,Underwriting Workbench,,Technology,All,"A tool bringing together submissions, data, rules and workflow for underwriters in one place.",An underwriter reviews a submission and third-party data on one screen.,Underwriting system,"Developers, Underwriters, Product Owners",Intermediate,"underwriting-rules-engine, submission",
underwriting-year,Underwriting Year,Year of Account,Reinsurance,"Marine/Aviation/Transit, Specialty, Reinsurance",The year a reinsurance or London-style contract incepts; all its results are grouped to that year.,Lloyd's syndicates close years of account after three years.,"Financial statements, Reinsurance contract","Developers, Product Owners",Advanced,policy-year,
unearned-premium,Unearned Premium,,Finance & Actuarial,All,The part of the premium for the time remaining on the policy; it would be refunded if the policy were cancelled.,"After 3 months on a $1,200 annual policy, $900 is unearned.",Financial statements,"Developers, Underwriters, Product Owners",Intermediate,"earned-premium, unearned-premium-reserve, return-premium",
unearned-premium-reserve,Unearned Premium Reserve,UPR,Finance & Actuarial,All,A liability on the insurer's balance sheet equal to all unearned premium.,An insurer holds $400M in UPR.,Financial statements,"Developers, Product Owners",Advanced,"unearned-premium, reserves",
unemployment-insurance,Unemployment Insurance,UI,Line-Specific,Social/Government,A joint federal-state program paying temporary income to workers who lose jobs through no fault of their own.,A laid-off worker receives weekly benefits.,,"Individuals, Product Owners",Beginner,,Each state runs its own program funded by employer taxes.
unfair-claims-settlement-practices,Unfair Claims Settlement Practices,,Regulation,All,"State laws listing prohibited claim behaviors by insurers, like misrepresenting coverage or delaying payment unreasonably.",An insurer fined for not responding to claims within the required time.,Regulatory filings,"Developers, Underwriters, Product Owners",Intermediate,"bad-faith, market-conduct-examination",Based on an NAIC model act adopted in some form by nearly all states.
unfair-discrimination,Unfair Discrimination,,Regulation,All,"Charging different rates or treating people differently without a sound actuarial basis, or based on protected traits like race.",Pricing based on religion would be unfair discrimination.,Regulatory filings,"Developers, Underwriters, Product Owners",Advanced,"rating-factor, unfair-trade-practices","Some states regulate AI and big data use in insurance, e.g., Colorado SB21-169."
unfair-trade-practices,Unfair Trade Practices,,Regulation,All,"Prohibited behaviors in selling insurance, such as misrepresentation, rebating and unfair discrimination.",An agent promises a policy is 'guaranteed to double'.,Regulatory filings,"Developers, Underwriters, Product Owners",Intermediate,"rebating, twisting, churning",
unilateral-contract,Unilateral Contract,,Legal/Latin,All,A contract where only one side (the insurer) makes enforceable promises; the policyholder need not keep paying.,"You can stop paying premiums, but the insurer can't stop paying valid claims while the policy is in force.",,Underwriters,Advanced,aleatory-contract,
uninsured-motorist-coverage,Uninsured Motorist Coverage,UM,Policy Wording,Motor,Pays for your injuries (and in some states damage) when a driver without insurance or a hit-and-run driver is at fault.,A hit-and-run driver injures you; UM pays your medical costs.,Declarations page,"Individuals, Developers",Beginner,underinsured-motorist-coverage,Required in about 20 states; must be offered in most others.
universal-life-insurance,Universal Life Insurance,UL,Line-Specific,Life,"Permanent life insurance with flexible premiums and death benefit, where cash value earns interest set by the insurer.",You pay less in a tight year as long as cash value covers costs.,Policy document,"Individuals, Developers, Underwriters, Product Owners",Intermediate,"permanent-life-insurance, cost-of-insurance, indexed-universal-life",
usage-based-insurance,Usage-Based Insurance,UBI; Telematics; Pay-As-You-Drive,Underwriting,Motor,"Auto insurance priced using data about how and how much you drive, from an app or device.",Safe braking earns a 20% discount.,Rating engine,"Individuals, Developers, Underwriters, Product Owners",Intermediate,"telematics, rating-factor",
use-and-file,Use and File,,Regulation,All,Insurers can start using rates and then file them within a set time.,Rates used immediately and filed within 30 days.,Regulatory filings,"Underwriters, Product Owners",Advanced,"file-and-use, prior-approval",
usl-h,USL&H,Longshore and Harbor Workers' Compensation Act,Line-Specific,"Commercial, Marine/Aviation/Transit",Federal workers' compensation for maritime workers such as dockworkers and ship repairers.,A shipyard worker's injury is covered under USL&H.,Policy document,Underwriters,Advanced,"jones-act, workers-compensation-insurance",
usual-customary-reasonable,"Usual, Customary and Reasonable",UCR,Line-Specific,Health,"The amount a plan considers normal for a service in an area, used to pay out-of-network claims.",The plan pays out-of-network based on UCR of $150.,Explanation of benefits,"Developers, Underwriters",Advanced,"allowed-amount, balance-billing",
utilization-review,Utilization Review,UR,Line-Specific,Health,The plan's review of whether care is medically necessary and appropriate.,A nurse reviews whether a hospital stay should continue.,Claims system,"Developers, Underwriters",Advanced,"prior-authorization, medical-necessity",
utmost-good-faith,Utmost Good Faith,Uberrimae Fidei,Core Concept,All,"Both you and the insurer must be completely honest with each other, especially about facts that affect the risk.",Hiding that you smoke on a life application breaks this duty and may void the policy.,"Application form, Policy document","Individuals, Underwriters, Product Owners",Beginner,"uberrimae-fidei, material-fact, misrepresentation, concealment, duty-of-disclosure",
vacancy-clause,Vacancy Clause,Vacancy Provision,Policy Wording,"Property, Commercial","Reduces or removes coverage if a building is vacant for longer than a set period, often 60 days.",A house empty for 90 days loses coverage for vandalism.,Policy document,"Individuals, Underwriters",Intermediate,"occupancy, exclusion",
value-based-care,Value-Based Care,,Line-Specific,Health,Payment models that reward providers for quality and outcomes rather than volume.,A provider earns bonuses for reducing hospital readmissions.,,"Developers, Product Owners",Advanced,"fee-for-service, capitation",
valued-policy,Valued Policy,,Policy Wording,"Life, Property, Marine/Aviation/Transit","A policy that pays a fixed, pre-agreed amount for a total loss, regardless of actual value at the time.","A life policy pays $500,000 at death; nobody measures the 'value' of the loss.",Policy document,"Underwriters, Product Owners",Intermediate,"agreed-value, indemnity",Several states have 'valued policy laws' requiring full face payment for total fire losses on buildings.
variable-annuity,Variable Annuity,VA,Line-Specific,Life,An annuity where money is invested in sub-accounts and value rises or falls with markets.,A VA invested in bond and stock funds.,Policy document,"Individuals, Underwriters, Product Owners",Advanced,"sub-account, guaranteed-living-benefit, registered-index-linked-annuity",Regulated as a security by the SEC/FINRA and by states.
variable-life-insurance,Variable Life Insurance,,Line-Specific,Life,Permanent life insurance whose cash value and sometimes death benefit depend on investment sub-accounts.,Your policy value falls when the market drops.,Policy document,"Individuals, Underwriters, Product Owners",Advanced,"variable-universal-life, sub-account",Sellers need a securities license.
variable-universal-life,Variable Universal Life,VUL,Line-Specific,Life,"Universal life where cash value is invested in sub-accounts like mutual funds, with investment risk on the policyowner.",Cash value rises and falls with chosen stock funds.,Policy document,"Individuals, Underwriters, Product Owners",Advanced,"variable-life-insurance, sub-account, universal-life-insurance",Regulated as a security by the SEC and FINRA as well as by states.
symbol-rating,Vehicle Symbol,Vehicle Rating Symbol,Underwriting,Motor,"A code assigned to each vehicle model reflecting its loss costs, used to price physical damage and liability.",A sports car has a higher symbol than a minivan.,Rating engine,"Developers, Underwriters",Advanced,"vin, rating-factor",ISO and insurer proprietary symbols are used.
viatical-settlement,Viatical Settlement,,Line-Specific,Life,Selling the life policy of a terminally or chronically ill person to a third party.,A terminally ill person sells their policy for 70% of face.,,"Individuals, Underwriters",Advanced,life-settlement,
vicarious-liability,Vicarious Liability,,Legal/Latin,"Casualty/Liability, Motor, Commercial","Being held responsible for harm caused by someone else, such as an employee.",An employer is liable when its delivery driver causes a crash on the job.,Claim documents,Underwriters,Advanced,"respondeat-superior, liability",
vin,VIN,Vehicle Identification Number,Technology,Motor,"A unique 17-character code identifying a vehicle, used for rating and claims.","The VIN decoder fills in make, model and year.","Application form, Declarations page","Developers, Underwriters",Beginner,symbol-rating,
vision-insurance,Vision Insurance,,Line-Specific,Health,"Coverage for eye exams, glasses and contact lenses.",A $10 eye exam and $150 allowance for frames.,Policy document,Individuals,Beginner,dental-insurance,
void-policy,Void Policy,,Lifecycle,All,"A policy that has no legal effect at all, as if it never existed.",A policy on property you have no insurable interest in is void.,Policy document,Underwriters,Intermediate,"voidable-policy, rescission, ab-initio",
voidable-policy,Voidable Policy,,Lifecycle,All,"A valid policy that one party may choose to cancel because of a problem, like a misrepresentation.",The insurer may void the policy after discovering the applicant lied.,Policy document,Underwriters,Advanced,"void-policy, rescission",
waiting-period,Waiting Period,Elimination Period,Policy Wording,"Life, Health, Property, Specialty",A time that must pass before benefits begin or before coverage takes effect.,A disability policy with a 90-day elimination period pays starting on day 91.,Policy document,"Individuals, Underwriters, Product Owners",Beginner,elimination-period,
waiver,Waiver,,Legal/Latin,All,Voluntarily giving up a known right.,An insurer that pays a late-reported claim without objection may have waived the notice requirement.,Policy document,Underwriters,Advanced,estoppel,
waiver-of-premium-rider,Waiver of Premium Rider,,Line-Specific,"Life, Health",A rider that stops premiums from being due if you become disabled.,"After a stroke, your premiums are waived.",Policy document,"Individuals, Underwriters",Intermediate,"rider, disability-insurance",
waiver-of-subrogation,Waiver of Subrogation,,Policy Wording,"Property, Casualty/Liability, Commercial",An agreement that the insurer will not seek recovery from a certain party after paying a claim.,A lease requires both landlord and tenant insurers to waive subrogation.,Policy document,"Underwriters, Product Owners",Advanced,"subrogation, endorsement",
war-exclusion,War Exclusion,,Policy Wording,All,"Excludes losses caused by war, invasion or military action.",Damage from an act of war is not covered.,Policy document,"Underwriters, Product Owners",Intermediate,"exclusion, terrorism-risk-insurance-act",
war-risk-insurance,War Risk Insurance,,Line-Specific,"Marine/Aviation/Transit, Specialty","Separate coverage for ships, cargo or aircraft against war and related perils excluded from standard policies.",A tanker transiting a conflict zone buys war cover.,Policy document,Underwriters,Advanced,war-exclusion,
warehouse-to-warehouse,Warehouse to Warehouse Clause,,Policy Wording,Marine/Aviation/Transit,"Extends cargo coverage from the seller's warehouse to the buyer's final warehouse, including land transit.",Goods covered from a factory in China to a store in Chicago.,Policy document,Underwriters,Advanced,cargo-insurance,
warranty,Warranty,,Policy Wording,"Property, Commercial, Marine/Aviation/Transit",A promise by the insured that certain facts are true or that certain things will or won't be done. Breaking it can void coverage.,A jewelry store warrants that its alarm will be on whenever it is closed.,Policy document,"Underwriters, Product Owners",Advanced,"representation, condition-precedent",Many states soften strict warranty law so a breach only voids coverage if it increased the risk or contributed to the loss.
water-backup-coverage,Water Backup Coverage,Sewer Backup Endorsement,Policy Wording,Property,Optional coverage for water that backs up through sewers or drains or overflows from a sump pump.,Covers a flooded basement from a failed sump pump.,Policy document,"Individuals, Underwriters",Beginner,"flood-exclusion, endorsement",
wear-and-tear,Wear and Tear,,Policy Wording,"Property, Motor, Marine/Aviation/Transit",Gradual damage from ordinary use and age. It is almost always excluded.,A worn-out carpet is not covered because it is wear and tear.,Policy document,"Individuals, Underwriters",Beginner,"inherent-vice, exclusion",
wedding-insurance,Wedding Insurance,Special Event Insurance,Line-Specific,Specialty,Covers cancellation costs and liability for weddings and private events.,A venue closes unexpectedly.,Policy document,Individuals,Beginner,event-cancellation-insurance,
whole-life-insurance,Whole Life Insurance,Ordinary Life,Line-Specific,Life,"Permanent life insurance with fixed premiums, a guaranteed death benefit and guaranteed cash value growth.","A $100,000 whole life policy with level premiums for life.",Policy document,"Individuals, Developers, Underwriters, Product Owners",Beginner,"permanent-life-insurance, cash-value, dividend, participating-policy",
wholesale-broker,Wholesale Broker,Wholesaler,Distribution,"Property, Casualty/Liability, Commercial, Specialty",A broker who helps retail agents access specialty or surplus lines insurers.,A retail agent uses a wholesaler to place a hard-to-insure nightclub.,Agent/broker communications,"Underwriters, Product Owners",Intermediate,"surplus-lines-broker, retail-agent, managing-general-agent",
wildfire-risk-score,Wildfire Risk Score,,Underwriting,Property,"A score estimating a property's exposure to wildfire, used in underwriting and pricing.",A home near dense brush receives a high wildfire score.,Underwriting system,"Developers, Underwriters",Intermediate,"catastrophe-model, non-renewal",California requires insurers to consider mitigation (Safer from Wildfires).
wind-mitigation,Wind Mitigation,Wind Mitigation Inspection,Underwriting,Property,"Features that reduce hurricane damage, like hurricane straps and impact windows, which can earn premium discounts.",A wind mitigation report saves 20% on a Florida premium.,Underwriting system,"Individuals, Underwriters",Intermediate,"hurricane-deductible, inspection",Florida law requires insurers to offer wind mitigation discounts.
windstorm-pool,Windstorm Insurance Pool,Beach Plan; TWIA,Regulation,Property,State-created insurers that provide wind coverage in coastal areas where private insurers won't.,The Texas Windstorm Insurance Association covers a Galveston home.,Regulatory filings,"Individuals, Underwriters",Intermediate,"residual-market, fair-plan",
workers-compensation-insurance,Workers' Compensation Insurance,Workers' Comp; WC,Line-Specific,"Casualty/Liability, Commercial, Social/Government","Insurance that pays medical care and lost wages for employees injured on the job, regardless of fault, in exchange for limiting lawsuits.",An employee injured lifting boxes gets medical care and wage replacement.,Policy document,"Individuals, Developers, Underwriters, Product Owners",Beginner,"employers-liability, exclusive-remedy, experience-modification-factor, class-code","Required by state law (Texas lets employers opt out); North Dakota, Ohio, Washington and Wyoming have monopolistic state funds."
write-your-own,Write Your Own Program,WYO,Distribution,"Property, Social/Government",An NFIP arrangement where private insurers sell and service federal flood policies under their own name.,Your auto insurer also issues your NFIP flood policy.,,"Developers, Underwriters, Product Owners",Advanced,national-flood-insurance-program,
written-premium,Written Premium,Gross Written Premium; GWP,Finance & Actuarial,All,"The total premium on policies issued during a period, whether or not it has been earned yet.",Policies sold in 2025 total $50M written premium.,Financial statements,"Developers, Underwriters, Product Owners",Intermediate,"earned-premium, unearned-premium, net-written-premium",
wrongful-act,Wrongful Act,,Policy Wording,Financial Lines,"The trigger for management and professional liability: an actual or alleged error, omission, misstatement or breach of duty.",A board allegedly misled investors.,Policy document,Underwriters,Intermediate,"directors-and-officers-liability, errors-and-omissions-insurance",
yacht-insurance,Yacht Insurance,Boat Insurance; Watercraft,Line-Specific,Marine/Aviation/Transit,Covers personal boats for damage and liability.,A sailboat damaged in a storm.,Policy document,Individuals,Beginner,hull-insurance,
yield-protection,Yield Protection,YP,Line-Specific,Agriculture,A federal crop policy covering loss of production (yield) below a guaranteed level.,Hail cuts wheat yield by 40%.,Policy document,Underwriters,Advanced,"revenue-protection, actual-production-history",
york-antwerp-rules,York-Antwerp Rules,,Legal/Latin,Marine/Aviation/Transit,International rules for calculating general average contributions.,The adjuster applies the York-Antwerp Rules 2016.,Policy document,Underwriters,Advanced,general-average,
